run_id,case_id,case_index,family,n,seed,sequence_sha256,case_execution_position,category,upper_interval_count,lower_interval_count,total_interval_count,upper_root_count,lower_root_count,nesting_count,nesting_density,max_depth,execution_mode,record_trace,count_operations,validate_backend_commits,run_index,measured_round,mode_position,time_ns,oracle_valid,output_correct,audit_passed,error
week10_contamination_full_20260728,incremental_valid_n256_002,18,incremental_valid,256,20516725,94568807b8a663e2527ac0a90cef9359ccc8ba493256c1bd97458869060242c4,1,nested_heavy_valid,128,127,255,1,3,251,0.984313725490196,59,instrumented,True,True,False,1,1,1,10839042,True,True,True,
week10_contamination_full_20260728,incremental_valid_n256_002,18,incremental_valid,256,20516725,94568807b8a663e2527ac0a90cef9359ccc8ba493256c1bd97458869060242c4,1,nested_heavy_valid,128,127,255,1,3,251,0.984313725490196,59,counters_only,False,True,False,1,1,2,10014417,True,True,True,
week10_contamination_full_20260728,incremental_valid_n256_002,18,incremental_valid,256,20516725,94568807b8a663e2527ac0a90cef9359ccc8ba493256c1bd97458869060242c4,1,nested_heavy_valid,128,127,255,1,3,251,0.984313725490196,59,checked,True,True,True,1,1,3,88622792,True,True,True,
week10_contamination_full_20260728,incremental_valid_n256_002,18,incremental_valid,256,20516725,94568807b8a663e2527ac0a90cef9359ccc8ba493256c1bd97458869060242c4,1,nested_heavy_valid,128,127,255,1,3,251,0.984313725490196,59,minimal,False,False,False,1,1,4,9779875,True,True,True,
week10_contamination_full_20260728,incremental_valid_n256_002,18,incremental_valid,256,20516725,94568807b8a663e2527ac0a90cef9359ccc8ba493256c1bd97458869060242c4,1,nested_heavy_valid,128,127,255,1,3,251,0.984313725490196,59,trace_only,True,False,False,1,1,5,11691334,True,True,True,
week10_contamination_full_20260728,incremental_valid_n256_002,18,incremental_valid,256,20516725,94568807b8a663e2527ac0a90cef9359ccc8ba493256c1bd97458869060242c4,1,nested_heavy_valid,128,127,255,1,3,251,0.984313725490196,59,counters_only,False,True,False,2,2,1,9653333,True,True,True,
week10_contamination_full_20260728,incremental_valid_n256_002,18,incremental_valid,256,20516725,94568807b8a663e2527ac0a90cef9359ccc8ba493256c1bd97458869060242c4,1,nested_heavy_valid,128,127,255,1,3,251,0.984313725490196,59,checked,True,True,True,2,2,2,87584792,True,True,True,
week10_contamination_full_20260728,incremental_valid_n256_002,18,incremental_valid,256,20516725,94568807b8a663e2527ac0a90cef9359ccc8ba493256c1bd97458869060242c4,1,nested_heavy_valid,128,127,255,1,3,251,0.984313725490196,59,minimal,False,False,False,2,2,3,9953000,True,True,True,
week10_contamination_full_20260728,incremental_valid_n256_002,18,incremental_valid,256,20516725,94568807b8a663e2527ac0a90cef9359ccc8ba493256c1bd97458869060242c4,1,nested_heavy_valid,128,127,255,1,3,251,0.984313725490196,59,trace_only,True,False,False,2,2,4,10281834,True,True,True,
week10_contamination_full_20260728,incremental_valid_n256_002,18,incremental_valid,256,20516725,94568807b8a663e2527ac0a90cef9359ccc8ba493256c1bd97458869060242c4,1,nested_heavy_valid,128,127,255,1,3,251,0.984313725490196,59,instrumented,True,True,False,2,2,5,10705875,True,True,True,
week10_contamination_full_20260728,incremental_valid_n256_002,18,incremental_valid,256,20516725,94568807b8a663e2527ac0a90cef9359ccc8ba493256c1bd97458869060242c4,1,nested_heavy_valid,128,127,255,1,3,251,0.984313725490196,59,checked,True,True,True,3,3,1,87682875,True,True,True,
week10_contamination_full_20260728,incremental_valid_n256_002,18,incremental_valid,256,20516725,94568807b8a663e2527ac0a90cef9359ccc8ba493256c1bd97458869060242c4,1,nested_heavy_valid,128,127,255,1,3,251,0.984313725490196,59,minimal,False,False,False,3,3,2,10049458,True,True,True,
week10_contamination_full_20260728,incremental_valid_n256_002,18,incremental_valid,256,20516725,94568807b8a663e2527ac0a90cef9359ccc8ba493256c1bd97458869060242c4,1,nested_heavy_valid,128,127,255,1,3,251,0.984313725490196,59,trace_only,True,False,False,3,3,3,10915792,True,True,True,
week10_contamination_full_20260728,incremental_valid_n256_002,18,incremental_valid,256,20516725,94568807b8a663e2527ac0a90cef9359ccc8ba493256c1bd97458869060242c4,1,nested_heavy_valid,128,127,255,1,3,251,0.984313725490196,59,instrumented,True,True,False,3,3,4,13225416,True,True,True,
week10_contamination_full_20260728,incremental_valid_n256_002,18,incremental_valid,256,20516725,94568807b8a663e2527ac0a90cef9359ccc8ba493256c1bd97458869060242c4,1,nested_heavy_valid,128,127,255,1,3,251,0.984313725490196,59,counters_only,False,True,False,3,3,5,10441542,True,True,True,
week10_contamination_full_20260728,incremental_valid_n256_002,18,incremental_valid,256,20516725,94568807b8a663e2527ac0a90cef9359ccc8ba493256c1bd97458869060242c4,1,nested_heavy_valid,128,127,255,1,3,251,0.984313725490196,59,minimal,False,False,False,4,4,1,9811334,True,True,True,
week10_contamination_full_20260728,incremental_valid_n256_002,18,incremental_valid,256,20516725,94568807b8a663e2527ac0a90cef9359ccc8ba493256c1bd97458869060242c4,1,nested_heavy_valid,128,127,255,1,3,251,0.984313725490196,59,trace_only,True,False,False,4,4,2,10426917,True,True,True,
week10_contamination_full_20260728,incremental_valid_n256_002,18,incremental_valid,256,20516725,94568807b8a663e2527ac0a90cef9359ccc8ba493256c1bd97458869060242c4,1,nested_heavy_valid,128,127,255,1,3,251,0.984313725490196,59,instrumented,True,True,False,4,4,3,10549792,True,True,True,
week10_contamination_full_20260728,incremental_valid_n256_002,18,incremental_valid,256,20516725,94568807b8a663e2527ac0a90cef9359ccc8ba493256c1bd97458869060242c4,1,nested_heavy_valid,128,127,255,1,3,251,0.984313725490196,59,counters_only,False,True,False,4,4,4,9800542,True,True,True,
week10_contamination_full_20260728,incremental_valid_n256_002,18,incremental_valid,256,20516725,94568807b8a663e2527ac0a90cef9359ccc8ba493256c1bd97458869060242c4,1,nested_heavy_valid,128,127,255,1,3,251,0.984313725490196,59,checked,True,True,True,4,4,5,88704667,True,True,True,
week10_contamination_full_20260728,incremental_valid_n256_002,18,incremental_valid,256,20516725,94568807b8a663e2527ac0a90cef9359ccc8ba493256c1bd97458869060242c4,1,nested_heavy_valid,128,127,255,1,3,251,0.984313725490196,59,trace_only,True,False,False,5,5,1,12401500,True,True,True,
week10_contamination_full_20260728,incremental_valid_n256_002,18,incremental_valid,256,20516725,94568807b8a663e2527ac0a90cef9359ccc8ba493256c1bd97458869060242c4,1,nested_heavy_valid,128,127,255,1,3,251,0.984313725490196,59,instrumented,True,True,False,5,5,2,10682833,True,True,True,
week10_contamination_full_20260728,incremental_valid_n256_002,18,incremental_valid,256,20516725,94568807b8a663e2527ac0a90cef9359ccc8ba493256c1bd97458869060242c4,1,nested_heavy_valid,128,127,255,1,3,251,0.984313725490196,59,counters_only,False,True,False,5,5,3,10015541,True,True,True,
week10_contamination_full_20260728,incremental_valid_n256_002,18,incremental_valid,256,20516725,94568807b8a663e2527ac0a90cef9359ccc8ba493256c1bd97458869060242c4,1,nested_heavy_valid,128,127,255,1,3,251,0.984313725490196,59,checked,True,True,True,5,5,4,87956916,True,True,True,
week10_contamination_full_20260728,incremental_valid_n256_002,18,incremental_valid,256,20516725,94568807b8a663e2527ac0a90cef9359ccc8ba493256c1bd97458869060242c4,1,nested_heavy_valid,128,127,255,1,3,251,0.984313725490196,59,minimal,False,False,False,5,5,5,9629417,True,True,True,
week10_contamination_full_20260728,incremental_valid_n256_002,18,incremental_valid,256,20516725,94568807b8a663e2527ac0a90cef9359ccc8ba493256c1bd97458869060242c4,1,nested_heavy_valid,128,127,255,1,3,251,0.984313725490196,59,instrumented,True,True,False,6,6,1,10730333,True,True,True,
week10_contamination_full_20260728,incremental_valid_n256_002,18,incremental_valid,256,20516725,94568807b8a663e2527ac0a90cef9359ccc8ba493256c1bd97458869060242c4,1,nested_heavy_valid,128,127,255,1,3,251,0.984313725490196,59,counters_only,False,True,False,6,6,2,9784708,True,True,True,
week10_contamination_full_20260728,incremental_valid_n256_002,18,incremental_valid,256,20516725,94568807b8a663e2527ac0a90cef9359ccc8ba493256c1bd97458869060242c4,1,nested_heavy_valid,128,127,255,1,3,251,0.984313725490196,59,checked,True,True,True,6,6,3,87620625,True,True,True,
week10_contamination_full_20260728,incremental_valid_n256_002,18,incremental_valid,256,20516725,94568807b8a663e2527ac0a90cef9359ccc8ba493256c1bd97458869060242c4,1,nested_heavy_valid,128,127,255,1,3,251,0.984313725490196,59,minimal,False,False,False,6,6,4,11274375,True,True,True,
week10_contamination_full_20260728,incremental_valid_n256_002,18,incremental_valid,256,20516725,94568807b8a663e2527ac0a90cef9359ccc8ba493256c1bd97458869060242c4,1,nested_heavy_valid,128,127,255,1,3,251,0.984313725490196,59,trace_only,True,False,False,6,6,5,10271958,True,True,True,
week10_contamination_full_20260728,incremental_valid_n256_002,18,incremental_valid,256,20516725,94568807b8a663e2527ac0a90cef9359ccc8ba493256c1bd97458869060242c4,1,nested_heavy_valid,128,127,255,1,3,251,0.984313725490196,59,counters_only,False,True,False,7,7,1,9817083,True,True,True,
week10_contamination_full_20260728,incremental_valid_n256_002,18,incremental_valid,256,20516725,94568807b8a663e2527ac0a90cef9359ccc8ba493256c1bd97458869060242c4,1,nested_heavy_valid,128,127,255,1,3,251,0.984313725490196,59,checked,True,True,True,7,7,2,87321500,True,True,True,
week10_contamination_full_20260728,incremental_valid_n256_002,18,incremental_valid,256,20516725,94568807b8a663e2527ac0a90cef9359ccc8ba493256c1bd97458869060242c4,1,nested_heavy_valid,128,127,255,1,3,251,0.984313725490196,59,minimal,False,False,False,7,7,3,9828875,True,True,True,
week10_contamination_full_20260728,incremental_valid_n256_002,18,incremental_valid,256,20516725,94568807b8a663e2527ac0a90cef9359ccc8ba493256c1bd97458869060242c4,1,nested_heavy_valid,128,127,255,1,3,251,0.984313725490196,59,trace_only,True,False,False,7,7,4,10401958,True,True,True,
week10_contamination_full_20260728,incremental_valid_n256_002,18,incremental_valid,256,20516725,94568807b8a663e2527ac0a90cef9359ccc8ba493256c1bd97458869060242c4,1,nested_heavy_valid,128,127,255,1,3,251,0.984313725490196,59,instrumented,True,True,False,7,7,5,10051750,True,True,True,
week10_contamination_full_20260728,incremental_valid_n256_002,18,incremental_valid,256,20516725,94568807b8a663e2527ac0a90cef9359ccc8ba493256c1bd97458869060242c4,1,nested_heavy_valid,128,127,255,1,3,251,0.984313725490196,59,checked,True,True,True,8,8,1,84944292,True,True,True,
week10_contamination_full_20260728,incremental_valid_n256_002,18,incremental_valid,256,20516725,94568807b8a663e2527ac0a90cef9359ccc8ba493256c1bd97458869060242c4,1,nested_heavy_valid,128,127,255,1,3,251,0.984313725490196,59,minimal,False,False,False,8,8,2,10986667,True,True,True,
week10_contamination_full_20260728,incremental_valid_n256_002,18,incremental_valid,256,20516725,94568807b8a663e2527ac0a90cef9359ccc8ba493256c1bd97458869060242c4,1,nested_heavy_valid,128,127,255,1,3,251,0.984313725490196,59,trace_only,True,False,False,8,8,3,10552542,True,True,True,
week10_contamination_full_20260728,incremental_valid_n256_002,18,incremental_valid,256,20516725,94568807b8a663e2527ac0a90cef9359ccc8ba493256c1bd97458869060242c4,1,nested_heavy_valid,128,127,255,1,3,251,0.984313725490196,59,instrumented,True,True,False,8,8,4,10268667,True,True,True,
week10_contamination_full_20260728,incremental_valid_n256_002,18,incremental_valid,256,20516725,94568807b8a663e2527ac0a90cef9359ccc8ba493256c1bd97458869060242c4,1,nested_heavy_valid,128,127,255,1,3,251,0.984313725490196,59,counters_only,False,True,False,8,8,5,9897500,True,True,True,
week10_contamination_full_20260728,incremental_valid_n256_002,18,incremental_valid,256,20516725,94568807b8a663e2527ac0a90cef9359ccc8ba493256c1bd97458869060242c4,1,nested_heavy_valid,128,127,255,1,3,251,0.984313725490196,59,minimal,False,False,False,9,9,1,9405209,True,True,True,
week10_contamination_full_20260728,incremental_valid_n256_002,18,incremental_valid,256,20516725,94568807b8a663e2527ac0a90cef9359ccc8ba493256c1bd97458869060242c4,1,nested_heavy_valid,128,127,255,1,3,251,0.984313725490196,59,trace_only,True,False,False,9,9,2,10571125,True,True,True,
week10_contamination_full_20260728,incremental_valid_n256_002,18,incremental_valid,256,20516725,94568807b8a663e2527ac0a90cef9359ccc8ba493256c1bd97458869060242c4,1,nested_heavy_valid,128,127,255,1,3,251,0.984313725490196,59,instrumented,True,True,False,9,9,3,10654167,True,True,True,
week10_contamination_full_20260728,incremental_valid_n256_002,18,incremental_valid,256,20516725,94568807b8a663e2527ac0a90cef9359ccc8ba493256c1bd97458869060242c4,1,nested_heavy_valid,128,127,255,1,3,251,0.984313725490196,59,counters_only,False,True,False,9,9,4,9292875,True,True,True,
week10_contamination_full_20260728,incremental_valid_n256_002,18,incremental_valid,256,20516725,94568807b8a663e2527ac0a90cef9359ccc8ba493256c1bd97458869060242c4,1,nested_heavy_valid,128,127,255,1,3,251,0.984313725490196,59,checked,True,True,True,9,9,5,85925791,True,True,True,
week10_contamination_full_20260728,incremental_valid_n256_002,18,incremental_valid,256,20516725,94568807b8a663e2527ac0a90cef9359ccc8ba493256c1bd97458869060242c4,1,nested_heavy_valid,128,127,255,1,3,251,0.984313725490196,59,trace_only,True,False,False,10,10,1,10244584,True,True,True,
week10_contamination_full_20260728,incremental_valid_n256_002,18,incremental_valid,256,20516725,94568807b8a663e2527ac0a90cef9359ccc8ba493256c1bd97458869060242c4,1,nested_heavy_valid,128,127,255,1,3,251,0.984313725490196,59,instrumented,True,True,False,10,10,2,10280833,True,True,True,
week10_contamination_full_20260728,incremental_valid_n256_002,18,incremental_valid,256,20516725,94568807b8a663e2527ac0a90cef9359ccc8ba493256c1bd97458869060242c4,1,nested_heavy_valid,128,127,255,1,3,251,0.984313725490196,59,counters_only,False,True,False,10,10,3,9328125,True,True,True,
week10_contamination_full_20260728,incremental_valid_n256_002,18,incremental_valid,256,20516725,94568807b8a663e2527ac0a90cef9359ccc8ba493256c1bd97458869060242c4,1,nested_heavy_valid,128,127,255,1,3,251,0.984313725490196,59,checked,True,True,True,10,10,4,84081875,True,True,True,
week10_contamination_full_20260728,incremental_valid_n256_002,18,incremental_valid,256,20516725,94568807b8a663e2527ac0a90cef9359ccc8ba493256c1bd97458869060242c4,1,nested_heavy_valid,128,127,255,1,3,251,0.984313725490196,59,minimal,False,False,False,10,10,5,9809208,True,True,True,
week10_contamination_full_20260728,incremental_valid_n256_002,18,incremental_valid,256,20516725,94568807b8a663e2527ac0a90cef9359ccc8ba493256c1bd97458869060242c4,1,nested_heavy_valid,128,127,255,1,3,251,0.984313725490196,59,instrumented,True,True,False,11,11,1,10141500,True,True,True,
week10_contamination_full_20260728,incremental_valid_n256_002,18,incremental_valid,256,20516725,94568807b8a663e2527ac0a90cef9359ccc8ba493256c1bd97458869060242c4,1,nested_heavy_valid,128,127,255,1,3,251,0.984313725490196,59,counters_only,False,True,False,11,11,2,9485250,True,True,True,
week10_contamination_full_20260728,incremental_valid_n256_002,18,incremental_valid,256,20516725,94568807b8a663e2527ac0a90cef9359ccc8ba493256c1bd97458869060242c4,1,nested_heavy_valid,128,127,255,1,3,251,0.984313725490196,59,checked,True,True,True,11,11,3,83725583,True,True,True,
week10_contamination_full_20260728,incremental_valid_n256_002,18,incremental_valid,256,20516725,94568807b8a663e2527ac0a90cef9359ccc8ba493256c1bd97458869060242c4,1,nested_heavy_valid,128,127,255,1,3,251,0.984313725490196,59,minimal,False,False,False,11,11,4,9390791,True,True,True,
week10_contamination_full_20260728,incremental_valid_n256_002,18,incremental_valid,256,20516725,94568807b8a663e2527ac0a90cef9359ccc8ba493256c1bd97458869060242c4,1,nested_heavy_valid,128,127,255,1,3,251,0.984313725490196,59,trace_only,True,False,False,11,11,5,9918541,True,True,True,
week10_contamination_full_20260728,incremental_valid_n256_002,18,incremental_valid,256,20516725,94568807b8a663e2527ac0a90cef9359ccc8ba493256c1bd97458869060242c4,1,nested_heavy_valid,128,127,255,1,3,251,0.984313725490196,59,counters_only,False,True,False,12,12,1,9781916,True,True,True,
week10_contamination_full_20260728,incremental_valid_n256_002,18,incremental_valid,256,20516725,94568807b8a663e2527ac0a90cef9359ccc8ba493256c1bd97458869060242c4,1,nested_heavy_valid,128,127,255,1,3,251,0.984313725490196,59,checked,True,True,True,12,12,2,84546542,True,True,True,
week10_contamination_full_20260728,incremental_valid_n256_002,18,incremental_valid,256,20516725,94568807b8a663e2527ac0a90cef9359ccc8ba493256c1bd97458869060242c4,1,nested_heavy_valid,128,127,255,1,3,251,0.984313725490196,59,minimal,False,False,False,12,12,3,9169125,True,True,True,
week10_contamination_full_20260728,incremental_valid_n256_002,18,incremental_valid,256,20516725,94568807b8a663e2527ac0a90cef9359ccc8ba493256c1bd97458869060242c4,1,nested_heavy_valid,128,127,255,1,3,251,0.984313725490196,59,trace_only,True,False,False,12,12,4,10318000,True,True,True,
week10_contamination_full_20260728,incremental_valid_n256_002,18,incremental_valid,256,20516725,94568807b8a663e2527ac0a90cef9359ccc8ba493256c1bd97458869060242c4,1,nested_heavy_valid,128,127,255,1,3,251,0.984313725490196,59,instrumented,True,True,False,12,12,5,10356458,True,True,True,
week10_contamination_full_20260728,incremental_valid_n256_002,18,incremental_valid,256,20516725,94568807b8a663e2527ac0a90cef9359ccc8ba493256c1bd97458869060242c4,1,nested_heavy_valid,128,127,255,1,3,251,0.984313725490196,59,checked,True,True,True,13,13,1,83787708,True,True,True,
week10_contamination_full_20260728,incremental_valid_n256_002,18,incremental_valid,256,20516725,94568807b8a663e2527ac0a90cef9359ccc8ba493256c1bd97458869060242c4,1,nested_heavy_valid,128,127,255,1,3,251,0.984313725490196,59,minimal,False,False,False,13,13,2,9058375,True,True,True,
week10_contamination_full_20260728,incremental_valid_n256_002,18,incremental_valid,256,20516725,94568807b8a663e2527ac0a90cef9359ccc8ba493256c1bd97458869060242c4,1,nested_heavy_valid,128,127,255,1,3,251,0.984313725490196,59,trace_only,True,False,False,13,13,3,10230292,True,True,True,
week10_contamination_full_20260728,incremental_valid_n256_002,18,incremental_valid,256,20516725,94568807b8a663e2527ac0a90cef9359ccc8ba493256c1bd97458869060242c4,1,nested_heavy_valid,128,127,255,1,3,251,0.984313725490196,59,instrumented,True,True,False,13,13,4,10163333,True,True,True,
week10_contamination_full_20260728,incremental_valid_n256_002,18,incremental_valid,256,20516725,94568807b8a663e2527ac0a90cef9359ccc8ba493256c1bd97458869060242c4,1,nested_heavy_valid,128,127,255,1,3,251,0.984313725490196,59,counters_only,False,True,False,13,13,5,9732583,True,True,True,
week10_contamination_full_20260728,incremental_valid_n256_002,18,incremental_valid,256,20516725,94568807b8a663e2527ac0a90cef9359ccc8ba493256c1bd97458869060242c4,1,nested_heavy_valid,128,127,255,1,3,251,0.984313725490196,59,minimal,False,False,False,14,14,1,9649458,True,True,True,
week10_contamination_full_20260728,incremental_valid_n256_002,18,incremental_valid,256,20516725,94568807b8a663e2527ac0a90cef9359ccc8ba493256c1bd97458869060242c4,1,nested_heavy_valid,128,127,255,1,3,251,0.984313725490196,59,trace_only,True,False,False,14,14,2,9931125,True,True,True,
week10_contamination_full_20260728,incremental_valid_n256_002,18,incremental_valid,256,20516725,94568807b8a663e2527ac0a90cef9359ccc8ba493256c1bd97458869060242c4,1,nested_heavy_valid,128,127,255,1,3,251,0.984313725490196,59,instrumented,True,True,False,14,14,3,10313041,True,True,True,
week10_contamination_full_20260728,incremental_valid_n256_002,18,incremental_valid,256,20516725,94568807b8a663e2527ac0a90cef9359ccc8ba493256c1bd97458869060242c4,1,nested_heavy_valid,128,127,255,1,3,251,0.984313725490196,59,counters_only,False,True,False,14,14,4,9472792,True,True,True,
week10_contamination_full_20260728,incremental_valid_n256_002,18,incremental_valid,256,20516725,94568807b8a663e2527ac0a90cef9359ccc8ba493256c1bd97458869060242c4,1,nested_heavy_valid,128,127,255,1,3,251,0.984313725490196,59,checked,True,True,True,14,14,5,82868584,True,True,True,
week10_contamination_full_20260728,incremental_valid_n256_002,18,incremental_valid,256,20516725,94568807b8a663e2527ac0a90cef9359ccc8ba493256c1bd97458869060242c4,1,nested_heavy_valid,128,127,255,1,3,251,0.984313725490196,59,trace_only,True,False,False,15,15,1,9874417,True,True,True,
week10_contamination_full_20260728,incremental_valid_n256_002,18,incremental_valid,256,20516725,94568807b8a663e2527ac0a90cef9359ccc8ba493256c1bd97458869060242c4,1,nested_heavy_valid,128,127,255,1,3,251,0.984313725490196,59,instrumented,True,True,False,15,15,2,10255792,True,True,True,
week10_contamination_full_20260728,incremental_valid_n256_002,18,incremental_valid,256,20516725,94568807b8a663e2527ac0a90cef9359ccc8ba493256c1bd97458869060242c4,1,nested_heavy_valid,128,127,255,1,3,251,0.984313725490196,59,counters_only,False,True,False,15,15,3,9448458,True,True,True,
week10_contamination_full_20260728,incremental_valid_n256_002,18,incremental_valid,256,20516725,94568807b8a663e2527ac0a90cef9359ccc8ba493256c1bd97458869060242c4,1,nested_heavy_valid,128,127,255,1,3,251,0.984313725490196,59,checked,True,True,True,15,15,4,82812833,True,True,True,
week10_contamination_full_20260728,incremental_valid_n256_002,18,incremental_valid,256,20516725,94568807b8a663e2527ac0a90cef9359ccc8ba493256c1bd97458869060242c4,1,nested_heavy_valid,128,127,255,1,3,251,0.984313725490196,59,minimal,False,False,False,15,15,5,9380834,True,True,True,
week10_contamination_full_20260728,incremental_valid_n128_002,15,incremental_valid,128,20388725,d564b7fef66e17683f688f3c786d76412ebaf1dc803c9739e8bd95641cd8c385,2,nested_heavy_valid,64,63,127,1,2,124,0.9763779527559056,27,instrumented,True,True,False,1,1,1,4315000,True,True,True,
week10_contamination_full_20260728,incremental_valid_n128_002,15,incremental_valid,128,20388725,d564b7fef66e17683f688f3c786d76412ebaf1dc803c9739e8bd95641cd8c385,2,nested_heavy_valid,64,63,127,1,2,124,0.9763779527559056,27,minimal,False,False,False,1,1,2,3812083,True,True,True,
week10_contamination_full_20260728,incremental_valid_n128_002,15,incremental_valid,128,20388725,d564b7fef66e17683f688f3c786d76412ebaf1dc803c9739e8bd95641cd8c385,2,nested_heavy_valid,64,63,127,1,2,124,0.9763779527559056,27,trace_only,True,False,False,1,1,3,4375625,True,True,True,
week10_contamination_full_20260728,incremental_valid_n128_002,15,incremental_valid,128,20388725,d564b7fef66e17683f688f3c786d76412ebaf1dc803c9739e8bd95641cd8c385,2,nested_heavy_valid,64,63,127,1,2,124,0.9763779527559056,27,counters_only,False,True,False,1,1,4,3912083,True,True,True,
week10_contamination_full_20260728,incremental_valid_n128_002,15,incremental_valid,128,20388725,d564b7fef66e17683f688f3c786d76412ebaf1dc803c9739e8bd95641cd8c385,2,nested_heavy_valid,64,63,127,1,2,124,0.9763779527559056,27,checked,True,True,True,1,1,5,16393166,True,True,True,
week10_contamination_full_20260728,incremental_valid_n128_002,15,incremental_valid,128,20388725,d564b7fef66e17683f688f3c786d76412ebaf1dc803c9739e8bd95641cd8c385,2,nested_heavy_valid,64,63,127,1,2,124,0.9763779527559056,27,minimal,False,False,False,2,2,1,3870458,True,True,True,
week10_contamination_full_20260728,incremental_valid_n128_002,15,incremental_valid,128,20388725,d564b7fef66e17683f688f3c786d76412ebaf1dc803c9739e8bd95641cd8c385,2,nested_heavy_valid,64,63,127,1,2,124,0.9763779527559056,27,trace_only,True,False,False,2,2,2,4139875,True,True,True,
week10_contamination_full_20260728,incremental_valid_n128_002,15,incremental_valid,128,20388725,d564b7fef66e17683f688f3c786d76412ebaf1dc803c9739e8bd95641cd8c385,2,nested_heavy_valid,64,63,127,1,2,124,0.9763779527559056,27,counters_only,False,True,False,2,2,3,3954167,True,True,True,
week10_contamination_full_20260728,incremental_valid_n128_002,15,incremental_valid,128,20388725,d564b7fef66e17683f688f3c786d76412ebaf1dc803c9739e8bd95641cd8c385,2,nested_heavy_valid,64,63,127,1,2,124,0.9763779527559056,27,checked,True,True,True,2,2,4,16507125,True,True,True,
week10_contamination_full_20260728,incremental_valid_n128_002,15,incremental_valid,128,20388725,d564b7fef66e17683f688f3c786d76412ebaf1dc803c9739e8bd95641cd8c385,2,nested_heavy_valid,64,63,127,1,2,124,0.9763779527559056,27,instrumented,True,True,False,2,2,5,4400667,True,True,True,
week10_contamination_full_20260728,incremental_valid_n128_002,15,incremental_valid,128,20388725,d564b7fef66e17683f688f3c786d76412ebaf1dc803c9739e8bd95641cd8c385,2,nested_heavy_valid,64,63,127,1,2,124,0.9763779527559056,27,trace_only,True,False,False,3,3,1,4175083,True,True,True,
week10_contamination_full_20260728,incremental_valid_n128_002,15,incremental_valid,128,20388725,d564b7fef66e17683f688f3c786d76412ebaf1dc803c9739e8bd95641cd8c385,2,nested_heavy_valid,64,63,127,1,2,124,0.9763779527559056,27,counters_only,False,True,False,3,3,2,3847500,True,True,True,
week10_contamination_full_20260728,incremental_valid_n128_002,15,incremental_valid,128,20388725,d564b7fef66e17683f688f3c786d76412ebaf1dc803c9739e8bd95641cd8c385,2,nested_heavy_valid,64,63,127,1,2,124,0.9763779527559056,27,checked,True,True,True,3,3,3,16535041,True,True,True,
week10_contamination_full_20260728,incremental_valid_n128_002,15,incremental_valid,128,20388725,d564b7fef66e17683f688f3c786d76412ebaf1dc803c9739e8bd95641cd8c385,2,nested_heavy_valid,64,63,127,1,2,124,0.9763779527559056,27,instrumented,True,True,False,3,3,4,4309000,True,True,True,
week10_contamination_full_20260728,incremental_valid_n128_002,15,incremental_valid,128,20388725,d564b7fef66e17683f688f3c786d76412ebaf1dc803c9739e8bd95641cd8c385,2,nested_heavy_valid,64,63,127,1,2,124,0.9763779527559056,27,minimal,False,False,False,3,3,5,3952542,True,True,True,
week10_contamination_full_20260728,incremental_valid_n128_002,15,incremental_valid,128,20388725,d564b7fef66e17683f688f3c786d76412ebaf1dc803c9739e8bd95641cd8c385,2,nested_heavy_valid,64,63,127,1,2,124,0.9763779527559056,27,counters_only,False,True,False,4,4,1,3879625,True,True,True,
week10_contamination_full_20260728,incremental_valid_n128_002,15,incremental_valid,128,20388725,d564b7fef66e17683f688f3c786d76412ebaf1dc803c9739e8bd95641cd8c385,2,nested_heavy_valid,64,63,127,1,2,124,0.9763779527559056,27,checked,True,True,True,4,4,2,16580834,True,True,True,
week10_contamination_full_20260728,incremental_valid_n128_002,15,incremental_valid,128,20388725,d564b7fef66e17683f688f3c786d76412ebaf1dc803c9739e8bd95641cd8c385,2,nested_heavy_valid,64,63,127,1,2,124,0.9763779527559056,27,instrumented,True,True,False,4,4,3,4289708,True,True,True,
week10_contamination_full_20260728,incremental_valid_n128_002,15,incremental_valid,128,20388725,d564b7fef66e17683f688f3c786d76412ebaf1dc803c9739e8bd95641cd8c385,2,nested_heavy_valid,64,63,127,1,2,124,0.9763779527559056,27,minimal,False,False,False,4,4,4,3825083,True,True,True,
week10_contamination_full_20260728,incremental_valid_n128_002,15,incremental_valid,128,20388725,d564b7fef66e17683f688f3c786d76412ebaf1dc803c9739e8bd95641cd8c385,2,nested_heavy_valid,64,63,127,1,2,124,0.9763779527559056,27,trace_only,True,False,False,4,4,5,4377750,True,True,True,
week10_contamination_full_20260728,incremental_valid_n128_002,15,incremental_valid,128,20388725,d564b7fef66e17683f688f3c786d76412ebaf1dc803c9739e8bd95641cd8c385,2,nested_heavy_valid,64,63,127,1,2,124,0.9763779527559056,27,checked,True,True,True,5,5,1,16464084,True,True,True,
week10_contamination_full_20260728,incremental_valid_n128_002,15,incremental_valid,128,20388725,d564b7fef66e17683f688f3c786d76412ebaf1dc803c9739e8bd95641cd8c385,2,nested_heavy_valid,64,63,127,1,2,124,0.9763779527559056,27,instrumented,True,True,False,5,5,2,4282167,True,True,True,
week10_contamination_full_20260728,incremental_valid_n128_002,15,incremental_valid,128,20388725,d564b7fef66e17683f688f3c786d76412ebaf1dc803c9739e8bd95641cd8c385,2,nested_heavy_valid,64,63,127,1,2,124,0.9763779527559056,27,minimal,False,False,False,5,5,3,3798000,True,True,True,
week10_contamination_full_20260728,incremental_valid_n128_002,15,incremental_valid,128,20388725,d564b7fef66e17683f688f3c786d76412ebaf1dc803c9739e8bd95641cd8c385,2,nested_heavy_valid,64,63,127,1,2,124,0.9763779527559056,27,trace_only,True,False,False,5,5,4,4182583,True,True,True,
week10_contamination_full_20260728,incremental_valid_n128_002,15,incremental_valid,128,20388725,d564b7fef66e17683f688f3c786d76412ebaf1dc803c9739e8bd95641cd8c385,2,nested_heavy_valid,64,63,127,1,2,124,0.9763779527559056,27,counters_only,False,True,False,5,5,5,4110542,True,True,True,
week10_contamination_full_20260728,incremental_valid_n128_002,15,incremental_valid,128,20388725,d564b7fef66e17683f688f3c786d76412ebaf1dc803c9739e8bd95641cd8c385,2,nested_heavy_valid,64,63,127,1,2,124,0.9763779527559056,27,instrumented,True,True,False,6,6,1,4268084,True,True,True,
week10_contamination_full_20260728,incremental_valid_n128_002,15,incremental_valid,128,20388725,d564b7fef66e17683f688f3c786d76412ebaf1dc803c9739e8bd95641cd8c385,2,nested_heavy_valid,64,63,127,1,2,124,0.9763779527559056,27,minimal,False,False,False,6,6,2,3786750,True,True,True,
week10_contamination_full_20260728,incremental_valid_n128_002,15,incremental_valid,128,20388725,d564b7fef66e17683f688f3c786d76412ebaf1dc803c9739e8bd95641cd8c385,2,nested_heavy_valid,64,63,127,1,2,124,0.9763779527559056,27,trace_only,True,False,False,6,6,3,4166875,True,True,True,
week10_contamination_full_20260728,incremental_valid_n128_002,15,incremental_valid,128,20388725,d564b7fef66e17683f688f3c786d76412ebaf1dc803c9739e8bd95641cd8c385,2,nested_heavy_valid,64,63,127,1,2,124,0.9763779527559056,27,counters_only,False,True,False,6,6,4,4063417,True,True,True,
week10_contamination_full_20260728,incremental_valid_n128_002,15,incremental_valid,128,20388725,d564b7fef66e17683f688f3c786d76412ebaf1dc803c9739e8bd95641cd8c385,2,nested_heavy_valid,64,63,127,1,2,124,0.9763779527559056,27,checked,True,True,True,6,6,5,16499500,True,True,True,
week10_contamination_full_20260728,incremental_valid_n128_002,15,incremental_valid,128,20388725,d564b7fef66e17683f688f3c786d76412ebaf1dc803c9739e8bd95641cd8c385,2,nested_heavy_valid,64,63,127,1,2,124,0.9763779527559056,27,minimal,False,False,False,7,7,1,3853167,True,True,True,
week10_contamination_full_20260728,incremental_valid_n128_002,15,incremental_valid,128,20388725,d564b7fef66e17683f688f3c786d76412ebaf1dc803c9739e8bd95641cd8c385,2,nested_heavy_valid,64,63,127,1,2,124,0.9763779527559056,27,trace_only,True,False,False,7,7,2,4187750,True,True,True,
week10_contamination_full_20260728,incremental_valid_n128_002,15,incremental_valid,128,20388725,d564b7fef66e17683f688f3c786d76412ebaf1dc803c9739e8bd95641cd8c385,2,nested_heavy_valid,64,63,127,1,2,124,0.9763779527559056,27,counters_only,False,True,False,7,7,3,3903084,True,True,True,
week10_contamination_full_20260728,incremental_valid_n128_002,15,incremental_valid,128,20388725,d564b7fef66e17683f688f3c786d76412ebaf1dc803c9739e8bd95641cd8c385,2,nested_heavy_valid,64,63,127,1,2,124,0.9763779527559056,27,checked,True,True,True,7,7,4,16523250,True,True,True,
week10_contamination_full_20260728,incremental_valid_n128_002,15,incremental_valid,128,20388725,d564b7fef66e17683f688f3c786d76412ebaf1dc803c9739e8bd95641cd8c385,2,nested_heavy_valid,64,63,127,1,2,124,0.9763779527559056,27,instrumented,True,True,False,7,7,5,4467917,True,True,True,
week10_contamination_full_20260728,incremental_valid_n128_002,15,incremental_valid,128,20388725,d564b7fef66e17683f688f3c786d76412ebaf1dc803c9739e8bd95641cd8c385,2,nested_heavy_valid,64,63,127,1,2,124,0.9763779527559056,27,trace_only,True,False,False,8,8,1,4153792,True,True,True,
week10_contamination_full_20260728,incremental_valid_n128_002,15,incremental_valid,128,20388725,d564b7fef66e17683f688f3c786d76412ebaf1dc803c9739e8bd95641cd8c385,2,nested_heavy_valid,64,63,127,1,2,124,0.9763779527559056,27,counters_only,False,True,False,8,8,2,3863375,True,True,True,
week10_contamination_full_20260728,incremental_valid_n128_002,15,incremental_valid,128,20388725,d564b7fef66e17683f688f3c786d76412ebaf1dc803c9739e8bd95641cd8c385,2,nested_heavy_valid,64,63,127,1,2,124,0.9763779527559056,27,checked,True,True,True,8,8,3,16387167,True,True,True,
week10_contamination_full_20260728,incremental_valid_n128_002,15,incremental_valid,128,20388725,d564b7fef66e17683f688f3c786d76412ebaf1dc803c9739e8bd95641cd8c385,2,nested_heavy_valid,64,63,127,1,2,124,0.9763779527559056,27,instrumented,True,True,False,8,8,4,4231708,True,True,True,
week10_contamination_full_20260728,incremental_valid_n128_002,15,incremental_valid,128,20388725,d564b7fef66e17683f688f3c786d76412ebaf1dc803c9739e8bd95641cd8c385,2,nested_heavy_valid,64,63,127,1,2,124,0.9763779527559056,27,minimal,False,False,False,8,8,5,3946833,True,True,True,
week10_contamination_full_20260728,incremental_valid_n128_002,15,incremental_valid,128,20388725,d564b7fef66e17683f688f3c786d76412ebaf1dc803c9739e8bd95641cd8c385,2,nested_heavy_valid,64,63,127,1,2,124,0.9763779527559056,27,counters_only,False,True,False,9,9,1,3905750,True,True,True,
week10_contamination_full_20260728,incremental_valid_n128_002,15,incremental_valid,128,20388725,d564b7fef66e17683f688f3c786d76412ebaf1dc803c9739e8bd95641cd8c385,2,nested_heavy_valid,64,63,127,1,2,124,0.9763779527559056,27,checked,True,True,True,9,9,2,16518541,True,True,True,
week10_contamination_full_20260728,incremental_valid_n128_002,15,incremental_valid,128,20388725,d564b7fef66e17683f688f3c786d76412ebaf1dc803c9739e8bd95641cd8c385,2,nested_heavy_valid,64,63,127,1,2,124,0.9763779527559056,27,instrumented,True,True,False,9,9,3,4287167,True,True,True,
week10_contamination_full_20260728,incremental_valid_n128_002,15,incremental_valid,128,20388725,d564b7fef66e17683f688f3c786d76412ebaf1dc803c9739e8bd95641cd8c385,2,nested_heavy_valid,64,63,127,1,2,124,0.9763779527559056,27,minimal,False,False,False,9,9,4,3840708,True,True,True,
week10_contamination_full_20260728,incremental_valid_n128_002,15,incremental_valid,128,20388725,d564b7fef66e17683f688f3c786d76412ebaf1dc803c9739e8bd95641cd8c385,2,nested_heavy_valid,64,63,127,1,2,124,0.9763779527559056,27,trace_only,True,False,False,9,9,5,4285833,True,True,True,
week10_contamination_full_20260728,incremental_valid_n128_002,15,incremental_valid,128,20388725,d564b7fef66e17683f688f3c786d76412ebaf1dc803c9739e8bd95641cd8c385,2,nested_heavy_valid,64,63,127,1,2,124,0.9763779527559056,27,checked,True,True,True,10,10,1,16276666,True,True,True,
week10_contamination_full_20260728,incremental_valid_n128_002,15,incremental_valid,128,20388725,d564b7fef66e17683f688f3c786d76412ebaf1dc803c9739e8bd95641cd8c385,2,nested_heavy_valid,64,63,127,1,2,124,0.9763779527559056,27,instrumented,True,True,False,10,10,2,4291708,True,True,True,
week10_contamination_full_20260728,incremental_valid_n128_002,15,incremental_valid,128,20388725,d564b7fef66e17683f688f3c786d76412ebaf1dc803c9739e8bd95641cd8c385,2,nested_heavy_valid,64,63,127,1,2,124,0.9763779527559056,27,minimal,False,False,False,10,10,3,3839375,True,True,True,
week10_contamination_full_20260728,incremental_valid_n128_002,15,incremental_valid,128,20388725,d564b7fef66e17683f688f3c786d76412ebaf1dc803c9739e8bd95641cd8c385,2,nested_heavy_valid,64,63,127,1,2,124,0.9763779527559056,27,trace_only,True,False,False,10,10,4,4162209,True,True,True,
week10_contamination_full_20260728,incremental_valid_n128_002,15,incremental_valid,128,20388725,d564b7fef66e17683f688f3c786d76412ebaf1dc803c9739e8bd95641cd8c385,2,nested_heavy_valid,64,63,127,1,2,124,0.9763779527559056,27,counters_only,False,True,False,10,10,5,4011583,True,True,True,
week10_contamination_full_20260728,incremental_valid_n128_002,15,incremental_valid,128,20388725,d564b7fef66e17683f688f3c786d76412ebaf1dc803c9739e8bd95641cd8c385,2,nested_heavy_valid,64,63,127,1,2,124,0.9763779527559056,27,instrumented,True,True,False,11,11,1,4318458,True,True,True,
week10_contamination_full_20260728,incremental_valid_n128_002,15,incremental_valid,128,20388725,d564b7fef66e17683f688f3c786d76412ebaf1dc803c9739e8bd95641cd8c385,2,nested_heavy_valid,64,63,127,1,2,124,0.9763779527559056,27,minimal,False,False,False,11,11,2,3788417,True,True,True,
week10_contamination_full_20260728,incremental_valid_n128_002,15,incremental_valid,128,20388725,d564b7fef66e17683f688f3c786d76412ebaf1dc803c9739e8bd95641cd8c385,2,nested_heavy_valid,64,63,127,1,2,124,0.9763779527559056,27,trace_only,True,False,False,11,11,3,4196291,True,True,True,
week10_contamination_full_20260728,incremental_valid_n128_002,15,incremental_valid,128,20388725,d564b7fef66e17683f688f3c786d76412ebaf1dc803c9739e8bd95641cd8c385,2,nested_heavy_valid,64,63,127,1,2,124,0.9763779527559056,27,counters_only,False,True,False,11,11,4,4007750,True,True,True,
week10_contamination_full_20260728,incremental_valid_n128_002,15,incremental_valid,128,20388725,d564b7fef66e17683f688f3c786d76412ebaf1dc803c9739e8bd95641cd8c385,2,nested_heavy_valid,64,63,127,1,2,124,0.9763779527559056,27,checked,True,True,True,11,11,5,16529459,True,True,True,
week10_contamination_full_20260728,incremental_valid_n128_002,15,incremental_valid,128,20388725,d564b7fef66e17683f688f3c786d76412ebaf1dc803c9739e8bd95641cd8c385,2,nested_heavy_valid,64,63,127,1,2,124,0.9763779527559056,27,minimal,False,False,False,12,12,1,3869000,True,True,True,
week10_contamination_full_20260728,incremental_valid_n128_002,15,incremental_valid,128,20388725,d564b7fef66e17683f688f3c786d76412ebaf1dc803c9739e8bd95641cd8c385,2,nested_heavy_valid,64,63,127,1,2,124,0.9763779527559056,27,trace_only,True,False,False,12,12,2,4163875,True,True,True,
week10_contamination_full_20260728,incremental_valid_n128_002,15,incremental_valid,128,20388725,d564b7fef66e17683f688f3c786d76412ebaf1dc803c9739e8bd95641cd8c385,2,nested_heavy_valid,64,63,127,1,2,124,0.9763779527559056,27,counters_only,False,True,False,12,12,3,3805125,True,True,True,
week10_contamination_full_20260728,incremental_valid_n128_002,15,incremental_valid,128,20388725,d564b7fef66e17683f688f3c786d76412ebaf1dc803c9739e8bd95641cd8c385,2,nested_heavy_valid,64,63,127,1,2,124,0.9763779527559056,27,checked,True,True,True,12,12,4,16543792,True,True,True,
week10_contamination_full_20260728,incremental_valid_n128_002,15,incremental_valid,128,20388725,d564b7fef66e17683f688f3c786d76412ebaf1dc803c9739e8bd95641cd8c385,2,nested_heavy_valid,64,63,127,1,2,124,0.9763779527559056,27,instrumented,True,True,False,12,12,5,4534792,True,True,True,
week10_contamination_full_20260728,incremental_valid_n128_002,15,incremental_valid,128,20388725,d564b7fef66e17683f688f3c786d76412ebaf1dc803c9739e8bd95641cd8c385,2,nested_heavy_valid,64,63,127,1,2,124,0.9763779527559056,27,trace_only,True,False,False,13,13,1,4339709,True,True,True,
week10_contamination_full_20260728,incremental_valid_n128_002,15,incremental_valid,128,20388725,d564b7fef66e17683f688f3c786d76412ebaf1dc803c9739e8bd95641cd8c385,2,nested_heavy_valid,64,63,127,1,2,124,0.9763779527559056,27,counters_only,False,True,False,13,13,2,3869417,True,True,True,
week10_contamination_full_20260728,incremental_valid_n128_002,15,incremental_valid,128,20388725,d564b7fef66e17683f688f3c786d76412ebaf1dc803c9739e8bd95641cd8c385,2,nested_heavy_valid,64,63,127,1,2,124,0.9763779527559056,27,checked,True,True,True,13,13,3,16756166,True,True,True,
week10_contamination_full_20260728,incremental_valid_n128_002,15,incremental_valid,128,20388725,d564b7fef66e17683f688f3c786d76412ebaf1dc803c9739e8bd95641cd8c385,2,nested_heavy_valid,64,63,127,1,2,124,0.9763779527559056,27,instrumented,True,True,False,13,13,4,4244459,True,True,True,
week10_contamination_full_20260728,incremental_valid_n128_002,15,incremental_valid,128,20388725,d564b7fef66e17683f688f3c786d76412ebaf1dc803c9739e8bd95641cd8c385,2,nested_heavy_valid,64,63,127,1,2,124,0.9763779527559056,27,minimal,False,False,False,13,13,5,4023000,True,True,True,
week10_contamination_full_20260728,incremental_valid_n128_002,15,incremental_valid,128,20388725,d564b7fef66e17683f688f3c786d76412ebaf1dc803c9739e8bd95641cd8c385,2,nested_heavy_valid,64,63,127,1,2,124,0.9763779527559056,27,counters_only,False,True,False,14,14,1,3954166,True,True,True,
week10_contamination_full_20260728,incremental_valid_n128_002,15,incremental_valid,128,20388725,d564b7fef66e17683f688f3c786d76412ebaf1dc803c9739e8bd95641cd8c385,2,nested_heavy_valid,64,63,127,1,2,124,0.9763779527559056,27,checked,True,True,True,14,14,2,16477750,True,True,True,
week10_contamination_full_20260728,incremental_valid_n128_002,15,incremental_valid,128,20388725,d564b7fef66e17683f688f3c786d76412ebaf1dc803c9739e8bd95641cd8c385,2,nested_heavy_valid,64,63,127,1,2,124,0.9763779527559056,27,instrumented,True,True,False,14,14,3,4259750,True,True,True,
week10_contamination_full_20260728,incremental_valid_n128_002,15,incremental_valid,128,20388725,d564b7fef66e17683f688f3c786d76412ebaf1dc803c9739e8bd95641cd8c385,2,nested_heavy_valid,64,63,127,1,2,124,0.9763779527559056,27,minimal,False,False,False,14,14,4,3780167,True,True,True,
week10_contamination_full_20260728,incremental_valid_n128_002,15,incremental_valid,128,20388725,d564b7fef66e17683f688f3c786d76412ebaf1dc803c9739e8bd95641cd8c385,2,nested_heavy_valid,64,63,127,1,2,124,0.9763779527559056,27,trace_only,True,False,False,14,14,5,4338458,True,True,True,
week10_contamination_full_20260728,incremental_valid_n128_002,15,incremental_valid,128,20388725,d564b7fef66e17683f688f3c786d76412ebaf1dc803c9739e8bd95641cd8c385,2,nested_heavy_valid,64,63,127,1,2,124,0.9763779527559056,27,checked,True,True,True,15,15,1,16527875,True,True,True,
week10_contamination_full_20260728,incremental_valid_n128_002,15,incremental_valid,128,20388725,d564b7fef66e17683f688f3c786d76412ebaf1dc803c9739e8bd95641cd8c385,2,nested_heavy_valid,64,63,127,1,2,124,0.9763779527559056,27,instrumented,True,True,False,15,15,2,4344250,True,True,True,
week10_contamination_full_20260728,incremental_valid_n128_002,15,incremental_valid,128,20388725,d564b7fef66e17683f688f3c786d76412ebaf1dc803c9739e8bd95641cd8c385,2,nested_heavy_valid,64,63,127,1,2,124,0.9763779527559056,27,minimal,False,False,False,15,15,3,3835958,True,True,True,
week10_contamination_full_20260728,incremental_valid_n128_002,15,incremental_valid,128,20388725,d564b7fef66e17683f688f3c786d76412ebaf1dc803c9739e8bd95641cd8c385,2,nested_heavy_valid,64,63,127,1,2,124,0.9763779527559056,27,trace_only,True,False,False,15,15,4,4128333,True,True,True,
week10_contamination_full_20260728,incremental_valid_n128_002,15,incremental_valid,128,20388725,d564b7fef66e17683f688f3c786d76412ebaf1dc803c9739e8bd95641cd8c385,2,nested_heavy_valid,64,63,127,1,2,124,0.9763779527559056,27,counters_only,False,True,False,15,15,5,3924042,True,True,True,
week10_contamination_full_20260728,incremental_valid_n256_001,17,incremental_valid,256,20516724,bfeeb1c5f324b6013669b0207243fa1c06759431087de36306cae810cd2b4dae,3,nested_heavy_valid,128,127,255,1,2,252,0.9882352941176471,56,checked,True,True,True,1,1,1,77012959,True,True,True,
week10_contamination_full_20260728,incremental_valid_n256_001,17,incremental_valid,256,20516724,bfeeb1c5f324b6013669b0207243fa1c06759431087de36306cae810cd2b4dae,3,nested_heavy_valid,128,127,255,1,2,252,0.9882352941176471,56,trace_only,True,False,False,1,1,2,9602083,True,True,True,
week10_contamination_full_20260728,incremental_valid_n256_001,17,incremental_valid,256,20516724,bfeeb1c5f324b6013669b0207243fa1c06759431087de36306cae810cd2b4dae,3,nested_heavy_valid,128,127,255,1,2,252,0.9882352941176471,56,counters_only,False,True,False,1,1,3,9352125,True,True,True,
week10_contamination_full_20260728,incremental_valid_n256_001,17,incremental_valid,256,20516724,bfeeb1c5f324b6013669b0207243fa1c06759431087de36306cae810cd2b4dae,3,nested_heavy_valid,128,127,255,1,2,252,0.9882352941176471,56,minimal,False,False,False,1,1,4,9138083,True,True,True,
week10_contamination_full_20260728,incremental_valid_n256_001,17,incremental_valid,256,20516724,bfeeb1c5f324b6013669b0207243fa1c06759431087de36306cae810cd2b4dae,3,nested_heavy_valid,128,127,255,1,2,252,0.9882352941176471,56,instrumented,True,True,False,1,1,5,9983292,True,True,True,
week10_contamination_full_20260728,incremental_valid_n256_001,17,incremental_valid,256,20516724,bfeeb1c5f324b6013669b0207243fa1c06759431087de36306cae810cd2b4dae,3,nested_heavy_valid,128,127,255,1,2,252,0.9882352941176471,56,trace_only,True,False,False,2,2,1,9857834,True,True,True,
week10_contamination_full_20260728,incremental_valid_n256_001,17,incremental_valid,256,20516724,bfeeb1c5f324b6013669b0207243fa1c06759431087de36306cae810cd2b4dae,3,nested_heavy_valid,128,127,255,1,2,252,0.9882352941176471,56,counters_only,False,True,False,2,2,2,9205500,True,True,True,
week10_contamination_full_20260728,incremental_valid_n256_001,17,incremental_valid,256,20516724,bfeeb1c5f324b6013669b0207243fa1c06759431087de36306cae810cd2b4dae,3,nested_heavy_valid,128,127,255,1,2,252,0.9882352941176471,56,minimal,False,False,False,2,2,3,9242666,True,True,True,
week10_contamination_full_20260728,incremental_valid_n256_001,17,incremental_valid,256,20516724,bfeeb1c5f324b6013669b0207243fa1c06759431087de36306cae810cd2b4dae,3,nested_heavy_valid,128,127,255,1,2,252,0.9882352941176471,56,instrumented,True,True,False,2,2,4,9995791,True,True,True,
week10_contamination_full_20260728,incremental_valid_n256_001,17,incremental_valid,256,20516724,bfeeb1c5f324b6013669b0207243fa1c06759431087de36306cae810cd2b4dae,3,nested_heavy_valid,128,127,255,1,2,252,0.9882352941176471,56,checked,True,True,True,2,2,5,77344875,True,True,True,
week10_contamination_full_20260728,incremental_valid_n256_001,17,incremental_valid,256,20516724,bfeeb1c5f324b6013669b0207243fa1c06759431087de36306cae810cd2b4dae,3,nested_heavy_valid,128,127,255,1,2,252,0.9882352941176471,56,counters_only,False,True,False,3,3,1,9317167,True,True,True,
week10_contamination_full_20260728,incremental_valid_n256_001,17,incremental_valid,256,20516724,bfeeb1c5f324b6013669b0207243fa1c06759431087de36306cae810cd2b4dae,3,nested_heavy_valid,128,127,255,1,2,252,0.9882352941176471,56,minimal,False,False,False,3,3,2,9028167,True,True,True,
week10_contamination_full_20260728,incremental_valid_n256_001,17,incremental_valid,256,20516724,bfeeb1c5f324b6013669b0207243fa1c06759431087de36306cae810cd2b4dae,3,nested_heavy_valid,128,127,255,1,2,252,0.9882352941176471,56,instrumented,True,True,False,3,3,3,10129416,True,True,True,
week10_contamination_full_20260728,incremental_valid_n256_001,17,incremental_valid,256,20516724,bfeeb1c5f324b6013669b0207243fa1c06759431087de36306cae810cd2b4dae,3,nested_heavy_valid,128,127,255,1,2,252,0.9882352941176471,56,checked,True,True,True,3,3,4,77190917,True,True,True,
week10_contamination_full_20260728,incremental_valid_n256_001,17,incremental_valid,256,20516724,bfeeb1c5f324b6013669b0207243fa1c06759431087de36306cae810cd2b4dae,3,nested_heavy_valid,128,127,255,1,2,252,0.9882352941176471,56,trace_only,True,False,False,3,3,5,9911958,True,True,True,
week10_contamination_full_20260728,incremental_valid_n256_001,17,incremental_valid,256,20516724,bfeeb1c5f324b6013669b0207243fa1c06759431087de36306cae810cd2b4dae,3,nested_heavy_valid,128,127,255,1,2,252,0.9882352941176471,56,minimal,False,False,False,4,4,1,9260875,True,True,True,
week10_contamination_full_20260728,incremental_valid_n256_001,17,incremental_valid,256,20516724,bfeeb1c5f324b6013669b0207243fa1c06759431087de36306cae810cd2b4dae,3,nested_heavy_valid,128,127,255,1,2,252,0.9882352941176471,56,instrumented,True,True,False,4,4,2,9970792,True,True,True,
week10_contamination_full_20260728,incremental_valid_n256_001,17,incremental_valid,256,20516724,bfeeb1c5f324b6013669b0207243fa1c06759431087de36306cae810cd2b4dae,3,nested_heavy_valid,128,127,255,1,2,252,0.9882352941176471,56,checked,True,True,True,4,4,3,77812917,True,True,True,
week10_contamination_full_20260728,incremental_valid_n256_001,17,incremental_valid,256,20516724,bfeeb1c5f324b6013669b0207243fa1c06759431087de36306cae810cd2b4dae,3,nested_heavy_valid,128,127,255,1,2,252,0.9882352941176471,56,trace_only,True,False,False,4,4,4,9862542,True,True,True,
week10_contamination_full_20260728,incremental_valid_n256_001,17,incremental_valid,256,20516724,bfeeb1c5f324b6013669b0207243fa1c06759431087de36306cae810cd2b4dae,3,nested_heavy_valid,128,127,255,1,2,252,0.9882352941176471,56,counters_only,False,True,False,4,4,5,9182000,True,True,True,
week10_contamination_full_20260728,incremental_valid_n256_001,17,incremental_valid,256,20516724,bfeeb1c5f324b6013669b0207243fa1c06759431087de36306cae810cd2b4dae,3,nested_heavy_valid,128,127,255,1,2,252,0.9882352941176471,56,instrumented,True,True,False,5,5,1,9982042,True,True,True,
week10_contamination_full_20260728,incremental_valid_n256_001,17,incremental_valid,256,20516724,bfeeb1c5f324b6013669b0207243fa1c06759431087de36306cae810cd2b4dae,3,nested_heavy_valid,128,127,255,1,2,252,0.9882352941176471,56,checked,True,True,True,5,5,2,77147250,True,True,True,
week10_contamination_full_20260728,incremental_valid_n256_001,17,incremental_valid,256,20516724,bfeeb1c5f324b6013669b0207243fa1c06759431087de36306cae810cd2b4dae,3,nested_heavy_valid,128,127,255,1,2,252,0.9882352941176471,56,trace_only,True,False,False,5,5,3,10106917,True,True,True,
week10_contamination_full_20260728,incremental_valid_n256_001,17,incremental_valid,256,20516724,bfeeb1c5f324b6013669b0207243fa1c06759431087de36306cae810cd2b4dae,3,nested_heavy_valid,128,127,255,1,2,252,0.9882352941176471,56,counters_only,False,True,False,5,5,4,9139958,True,True,True,
week10_contamination_full_20260728,incremental_valid_n256_001,17,incremental_valid,256,20516724,bfeeb1c5f324b6013669b0207243fa1c06759431087de36306cae810cd2b4dae,3,nested_heavy_valid,128,127,255,1,2,252,0.9882352941176471,56,minimal,False,False,False,5,5,5,9252334,True,True,True,
week10_contamination_full_20260728,incremental_valid_n256_001,17,incremental_valid,256,20516724,bfeeb1c5f324b6013669b0207243fa1c06759431087de36306cae810cd2b4dae,3,nested_heavy_valid,128,127,255,1,2,252,0.9882352941176471,56,checked,True,True,True,6,6,1,77134000,True,True,True,
week10_contamination_full_20260728,incremental_valid_n256_001,17,incremental_valid,256,20516724,bfeeb1c5f324b6013669b0207243fa1c06759431087de36306cae810cd2b4dae,3,nested_heavy_valid,128,127,255,1,2,252,0.9882352941176471,56,trace_only,True,False,False,6,6,2,9781792,True,True,True,
week10_contamination_full_20260728,incremental_valid_n256_001,17,incremental_valid,256,20516724,bfeeb1c5f324b6013669b0207243fa1c06759431087de36306cae810cd2b4dae,3,nested_heavy_valid,128,127,255,1,2,252,0.9882352941176471,56,counters_only,False,True,False,6,6,3,9379250,True,True,True,
week10_contamination_full_20260728,incremental_valid_n256_001,17,incremental_valid,256,20516724,bfeeb1c5f324b6013669b0207243fa1c06759431087de36306cae810cd2b4dae,3,nested_heavy_valid,128,127,255,1,2,252,0.9882352941176471,56,minimal,False,False,False,6,6,4,9034417,True,True,True,
week10_contamination_full_20260728,incremental_valid_n256_001,17,incremental_valid,256,20516724,bfeeb1c5f324b6013669b0207243fa1c06759431087de36306cae810cd2b4dae,3,nested_heavy_valid,128,127,255,1,2,252,0.9882352941176471,56,instrumented,True,True,False,6,6,5,10103125,True,True,True,
week10_contamination_full_20260728,incremental_valid_n256_001,17,incremental_valid,256,20516724,bfeeb1c5f324b6013669b0207243fa1c06759431087de36306cae810cd2b4dae,3,nested_heavy_valid,128,127,255,1,2,252,0.9882352941176471,56,trace_only,True,False,False,7,7,1,9647250,True,True,True,
week10_contamination_full_20260728,incremental_valid_n256_001,17,incremental_valid,256,20516724,bfeeb1c5f324b6013669b0207243fa1c06759431087de36306cae810cd2b4dae,3,nested_heavy_valid,128,127,255,1,2,252,0.9882352941176471,56,counters_only,False,True,False,7,7,2,9069167,True,True,True,
week10_contamination_full_20260728,incremental_valid_n256_001,17,incremental_valid,256,20516724,bfeeb1c5f324b6013669b0207243fa1c06759431087de36306cae810cd2b4dae,3,nested_heavy_valid,128,127,255,1,2,252,0.9882352941176471,56,minimal,False,False,False,7,7,3,9169959,True,True,True,
week10_contamination_full_20260728,incremental_valid_n256_001,17,incremental_valid,256,20516724,bfeeb1c5f324b6013669b0207243fa1c06759431087de36306cae810cd2b4dae,3,nested_heavy_valid,128,127,255,1,2,252,0.9882352941176471,56,instrumented,True,True,False,7,7,4,9761042,True,True,True,
week10_contamination_full_20260728,incremental_valid_n256_001,17,incremental_valid,256,20516724,bfeeb1c5f324b6013669b0207243fa1c06759431087de36306cae810cd2b4dae,3,nested_heavy_valid,128,127,255,1,2,252,0.9882352941176471,56,checked,True,True,True,7,7,5,76148667,True,True,True,
week10_contamination_full_20260728,incremental_valid_n256_001,17,incremental_valid,256,20516724,bfeeb1c5f324b6013669b0207243fa1c06759431087de36306cae810cd2b4dae,3,nested_heavy_valid,128,127,255,1,2,252,0.9882352941176471,56,counters_only,False,True,False,8,8,1,9064833,True,True,True,
week10_contamination_full_20260728,incremental_valid_n256_001,17,incremental_valid,256,20516724,bfeeb1c5f324b6013669b0207243fa1c06759431087de36306cae810cd2b4dae,3,nested_heavy_valid,128,127,255,1,2,252,0.9882352941176471,56,minimal,False,False,False,8,8,2,9203000,True,True,True,
week10_contamination_full_20260728,incremental_valid_n256_001,17,incremental_valid,256,20516724,bfeeb1c5f324b6013669b0207243fa1c06759431087de36306cae810cd2b4dae,3,nested_heavy_valid,128,127,255,1,2,252,0.9882352941176471,56,instrumented,True,True,False,8,8,3,10052333,True,True,True,
week10_contamination_full_20260728,incremental_valid_n256_001,17,incremental_valid,256,20516724,bfeeb1c5f324b6013669b0207243fa1c06759431087de36306cae810cd2b4dae,3,nested_heavy_valid,128,127,255,1,2,252,0.9882352941176471,56,checked,True,True,True,8,8,4,76466084,True,True,True,
week10_contamination_full_20260728,incremental_valid_n256_001,17,incremental_valid,256,20516724,bfeeb1c5f324b6013669b0207243fa1c06759431087de36306cae810cd2b4dae,3,nested_heavy_valid,128,127,255,1,2,252,0.9882352941176471,56,trace_only,True,False,False,8,8,5,9888625,True,True,True,
week10_contamination_full_20260728,incremental_valid_n256_001,17,incremental_valid,256,20516724,bfeeb1c5f324b6013669b0207243fa1c06759431087de36306cae810cd2b4dae,3,nested_heavy_valid,128,127,255,1,2,252,0.9882352941176471,56,minimal,False,False,False,9,9,1,8917875,True,True,True,
week10_contamination_full_20260728,incremental_valid_n256_001,17,incremental_valid,256,20516724,bfeeb1c5f324b6013669b0207243fa1c06759431087de36306cae810cd2b4dae,3,nested_heavy_valid,128,127,255,1,2,252,0.9882352941176471,56,instrumented,True,True,False,9,9,2,10042791,True,True,True,
week10_contamination_full_20260728,incremental_valid_n256_001,17,incremental_valid,256,20516724,bfeeb1c5f324b6013669b0207243fa1c06759431087de36306cae810cd2b4dae,3,nested_heavy_valid,128,127,255,1,2,252,0.9882352941176471,56,checked,True,True,True,9,9,3,77321375,True,True,True,
week10_contamination_full_20260728,incremental_valid_n256_001,17,incremental_valid,256,20516724,bfeeb1c5f324b6013669b0207243fa1c06759431087de36306cae810cd2b4dae,3,nested_heavy_valid,128,127,255,1,2,252,0.9882352941176471,56,trace_only,True,False,False,9,9,4,9967250,True,True,True,
week10_contamination_full_20260728,incremental_valid_n256_001,17,incremental_valid,256,20516724,bfeeb1c5f324b6013669b0207243fa1c06759431087de36306cae810cd2b4dae,3,nested_heavy_valid,128,127,255,1,2,252,0.9882352941176471,56,counters_only,False,True,False,9,9,5,9369875,True,True,True,
week10_contamination_full_20260728,incremental_valid_n256_001,17,incremental_valid,256,20516724,bfeeb1c5f324b6013669b0207243fa1c06759431087de36306cae810cd2b4dae,3,nested_heavy_valid,128,127,255,1,2,252,0.9882352941176471,56,instrumented,True,True,False,10,10,1,9944917,True,True,True,
week10_contamination_full_20260728,incremental_valid_n256_001,17,incremental_valid,256,20516724,bfeeb1c5f324b6013669b0207243fa1c06759431087de36306cae810cd2b4dae,3,nested_heavy_valid,128,127,255,1,2,252,0.9882352941176471,56,checked,True,True,True,10,10,2,77176208,True,True,True,
week10_contamination_full_20260728,incremental_valid_n256_001,17,incremental_valid,256,20516724,bfeeb1c5f324b6013669b0207243fa1c06759431087de36306cae810cd2b4dae,3,nested_heavy_valid,128,127,255,1,2,252,0.9882352941176471,56,trace_only,True,False,False,10,10,3,9634625,True,True,True,
week10_contamination_full_20260728,incremental_valid_n256_001,17,incremental_valid,256,20516724,bfeeb1c5f324b6013669b0207243fa1c06759431087de36306cae810cd2b4dae,3,nested_heavy_valid,128,127,255,1,2,252,0.9882352941176471,56,counters_only,False,True,False,10,10,4,9160208,True,True,True,
week10_contamination_full_20260728,incremental_valid_n256_001,17,incremental_valid,256,20516724,bfeeb1c5f324b6013669b0207243fa1c06759431087de36306cae810cd2b4dae,3,nested_heavy_valid,128,127,255,1,2,252,0.9882352941176471,56,minimal,False,False,False,10,10,5,9288458,True,True,True,
week10_contamination_full_20260728,incremental_valid_n256_001,17,incremental_valid,256,20516724,bfeeb1c5f324b6013669b0207243fa1c06759431087de36306cae810cd2b4dae,3,nested_heavy_valid,128,127,255,1,2,252,0.9882352941176471,56,checked,True,True,True,11,11,1,76682333,True,True,True,
week10_contamination_full_20260728,incremental_valid_n256_001,17,incremental_valid,256,20516724,bfeeb1c5f324b6013669b0207243fa1c06759431087de36306cae810cd2b4dae,3,nested_heavy_valid,128,127,255,1,2,252,0.9882352941176471,56,trace_only,True,False,False,11,11,2,9946875,True,True,True,
week10_contamination_full_20260728,incremental_valid_n256_001,17,incremental_valid,256,20516724,bfeeb1c5f324b6013669b0207243fa1c06759431087de36306cae810cd2b4dae,3,nested_heavy_valid,128,127,255,1,2,252,0.9882352941176471,56,counters_only,False,True,False,11,11,3,9069333,True,True,True,
week10_contamination_full_20260728,incremental_valid_n256_001,17,incremental_valid,256,20516724,bfeeb1c5f324b6013669b0207243fa1c06759431087de36306cae810cd2b4dae,3,nested_heavy_valid,128,127,255,1,2,252,0.9882352941176471,56,minimal,False,False,False,11,11,4,9194708,True,True,True,
week10_contamination_full_20260728,incremental_valid_n256_001,17,incremental_valid,256,20516724,bfeeb1c5f324b6013669b0207243fa1c06759431087de36306cae810cd2b4dae,3,nested_heavy_valid,128,127,255,1,2,252,0.9882352941176471,56,instrumented,True,True,False,11,11,5,9935000,True,True,True,
week10_contamination_full_20260728,incremental_valid_n256_001,17,incremental_valid,256,20516724,bfeeb1c5f324b6013669b0207243fa1c06759431087de36306cae810cd2b4dae,3,nested_heavy_valid,128,127,255,1,2,252,0.9882352941176471,56,trace_only,True,False,False,12,12,1,9804084,True,True,True,
week10_contamination_full_20260728,incremental_valid_n256_001,17,incremental_valid,256,20516724,bfeeb1c5f324b6013669b0207243fa1c06759431087de36306cae810cd2b4dae,3,nested_heavy_valid,128,127,255,1,2,252,0.9882352941176471,56,counters_only,False,True,False,12,12,2,9314292,True,True,True,
week10_contamination_full_20260728,incremental_valid_n256_001,17,incremental_valid,256,20516724,bfeeb1c5f324b6013669b0207243fa1c06759431087de36306cae810cd2b4dae,3,nested_heavy_valid,128,127,255,1,2,252,0.9882352941176471,56,minimal,False,False,False,12,12,3,9050834,True,True,True,
week10_contamination_full_20260728,incremental_valid_n256_001,17,incremental_valid,256,20516724,bfeeb1c5f324b6013669b0207243fa1c06759431087de36306cae810cd2b4dae,3,nested_heavy_valid,128,127,255,1,2,252,0.9882352941176471,56,instrumented,True,True,False,12,12,4,10092458,True,True,True,
week10_contamination_full_20260728,incremental_valid_n256_001,17,incremental_valid,256,20516724,bfeeb1c5f324b6013669b0207243fa1c06759431087de36306cae810cd2b4dae,3,nested_heavy_valid,128,127,255,1,2,252,0.9882352941176471,56,checked,True,True,True,12,12,5,76661375,True,True,True,
week10_contamination_full_20260728,incremental_valid_n256_001,17,incremental_valid,256,20516724,bfeeb1c5f324b6013669b0207243fa1c06759431087de36306cae810cd2b4dae,3,nested_heavy_valid,128,127,255,1,2,252,0.9882352941176471,56,counters_only,False,True,False,13,13,1,9224292,True,True,True,
week10_contamination_full_20260728,incremental_valid_n256_001,17,incremental_valid,256,20516724,bfeeb1c5f324b6013669b0207243fa1c06759431087de36306cae810cd2b4dae,3,nested_heavy_valid,128,127,255,1,2,252,0.9882352941176471,56,minimal,False,False,False,13,13,2,9055708,True,True,True,
week10_contamination_full_20260728,incremental_valid_n256_001,17,incremental_valid,256,20516724,bfeeb1c5f324b6013669b0207243fa1c06759431087de36306cae810cd2b4dae,3,nested_heavy_valid,128,127,255,1,2,252,0.9882352941176471,56,instrumented,True,True,False,13,13,3,9852250,True,True,True,
week10_contamination_full_20260728,incremental_valid_n256_001,17,incremental_valid,256,20516724,bfeeb1c5f324b6013669b0207243fa1c06759431087de36306cae810cd2b4dae,3,nested_heavy_valid,128,127,255,1,2,252,0.9882352941176471,56,checked,True,True,True,13,13,4,76649667,True,True,True,
week10_contamination_full_20260728,incremental_valid_n256_001,17,incremental_valid,256,20516724,bfeeb1c5f324b6013669b0207243fa1c06759431087de36306cae810cd2b4dae,3,nested_heavy_valid,128,127,255,1,2,252,0.9882352941176471,56,trace_only,True,False,False,13,13,5,9789208,True,True,True,
week10_contamination_full_20260728,incremental_valid_n256_001,17,incremental_valid,256,20516724,bfeeb1c5f324b6013669b0207243fa1c06759431087de36306cae810cd2b4dae,3,nested_heavy_valid,128,127,255,1,2,252,0.9882352941176471,56,minimal,False,False,False,14,14,1,9118833,True,True,True,
week10_contamination_full_20260728,incremental_valid_n256_001,17,incremental_valid,256,20516724,bfeeb1c5f324b6013669b0207243fa1c06759431087de36306cae810cd2b4dae,3,nested_heavy_valid,128,127,255,1,2,252,0.9882352941176471,56,instrumented,True,True,False,14,14,2,9951584,True,True,True,
week10_contamination_full_20260728,incremental_valid_n256_001,17,incremental_valid,256,20516724,bfeeb1c5f324b6013669b0207243fa1c06759431087de36306cae810cd2b4dae,3,nested_heavy_valid,128,127,255,1,2,252,0.9882352941176471,56,checked,True,True,True,14,14,3,76590292,True,True,True,
week10_contamination_full_20260728,incremental_valid_n256_001,17,incremental_valid,256,20516724,bfeeb1c5f324b6013669b0207243fa1c06759431087de36306cae810cd2b4dae,3,nested_heavy_valid,128,127,255,1,2,252,0.9882352941176471,56,trace_only,True,False,False,14,14,4,9887875,True,True,True,
week10_contamination_full_20260728,incremental_valid_n256_001,17,incremental_valid,256,20516724,bfeeb1c5f324b6013669b0207243fa1c06759431087de36306cae810cd2b4dae,3,nested_heavy_valid,128,127,255,1,2,252,0.9882352941176471,56,counters_only,False,True,False,14,14,5,9133208,True,True,True,
week10_contamination_full_20260728,incremental_valid_n256_001,17,incremental_valid,256,20516724,bfeeb1c5f324b6013669b0207243fa1c06759431087de36306cae810cd2b4dae,3,nested_heavy_valid,128,127,255,1,2,252,0.9882352941176471,56,instrumented,True,True,False,15,15,1,10030167,True,True,True,
week10_contamination_full_20260728,incremental_valid_n256_001,17,incremental_valid,256,20516724,bfeeb1c5f324b6013669b0207243fa1c06759431087de36306cae810cd2b4dae,3,nested_heavy_valid,128,127,255,1,2,252,0.9882352941176471,56,checked,True,True,True,15,15,2,76991292,True,True,True,
week10_contamination_full_20260728,incremental_valid_n256_001,17,incremental_valid,256,20516724,bfeeb1c5f324b6013669b0207243fa1c06759431087de36306cae810cd2b4dae,3,nested_heavy_valid,128,127,255,1,2,252,0.9882352941176471,56,trace_only,True,False,False,15,15,3,9903417,True,True,True,
week10_contamination_full_20260728,incremental_valid_n256_001,17,incremental_valid,256,20516724,bfeeb1c5f324b6013669b0207243fa1c06759431087de36306cae810cd2b4dae,3,nested_heavy_valid,128,127,255,1,2,252,0.9882352941176471,56,counters_only,False,True,False,15,15,4,9215583,True,True,True,
week10_contamination_full_20260728,incremental_valid_n256_001,17,incremental_valid,256,20516724,bfeeb1c5f324b6013669b0207243fa1c06759431087de36306cae810cd2b4dae,3,nested_heavy_valid,128,127,255,1,2,252,0.9882352941176471,56,minimal,False,False,False,15,15,5,9024542,True,True,True,
week10_contamination_full_20260728,incremental_valid_n32_003,10,incremental_valid,32,20292726,6b04cd68c7dbe61c514086019a49f509c49bb6091775cd22fa2d7cfcb55d29aa,4,nested_heavy_valid,16,15,31,3,3,25,0.8064516129032258,5,checked,True,True,True,1,1,1,1625458,True,True,True,
week10_contamination_full_20260728,incremental_valid_n32_003,10,incremental_valid,32,20292726,6b04cd68c7dbe61c514086019a49f509c49bb6091775cd22fa2d7cfcb55d29aa,4,nested_heavy_valid,16,15,31,3,3,25,0.8064516129032258,5,counters_only,False,True,False,1,1,2,815417,True,True,True,
week10_contamination_full_20260728,incremental_valid_n32_003,10,incremental_valid,32,20292726,6b04cd68c7dbe61c514086019a49f509c49bb6091775cd22fa2d7cfcb55d29aa,4,nested_heavy_valid,16,15,31,3,3,25,0.8064516129032258,5,minimal,False,False,False,1,1,3,797666,True,True,True,
week10_contamination_full_20260728,incremental_valid_n32_003,10,incremental_valid,32,20292726,6b04cd68c7dbe61c514086019a49f509c49bb6091775cd22fa2d7cfcb55d29aa,4,nested_heavy_valid,16,15,31,3,3,25,0.8064516129032258,5,instrumented,True,True,False,1,1,4,910166,True,True,True,
week10_contamination_full_20260728,incremental_valid_n32_003,10,incremental_valid,32,20292726,6b04cd68c7dbe61c514086019a49f509c49bb6091775cd22fa2d7cfcb55d29aa,4,nested_heavy_valid,16,15,31,3,3,25,0.8064516129032258,5,trace_only,True,False,False,1,1,5,904333,True,True,True,
week10_contamination_full_20260728,incremental_valid_n32_003,10,incremental_valid,32,20292726,6b04cd68c7dbe61c514086019a49f509c49bb6091775cd22fa2d7cfcb55d29aa,4,nested_heavy_valid,16,15,31,3,3,25,0.8064516129032258,5,counters_only,False,True,False,2,2,1,853750,True,True,True,
week10_contamination_full_20260728,incremental_valid_n32_003,10,incremental_valid,32,20292726,6b04cd68c7dbe61c514086019a49f509c49bb6091775cd22fa2d7cfcb55d29aa,4,nested_heavy_valid,16,15,31,3,3,25,0.8064516129032258,5,minimal,False,False,False,2,2,2,804500,True,True,True,
week10_contamination_full_20260728,incremental_valid_n32_003,10,incremental_valid,32,20292726,6b04cd68c7dbe61c514086019a49f509c49bb6091775cd22fa2d7cfcb55d29aa,4,nested_heavy_valid,16,15,31,3,3,25,0.8064516129032258,5,instrumented,True,True,False,2,2,3,994375,True,True,True,
week10_contamination_full_20260728,incremental_valid_n32_003,10,incremental_valid,32,20292726,6b04cd68c7dbe61c514086019a49f509c49bb6091775cd22fa2d7cfcb55d29aa,4,nested_heavy_valid,16,15,31,3,3,25,0.8064516129032258,5,trace_only,True,False,False,2,2,4,912750,True,True,True,
week10_contamination_full_20260728,incremental_valid_n32_003,10,incremental_valid,32,20292726,6b04cd68c7dbe61c514086019a49f509c49bb6091775cd22fa2d7cfcb55d29aa,4,nested_heavy_valid,16,15,31,3,3,25,0.8064516129032258,5,checked,True,True,True,2,2,5,1626459,True,True,True,
week10_contamination_full_20260728,incremental_valid_n32_003,10,incremental_valid,32,20292726,6b04cd68c7dbe61c514086019a49f509c49bb6091775cd22fa2d7cfcb55d29aa,4,nested_heavy_valid,16,15,31,3,3,25,0.8064516129032258,5,minimal,False,False,False,3,3,1,804000,True,True,True,
week10_contamination_full_20260728,incremental_valid_n32_003,10,incremental_valid,32,20292726,6b04cd68c7dbe61c514086019a49f509c49bb6091775cd22fa2d7cfcb55d29aa,4,nested_heavy_valid,16,15,31,3,3,25,0.8064516129032258,5,instrumented,True,True,False,3,3,2,909916,True,True,True,
week10_contamination_full_20260728,incremental_valid_n32_003,10,incremental_valid,32,20292726,6b04cd68c7dbe61c514086019a49f509c49bb6091775cd22fa2d7cfcb55d29aa,4,nested_heavy_valid,16,15,31,3,3,25,0.8064516129032258,5,trace_only,True,False,False,3,3,3,887417,True,True,True,
week10_contamination_full_20260728,incremental_valid_n32_003,10,incremental_valid,32,20292726,6b04cd68c7dbe61c514086019a49f509c49bb6091775cd22fa2d7cfcb55d29aa,4,nested_heavy_valid,16,15,31,3,3,25,0.8064516129032258,5,checked,True,True,True,3,3,4,1631833,True,True,True,
week10_contamination_full_20260728,incremental_valid_n32_003,10,incremental_valid,32,20292726,6b04cd68c7dbe61c514086019a49f509c49bb6091775cd22fa2d7cfcb55d29aa,4,nested_heavy_valid,16,15,31,3,3,25,0.8064516129032258,5,counters_only,False,True,False,3,3,5,834750,True,True,True,
week10_contamination_full_20260728,incremental_valid_n32_003,10,incremental_valid,32,20292726,6b04cd68c7dbe61c514086019a49f509c49bb6091775cd22fa2d7cfcb55d29aa,4,nested_heavy_valid,16,15,31,3,3,25,0.8064516129032258,5,instrumented,True,True,False,4,4,1,906000,True,True,True,
week10_contamination_full_20260728,incremental_valid_n32_003,10,incremental_valid,32,20292726,6b04cd68c7dbe61c514086019a49f509c49bb6091775cd22fa2d7cfcb55d29aa,4,nested_heavy_valid,16,15,31,3,3,25,0.8064516129032258,5,trace_only,True,False,False,4,4,2,890834,True,True,True,
week10_contamination_full_20260728,incremental_valid_n32_003,10,incremental_valid,32,20292726,6b04cd68c7dbe61c514086019a49f509c49bb6091775cd22fa2d7cfcb55d29aa,4,nested_heavy_valid,16,15,31,3,3,25,0.8064516129032258,5,checked,True,True,True,4,4,3,1625959,True,True,True,
week10_contamination_full_20260728,incremental_valid_n32_003,10,incremental_valid,32,20292726,6b04cd68c7dbe61c514086019a49f509c49bb6091775cd22fa2d7cfcb55d29aa,4,nested_heavy_valid,16,15,31,3,3,25,0.8064516129032258,5,counters_only,False,True,False,4,4,4,823708,True,True,True,
week10_contamination_full_20260728,incremental_valid_n32_003,10,incremental_valid,32,20292726,6b04cd68c7dbe61c514086019a49f509c49bb6091775cd22fa2d7cfcb55d29aa,4,nested_heavy_valid,16,15,31,3,3,25,0.8064516129032258,5,minimal,False,False,False,4,4,5,799750,True,True,True,
week10_contamination_full_20260728,incremental_valid_n32_003,10,incremental_valid,32,20292726,6b04cd68c7dbe61c514086019a49f509c49bb6091775cd22fa2d7cfcb55d29aa,4,nested_heavy_valid,16,15,31,3,3,25,0.8064516129032258,5,trace_only,True,False,False,5,5,1,905709,True,True,True,
week10_contamination_full_20260728,incremental_valid_n32_003,10,incremental_valid,32,20292726,6b04cd68c7dbe61c514086019a49f509c49bb6091775cd22fa2d7cfcb55d29aa,4,nested_heavy_valid,16,15,31,3,3,25,0.8064516129032258,5,checked,True,True,True,5,5,2,1685917,True,True,True,
week10_contamination_full_20260728,incremental_valid_n32_003,10,incremental_valid,32,20292726,6b04cd68c7dbe61c514086019a49f509c49bb6091775cd22fa2d7cfcb55d29aa,4,nested_heavy_valid,16,15,31,3,3,25,0.8064516129032258,5,counters_only,False,True,False,5,5,3,819333,True,True,True,
week10_contamination_full_20260728,incremental_valid_n32_003,10,incremental_valid,32,20292726,6b04cd68c7dbe61c514086019a49f509c49bb6091775cd22fa2d7cfcb55d29aa,4,nested_heavy_valid,16,15,31,3,3,25,0.8064516129032258,5,minimal,False,False,False,5,5,4,899250,True,True,True,
week10_contamination_full_20260728,incremental_valid_n32_003,10,incremental_valid,32,20292726,6b04cd68c7dbe61c514086019a49f509c49bb6091775cd22fa2d7cfcb55d29aa,4,nested_heavy_valid,16,15,31,3,3,25,0.8064516129032258,5,instrumented,True,True,False,5,5,5,921833,True,True,True,
week10_contamination_full_20260728,incremental_valid_n32_003,10,incremental_valid,32,20292726,6b04cd68c7dbe61c514086019a49f509c49bb6091775cd22fa2d7cfcb55d29aa,4,nested_heavy_valid,16,15,31,3,3,25,0.8064516129032258,5,checked,True,True,True,6,6,1,1639083,True,True,True,
week10_contamination_full_20260728,incremental_valid_n32_003,10,incremental_valid,32,20292726,6b04cd68c7dbe61c514086019a49f509c49bb6091775cd22fa2d7cfcb55d29aa,4,nested_heavy_valid,16,15,31,3,3,25,0.8064516129032258,5,counters_only,False,True,False,6,6,2,877625,True,True,True,
week10_contamination_full_20260728,incremental_valid_n32_003,10,incremental_valid,32,20292726,6b04cd68c7dbe61c514086019a49f509c49bb6091775cd22fa2d7cfcb55d29aa,4,nested_heavy_valid,16,15,31,3,3,25,0.8064516129032258,5,minimal,False,False,False,6,6,3,812541,True,True,True,
week10_contamination_full_20260728,incremental_valid_n32_003,10,incremental_valid,32,20292726,6b04cd68c7dbe61c514086019a49f509c49bb6091775cd22fa2d7cfcb55d29aa,4,nested_heavy_valid,16,15,31,3,3,25,0.8064516129032258,5,instrumented,True,True,False,6,6,4,924625,True,True,True,
week10_contamination_full_20260728,incremental_valid_n32_003,10,incremental_valid,32,20292726,6b04cd68c7dbe61c514086019a49f509c49bb6091775cd22fa2d7cfcb55d29aa,4,nested_heavy_valid,16,15,31,3,3,25,0.8064516129032258,5,trace_only,True,False,False,6,6,5,889542,True,True,True,
week10_contamination_full_20260728,incremental_valid_n32_003,10,incremental_valid,32,20292726,6b04cd68c7dbe61c514086019a49f509c49bb6091775cd22fa2d7cfcb55d29aa,4,nested_heavy_valid,16,15,31,3,3,25,0.8064516129032258,5,counters_only,False,True,False,7,7,1,844458,True,True,True,
week10_contamination_full_20260728,incremental_valid_n32_003,10,incremental_valid,32,20292726,6b04cd68c7dbe61c514086019a49f509c49bb6091775cd22fa2d7cfcb55d29aa,4,nested_heavy_valid,16,15,31,3,3,25,0.8064516129032258,5,minimal,False,False,False,7,7,2,797000,True,True,True,
week10_contamination_full_20260728,incremental_valid_n32_003,10,incremental_valid,32,20292726,6b04cd68c7dbe61c514086019a49f509c49bb6091775cd22fa2d7cfcb55d29aa,4,nested_heavy_valid,16,15,31,3,3,25,0.8064516129032258,5,instrumented,True,True,False,7,7,3,911541,True,True,True,
week10_contamination_full_20260728,incremental_valid_n32_003,10,incremental_valid,32,20292726,6b04cd68c7dbe61c514086019a49f509c49bb6091775cd22fa2d7cfcb55d29aa,4,nested_heavy_valid,16,15,31,3,3,25,0.8064516129032258,5,trace_only,True,False,False,7,7,4,883750,True,True,True,
week10_contamination_full_20260728,incremental_valid_n32_003,10,incremental_valid,32,20292726,6b04cd68c7dbe61c514086019a49f509c49bb6091775cd22fa2d7cfcb55d29aa,4,nested_heavy_valid,16,15,31,3,3,25,0.8064516129032258,5,checked,True,True,True,7,7,5,1616292,True,True,True,
week10_contamination_full_20260728,incremental_valid_n32_003,10,incremental_valid,32,20292726,6b04cd68c7dbe61c514086019a49f509c49bb6091775cd22fa2d7cfcb55d29aa,4,nested_heavy_valid,16,15,31,3,3,25,0.8064516129032258,5,minimal,False,False,False,8,8,1,803542,True,True,True,
week10_contamination_full_20260728,incremental_valid_n32_003,10,incremental_valid,32,20292726,6b04cd68c7dbe61c514086019a49f509c49bb6091775cd22fa2d7cfcb55d29aa,4,nested_heavy_valid,16,15,31,3,3,25,0.8064516129032258,5,instrumented,True,True,False,8,8,2,916542,True,True,True,
week10_contamination_full_20260728,incremental_valid_n32_003,10,incremental_valid,32,20292726,6b04cd68c7dbe61c514086019a49f509c49bb6091775cd22fa2d7cfcb55d29aa,4,nested_heavy_valid,16,15,31,3,3,25,0.8064516129032258,5,trace_only,True,False,False,8,8,3,912459,True,True,True,
week10_contamination_full_20260728,incremental_valid_n32_003,10,incremental_valid,32,20292726,6b04cd68c7dbe61c514086019a49f509c49bb6091775cd22fa2d7cfcb55d29aa,4,nested_heavy_valid,16,15,31,3,3,25,0.8064516129032258,5,checked,True,True,True,8,8,4,1631458,True,True,True,
week10_contamination_full_20260728,incremental_valid_n32_003,10,incremental_valid,32,20292726,6b04cd68c7dbe61c514086019a49f509c49bb6091775cd22fa2d7cfcb55d29aa,4,nested_heavy_valid,16,15,31,3,3,25,0.8064516129032258,5,counters_only,False,True,False,8,8,5,928959,True,True,True,
week10_contamination_full_20260728,incremental_valid_n32_003,10,incremental_valid,32,20292726,6b04cd68c7dbe61c514086019a49f509c49bb6091775cd22fa2d7cfcb55d29aa,4,nested_heavy_valid,16,15,31,3,3,25,0.8064516129032258,5,instrumented,True,True,False,9,9,1,909666,True,True,True,
week10_contamination_full_20260728,incremental_valid_n32_003,10,incremental_valid,32,20292726,6b04cd68c7dbe61c514086019a49f509c49bb6091775cd22fa2d7cfcb55d29aa,4,nested_heavy_valid,16,15,31,3,3,25,0.8064516129032258,5,trace_only,True,False,False,9,9,2,896000,True,True,True,
week10_contamination_full_20260728,incremental_valid_n32_003,10,incremental_valid,32,20292726,6b04cd68c7dbe61c514086019a49f509c49bb6091775cd22fa2d7cfcb55d29aa,4,nested_heavy_valid,16,15,31,3,3,25,0.8064516129032258,5,checked,True,True,True,9,9,3,1658916,True,True,True,
week10_contamination_full_20260728,incremental_valid_n32_003,10,incremental_valid,32,20292726,6b04cd68c7dbe61c514086019a49f509c49bb6091775cd22fa2d7cfcb55d29aa,4,nested_heavy_valid,16,15,31,3,3,25,0.8064516129032258,5,counters_only,False,True,False,9,9,4,835042,True,True,True,
week10_contamination_full_20260728,incremental_valid_n32_003,10,incremental_valid,32,20292726,6b04cd68c7dbe61c514086019a49f509c49bb6091775cd22fa2d7cfcb55d29aa,4,nested_heavy_valid,16,15,31,3,3,25,0.8064516129032258,5,minimal,False,False,False,9,9,5,782375,True,True,True,
week10_contamination_full_20260728,incremental_valid_n32_003,10,incremental_valid,32,20292726,6b04cd68c7dbe61c514086019a49f509c49bb6091775cd22fa2d7cfcb55d29aa,4,nested_heavy_valid,16,15,31,3,3,25,0.8064516129032258,5,trace_only,True,False,False,10,10,1,889292,True,True,True,
week10_contamination_full_20260728,incremental_valid_n32_003,10,incremental_valid,32,20292726,6b04cd68c7dbe61c514086019a49f509c49bb6091775cd22fa2d7cfcb55d29aa,4,nested_heavy_valid,16,15,31,3,3,25,0.8064516129032258,5,checked,True,True,True,10,10,2,1637542,True,True,True,
week10_contamination_full_20260728,incremental_valid_n32_003,10,incremental_valid,32,20292726,6b04cd68c7dbe61c514086019a49f509c49bb6091775cd22fa2d7cfcb55d29aa,4,nested_heavy_valid,16,15,31,3,3,25,0.8064516129032258,5,counters_only,False,True,False,10,10,3,815959,True,True,True,
week10_contamination_full_20260728,incremental_valid_n32_003,10,incremental_valid,32,20292726,6b04cd68c7dbe61c514086019a49f509c49bb6091775cd22fa2d7cfcb55d29aa,4,nested_heavy_valid,16,15,31,3,3,25,0.8064516129032258,5,minimal,False,False,False,10,10,4,791500,True,True,True,
week10_contamination_full_20260728,incremental_valid_n32_003,10,incremental_valid,32,20292726,6b04cd68c7dbe61c514086019a49f509c49bb6091775cd22fa2d7cfcb55d29aa,4,nested_heavy_valid,16,15,31,3,3,25,0.8064516129032258,5,instrumented,True,True,False,10,10,5,909292,True,True,True,
week10_contamination_full_20260728,incremental_valid_n32_003,10,incremental_valid,32,20292726,6b04cd68c7dbe61c514086019a49f509c49bb6091775cd22fa2d7cfcb55d29aa,4,nested_heavy_valid,16,15,31,3,3,25,0.8064516129032258,5,checked,True,True,True,11,11,1,1624833,True,True,True,
week10_contamination_full_20260728,incremental_valid_n32_003,10,incremental_valid,32,20292726,6b04cd68c7dbe61c514086019a49f509c49bb6091775cd22fa2d7cfcb55d29aa,4,nested_heavy_valid,16,15,31,3,3,25,0.8064516129032258,5,counters_only,False,True,False,11,11,2,823791,True,True,True,
week10_contamination_full_20260728,incremental_valid_n32_003,10,incremental_valid,32,20292726,6b04cd68c7dbe61c514086019a49f509c49bb6091775cd22fa2d7cfcb55d29aa,4,nested_heavy_valid,16,15,31,3,3,25,0.8064516129032258,5,minimal,False,False,False,11,11,3,813167,True,True,True,
week10_contamination_full_20260728,incremental_valid_n32_003,10,incremental_valid,32,20292726,6b04cd68c7dbe61c514086019a49f509c49bb6091775cd22fa2d7cfcb55d29aa,4,nested_heavy_valid,16,15,31,3,3,25,0.8064516129032258,5,instrumented,True,True,False,11,11,4,923542,True,True,True,
week10_contamination_full_20260728,incremental_valid_n32_003,10,incremental_valid,32,20292726,6b04cd68c7dbe61c514086019a49f509c49bb6091775cd22fa2d7cfcb55d29aa,4,nested_heavy_valid,16,15,31,3,3,25,0.8064516129032258,5,trace_only,True,False,False,11,11,5,903750,True,True,True,
week10_contamination_full_20260728,incremental_valid_n32_003,10,incremental_valid,32,20292726,6b04cd68c7dbe61c514086019a49f509c49bb6091775cd22fa2d7cfcb55d29aa,4,nested_heavy_valid,16,15,31,3,3,25,0.8064516129032258,5,counters_only,False,True,False,12,12,1,913667,True,True,True,
week10_contamination_full_20260728,incremental_valid_n32_003,10,incremental_valid,32,20292726,6b04cd68c7dbe61c514086019a49f509c49bb6091775cd22fa2d7cfcb55d29aa,4,nested_heavy_valid,16,15,31,3,3,25,0.8064516129032258,5,minimal,False,False,False,12,12,2,832375,True,True,True,
week10_contamination_full_20260728,incremental_valid_n32_003,10,incremental_valid,32,20292726,6b04cd68c7dbe61c514086019a49f509c49bb6091775cd22fa2d7cfcb55d29aa,4,nested_heavy_valid,16,15,31,3,3,25,0.8064516129032258,5,instrumented,True,True,False,12,12,3,909584,True,True,True,
week10_contamination_full_20260728,incremental_valid_n32_003,10,incremental_valid,32,20292726,6b04cd68c7dbe61c514086019a49f509c49bb6091775cd22fa2d7cfcb55d29aa,4,nested_heavy_valid,16,15,31,3,3,25,0.8064516129032258,5,trace_only,True,False,False,12,12,4,922791,True,True,True,
week10_contamination_full_20260728,incremental_valid_n32_003,10,incremental_valid,32,20292726,6b04cd68c7dbe61c514086019a49f509c49bb6091775cd22fa2d7cfcb55d29aa,4,nested_heavy_valid,16,15,31,3,3,25,0.8064516129032258,5,checked,True,True,True,12,12,5,1647375,True,True,True,
week10_contamination_full_20260728,incremental_valid_n32_003,10,incremental_valid,32,20292726,6b04cd68c7dbe61c514086019a49f509c49bb6091775cd22fa2d7cfcb55d29aa,4,nested_heavy_valid,16,15,31,3,3,25,0.8064516129032258,5,minimal,False,False,False,13,13,1,801709,True,True,True,
week10_contamination_full_20260728,incremental_valid_n32_003,10,incremental_valid,32,20292726,6b04cd68c7dbe61c514086019a49f509c49bb6091775cd22fa2d7cfcb55d29aa,4,nested_heavy_valid,16,15,31,3,3,25,0.8064516129032258,5,instrumented,True,True,False,13,13,2,903125,True,True,True,
week10_contamination_full_20260728,incremental_valid_n32_003,10,incremental_valid,32,20292726,6b04cd68c7dbe61c514086019a49f509c49bb6091775cd22fa2d7cfcb55d29aa,4,nested_heavy_valid,16,15,31,3,3,25,0.8064516129032258,5,trace_only,True,False,False,13,13,3,886791,True,True,True,
week10_contamination_full_20260728,incremental_valid_n32_003,10,incremental_valid,32,20292726,6b04cd68c7dbe61c514086019a49f509c49bb6091775cd22fa2d7cfcb55d29aa,4,nested_heavy_valid,16,15,31,3,3,25,0.8064516129032258,5,checked,True,True,True,13,13,4,1621625,True,True,True,
week10_contamination_full_20260728,incremental_valid_n32_003,10,incremental_valid,32,20292726,6b04cd68c7dbe61c514086019a49f509c49bb6091775cd22fa2d7cfcb55d29aa,4,nested_heavy_valid,16,15,31,3,3,25,0.8064516129032258,5,counters_only,False,True,False,13,13,5,821500,True,True,True,
week10_contamination_full_20260728,incremental_valid_n32_003,10,incremental_valid,32,20292726,6b04cd68c7dbe61c514086019a49f509c49bb6091775cd22fa2d7cfcb55d29aa,4,nested_heavy_valid,16,15,31,3,3,25,0.8064516129032258,5,instrumented,True,True,False,14,14,1,911791,True,True,True,
week10_contamination_full_20260728,incremental_valid_n32_003,10,incremental_valid,32,20292726,6b04cd68c7dbe61c514086019a49f509c49bb6091775cd22fa2d7cfcb55d29aa,4,nested_heavy_valid,16,15,31,3,3,25,0.8064516129032258,5,trace_only,True,False,False,14,14,2,879291,True,True,True,
week10_contamination_full_20260728,incremental_valid_n32_003,10,incremental_valid,32,20292726,6b04cd68c7dbe61c514086019a49f509c49bb6091775cd22fa2d7cfcb55d29aa,4,nested_heavy_valid,16,15,31,3,3,25,0.8064516129032258,5,checked,True,True,True,14,14,3,1620666,True,True,True,
week10_contamination_full_20260728,incremental_valid_n32_003,10,incremental_valid,32,20292726,6b04cd68c7dbe61c514086019a49f509c49bb6091775cd22fa2d7cfcb55d29aa,4,nested_heavy_valid,16,15,31,3,3,25,0.8064516129032258,5,counters_only,False,True,False,14,14,4,831709,True,True,True,
week10_contamination_full_20260728,incremental_valid_n32_003,10,incremental_valid,32,20292726,6b04cd68c7dbe61c514086019a49f509c49bb6091775cd22fa2d7cfcb55d29aa,4,nested_heavy_valid,16,15,31,3,3,25,0.8064516129032258,5,minimal,False,False,False,14,14,5,810334,True,True,True,
week10_contamination_full_20260728,incremental_valid_n32_003,10,incremental_valid,32,20292726,6b04cd68c7dbe61c514086019a49f509c49bb6091775cd22fa2d7cfcb55d29aa,4,nested_heavy_valid,16,15,31,3,3,25,0.8064516129032258,5,trace_only,True,False,False,15,15,1,896291,True,True,True,
week10_contamination_full_20260728,incremental_valid_n32_003,10,incremental_valid,32,20292726,6b04cd68c7dbe61c514086019a49f509c49bb6091775cd22fa2d7cfcb55d29aa,4,nested_heavy_valid,16,15,31,3,3,25,0.8064516129032258,5,checked,True,True,True,15,15,2,1735250,True,True,True,
week10_contamination_full_20260728,incremental_valid_n32_003,10,incremental_valid,32,20292726,6b04cd68c7dbe61c514086019a49f509c49bb6091775cd22fa2d7cfcb55d29aa,4,nested_heavy_valid,16,15,31,3,3,25,0.8064516129032258,5,counters_only,False,True,False,15,15,3,838375,True,True,True,
week10_contamination_full_20260728,incremental_valid_n32_003,10,incremental_valid,32,20292726,6b04cd68c7dbe61c514086019a49f509c49bb6091775cd22fa2d7cfcb55d29aa,4,nested_heavy_valid,16,15,31,3,3,25,0.8064516129032258,5,minimal,False,False,False,15,15,4,800167,True,True,True,
week10_contamination_full_20260728,incremental_valid_n32_003,10,incremental_valid,32,20292726,6b04cd68c7dbe61c514086019a49f509c49bb6091775cd22fa2d7cfcb55d29aa,4,nested_heavy_valid,16,15,31,3,3,25,0.8064516129032258,5,instrumented,True,True,False,15,15,5,919917,True,True,True,
week10_contamination_full_20260728,incremental_valid_n128_003,16,incremental_valid,128,20388726,afac7e5e2b018827d978b03c7960c1577a063b7793157cc418abd07d835dd8f1,5,nested_heavy_valid,64,63,127,1,3,123,0.968503937007874,26,counters_only,False,True,False,1,1,1,3959833,True,True,True,
week10_contamination_full_20260728,incremental_valid_n128_003,16,incremental_valid,128,20388726,afac7e5e2b018827d978b03c7960c1577a063b7793157cc418abd07d835dd8f1,5,nested_heavy_valid,64,63,127,1,3,123,0.968503937007874,26,checked,True,True,True,1,1,2,15579167,True,True,True,
week10_contamination_full_20260728,incremental_valid_n128_003,16,incremental_valid,128,20388726,afac7e5e2b018827d978b03c7960c1577a063b7793157cc418abd07d835dd8f1,5,nested_heavy_valid,64,63,127,1,3,123,0.968503937007874,26,minimal,False,False,False,1,1,3,3657291,True,True,True,
week10_contamination_full_20260728,incremental_valid_n128_003,16,incremental_valid,128,20388726,afac7e5e2b018827d978b03c7960c1577a063b7793157cc418abd07d835dd8f1,5,nested_heavy_valid,64,63,127,1,3,123,0.968503937007874,26,trace_only,True,False,False,1,1,4,4054584,True,True,True,
week10_contamination_full_20260728,incremental_valid_n128_003,16,incremental_valid,128,20388726,afac7e5e2b018827d978b03c7960c1577a063b7793157cc418abd07d835dd8f1,5,nested_heavy_valid,64,63,127,1,3,123,0.968503937007874,26,instrumented,True,True,False,1,1,5,4176208,True,True,True,
week10_contamination_full_20260728,incremental_valid_n128_003,16,incremental_valid,128,20388726,afac7e5e2b018827d978b03c7960c1577a063b7793157cc418abd07d835dd8f1,5,nested_heavy_valid,64,63,127,1,3,123,0.968503937007874,26,checked,True,True,True,2,2,1,15612917,True,True,True,
week10_contamination_full_20260728,incremental_valid_n128_003,16,incremental_valid,128,20388726,afac7e5e2b018827d978b03c7960c1577a063b7793157cc418abd07d835dd8f1,5,nested_heavy_valid,64,63,127,1,3,123,0.968503937007874,26,minimal,False,False,False,2,2,2,3699791,True,True,True,
week10_contamination_full_20260728,incremental_valid_n128_003,16,incremental_valid,128,20388726,afac7e5e2b018827d978b03c7960c1577a063b7793157cc418abd07d835dd8f1,5,nested_heavy_valid,64,63,127,1,3,123,0.968503937007874,26,trace_only,True,False,False,2,2,3,4128709,True,True,True,
week10_contamination_full_20260728,incremental_valid_n128_003,16,incremental_valid,128,20388726,afac7e5e2b018827d978b03c7960c1577a063b7793157cc418abd07d835dd8f1,5,nested_heavy_valid,64,63,127,1,3,123,0.968503937007874,26,instrumented,True,True,False,2,2,4,4193667,True,True,True,
week10_contamination_full_20260728,incremental_valid_n128_003,16,incremental_valid,128,20388726,afac7e5e2b018827d978b03c7960c1577a063b7793157cc418abd07d835dd8f1,5,nested_heavy_valid,64,63,127,1,3,123,0.968503937007874,26,counters_only,False,True,False,2,2,5,3776292,True,True,True,
week10_contamination_full_20260728,incremental_valid_n128_003,16,incremental_valid,128,20388726,afac7e5e2b018827d978b03c7960c1577a063b7793157cc418abd07d835dd8f1,5,nested_heavy_valid,64,63,127,1,3,123,0.968503937007874,26,minimal,False,False,False,3,3,1,3762458,True,True,True,
week10_contamination_full_20260728,incremental_valid_n128_003,16,incremental_valid,128,20388726,afac7e5e2b018827d978b03c7960c1577a063b7793157cc418abd07d835dd8f1,5,nested_heavy_valid,64,63,127,1,3,123,0.968503937007874,26,trace_only,True,False,False,3,3,2,4177292,True,True,True,
week10_contamination_full_20260728,incremental_valid_n128_003,16,incremental_valid,128,20388726,afac7e5e2b018827d978b03c7960c1577a063b7793157cc418abd07d835dd8f1,5,nested_heavy_valid,64,63,127,1,3,123,0.968503937007874,26,instrumented,True,True,False,3,3,3,4193666,True,True,True,
week10_contamination_full_20260728,incremental_valid_n128_003,16,incremental_valid,128,20388726,afac7e5e2b018827d978b03c7960c1577a063b7793157cc418abd07d835dd8f1,5,nested_heavy_valid,64,63,127,1,3,123,0.968503937007874,26,counters_only,False,True,False,3,3,4,3770167,True,True,True,
week10_contamination_full_20260728,incremental_valid_n128_003,16,incremental_valid,128,20388726,afac7e5e2b018827d978b03c7960c1577a063b7793157cc418abd07d835dd8f1,5,nested_heavy_valid,64,63,127,1,3,123,0.968503937007874,26,checked,True,True,True,3,3,5,15853291,True,True,True,
week10_contamination_full_20260728,incremental_valid_n128_003,16,incremental_valid,128,20388726,afac7e5e2b018827d978b03c7960c1577a063b7793157cc418abd07d835dd8f1,5,nested_heavy_valid,64,63,127,1,3,123,0.968503937007874,26,trace_only,True,False,False,4,4,1,4091333,True,True,True,
week10_contamination_full_20260728,incremental_valid_n128_003,16,incremental_valid,128,20388726,afac7e5e2b018827d978b03c7960c1577a063b7793157cc418abd07d835dd8f1,5,nested_heavy_valid,64,63,127,1,3,123,0.968503937007874,26,instrumented,True,True,False,4,4,2,4323125,True,True,True,
week10_contamination_full_20260728,incremental_valid_n128_003,16,incremental_valid,128,20388726,afac7e5e2b018827d978b03c7960c1577a063b7793157cc418abd07d835dd8f1,5,nested_heavy_valid,64,63,127,1,3,123,0.968503937007874,26,counters_only,False,True,False,4,4,3,3791000,True,True,True,
week10_contamination_full_20260728,incremental_valid_n128_003,16,incremental_valid,128,20388726,afac7e5e2b018827d978b03c7960c1577a063b7793157cc418abd07d835dd8f1,5,nested_heavy_valid,64,63,127,1,3,123,0.968503937007874,26,checked,True,True,True,4,4,4,15804125,True,True,True,
week10_contamination_full_20260728,incremental_valid_n128_003,16,incremental_valid,128,20388726,afac7e5e2b018827d978b03c7960c1577a063b7793157cc418abd07d835dd8f1,5,nested_heavy_valid,64,63,127,1,3,123,0.968503937007874,26,minimal,False,False,False,4,4,5,3663250,True,True,True,
week10_contamination_full_20260728,incremental_valid_n128_003,16,incremental_valid,128,20388726,afac7e5e2b018827d978b03c7960c1577a063b7793157cc418abd07d835dd8f1,5,nested_heavy_valid,64,63,127,1,3,123,0.968503937007874,26,instrumented,True,True,False,5,5,1,4094084,True,True,True,
week10_contamination_full_20260728,incremental_valid_n128_003,16,incremental_valid,128,20388726,afac7e5e2b018827d978b03c7960c1577a063b7793157cc418abd07d835dd8f1,5,nested_heavy_valid,64,63,127,1,3,123,0.968503937007874,26,counters_only,False,True,False,5,5,2,3839959,True,True,True,
week10_contamination_full_20260728,incremental_valid_n128_003,16,incremental_valid,128,20388726,afac7e5e2b018827d978b03c7960c1577a063b7793157cc418abd07d835dd8f1,5,nested_heavy_valid,64,63,127,1,3,123,0.968503937007874,26,checked,True,True,True,5,5,3,15748041,True,True,True,
week10_contamination_full_20260728,incremental_valid_n128_003,16,incremental_valid,128,20388726,afac7e5e2b018827d978b03c7960c1577a063b7793157cc418abd07d835dd8f1,5,nested_heavy_valid,64,63,127,1,3,123,0.968503937007874,26,minimal,False,False,False,5,5,4,3874458,True,True,True,
week10_contamination_full_20260728,incremental_valid_n128_003,16,incremental_valid,128,20388726,afac7e5e2b018827d978b03c7960c1577a063b7793157cc418abd07d835dd8f1,5,nested_heavy_valid,64,63,127,1,3,123,0.968503937007874,26,trace_only,True,False,False,5,5,5,4089750,True,True,True,
week10_contamination_full_20260728,incremental_valid_n128_003,16,incremental_valid,128,20388726,afac7e5e2b018827d978b03c7960c1577a063b7793157cc418abd07d835dd8f1,5,nested_heavy_valid,64,63,127,1,3,123,0.968503937007874,26,counters_only,False,True,False,6,6,1,3805333,True,True,True,
week10_contamination_full_20260728,incremental_valid_n128_003,16,incremental_valid,128,20388726,afac7e5e2b018827d978b03c7960c1577a063b7793157cc418abd07d835dd8f1,5,nested_heavy_valid,64,63,127,1,3,123,0.968503937007874,26,checked,True,True,True,6,6,2,15847916,True,True,True,
week10_contamination_full_20260728,incremental_valid_n128_003,16,incremental_valid,128,20388726,afac7e5e2b018827d978b03c7960c1577a063b7793157cc418abd07d835dd8f1,5,nested_heavy_valid,64,63,127,1,3,123,0.968503937007874,26,minimal,False,False,False,6,6,3,3680958,True,True,True,
week10_contamination_full_20260728,incremental_valid_n128_003,16,incremental_valid,128,20388726,afac7e5e2b018827d978b03c7960c1577a063b7793157cc418abd07d835dd8f1,5,nested_heavy_valid,64,63,127,1,3,123,0.968503937007874,26,trace_only,True,False,False,6,6,4,4314000,True,True,True,
week10_contamination_full_20260728,incremental_valid_n128_003,16,incremental_valid,128,20388726,afac7e5e2b018827d978b03c7960c1577a063b7793157cc418abd07d835dd8f1,5,nested_heavy_valid,64,63,127,1,3,123,0.968503937007874,26,instrumented,True,True,False,6,6,5,4192583,True,True,True,
week10_contamination_full_20260728,incremental_valid_n128_003,16,incremental_valid,128,20388726,afac7e5e2b018827d978b03c7960c1577a063b7793157cc418abd07d835dd8f1,5,nested_heavy_valid,64,63,127,1,3,123,0.968503937007874,26,checked,True,True,True,7,7,1,15851208,True,True,True,
week10_contamination_full_20260728,incremental_valid_n128_003,16,incremental_valid,128,20388726,afac7e5e2b018827d978b03c7960c1577a063b7793157cc418abd07d835dd8f1,5,nested_heavy_valid,64,63,127,1,3,123,0.968503937007874,26,minimal,False,False,False,7,7,2,3767750,True,True,True,
week10_contamination_full_20260728,incremental_valid_n128_003,16,incremental_valid,128,20388726,afac7e5e2b018827d978b03c7960c1577a063b7793157cc418abd07d835dd8f1,5,nested_heavy_valid,64,63,127,1,3,123,0.968503937007874,26,trace_only,True,False,False,7,7,3,4081666,True,True,True,
week10_contamination_full_20260728,incremental_valid_n128_003,16,incremental_valid,128,20388726,afac7e5e2b018827d978b03c7960c1577a063b7793157cc418abd07d835dd8f1,5,nested_heavy_valid,64,63,127,1,3,123,0.968503937007874,26,instrumented,True,True,False,7,7,4,4246833,True,True,True,
week10_contamination_full_20260728,incremental_valid_n128_003,16,incremental_valid,128,20388726,afac7e5e2b018827d978b03c7960c1577a063b7793157cc418abd07d835dd8f1,5,nested_heavy_valid,64,63,127,1,3,123,0.968503937007874,26,counters_only,False,True,False,7,7,5,3788416,True,True,True,
week10_contamination_full_20260728,incremental_valid_n128_003,16,incremental_valid,128,20388726,afac7e5e2b018827d978b03c7960c1577a063b7793157cc418abd07d835dd8f1,5,nested_heavy_valid,64,63,127,1,3,123,0.968503937007874,26,minimal,False,False,False,8,8,1,3738000,True,True,True,
week10_contamination_full_20260728,incremental_valid_n128_003,16,incremental_valid,128,20388726,afac7e5e2b018827d978b03c7960c1577a063b7793157cc418abd07d835dd8f1,5,nested_heavy_valid,64,63,127,1,3,123,0.968503937007874,26,trace_only,True,False,False,8,8,2,4061042,True,True,True,
week10_contamination_full_20260728,incremental_valid_n128_003,16,incremental_valid,128,20388726,afac7e5e2b018827d978b03c7960c1577a063b7793157cc418abd07d835dd8f1,5,nested_heavy_valid,64,63,127,1,3,123,0.968503937007874,26,instrumented,True,True,False,8,8,3,4219459,True,True,True,
week10_contamination_full_20260728,incremental_valid_n128_003,16,incremental_valid,128,20388726,afac7e5e2b018827d978b03c7960c1577a063b7793157cc418abd07d835dd8f1,5,nested_heavy_valid,64,63,127,1,3,123,0.968503937007874,26,counters_only,False,True,False,8,8,4,3956416,True,True,True,
week10_contamination_full_20260728,incremental_valid_n128_003,16,incremental_valid,128,20388726,afac7e5e2b018827d978b03c7960c1577a063b7793157cc418abd07d835dd8f1,5,nested_heavy_valid,64,63,127,1,3,123,0.968503937007874,26,checked,True,True,True,8,8,5,16019667,True,True,True,
week10_contamination_full_20260728,incremental_valid_n128_003,16,incremental_valid,128,20388726,afac7e5e2b018827d978b03c7960c1577a063b7793157cc418abd07d835dd8f1,5,nested_heavy_valid,64,63,127,1,3,123,0.968503937007874,26,trace_only,True,False,False,9,9,1,4088667,True,True,True,
week10_contamination_full_20260728,incremental_valid_n128_003,16,incremental_valid,128,20388726,afac7e5e2b018827d978b03c7960c1577a063b7793157cc418abd07d835dd8f1,5,nested_heavy_valid,64,63,127,1,3,123,0.968503937007874,26,instrumented,True,True,False,9,9,2,4077166,True,True,True,
week10_contamination_full_20260728,incremental_valid_n128_003,16,incremental_valid,128,20388726,afac7e5e2b018827d978b03c7960c1577a063b7793157cc418abd07d835dd8f1,5,nested_heavy_valid,64,63,127,1,3,123,0.968503937007874,26,counters_only,False,True,False,9,9,3,3729166,True,True,True,
week10_contamination_full_20260728,incremental_valid_n128_003,16,incremental_valid,128,20388726,afac7e5e2b018827d978b03c7960c1577a063b7793157cc418abd07d835dd8f1,5,nested_heavy_valid,64,63,127,1,3,123,0.968503937007874,26,checked,True,True,True,9,9,4,15920041,True,True,True,
week10_contamination_full_20260728,incremental_valid_n128_003,16,incremental_valid,128,20388726,afac7e5e2b018827d978b03c7960c1577a063b7793157cc418abd07d835dd8f1,5,nested_heavy_valid,64,63,127,1,3,123,0.968503937007874,26,minimal,False,False,False,9,9,5,3891166,True,True,True,
week10_contamination_full_20260728,incremental_valid_n128_003,16,incremental_valid,128,20388726,afac7e5e2b018827d978b03c7960c1577a063b7793157cc418abd07d835dd8f1,5,nested_heavy_valid,64,63,127,1,3,123,0.968503937007874,26,instrumented,True,True,False,10,10,1,4193500,True,True,True,
week10_contamination_full_20260728,incremental_valid_n128_003,16,incremental_valid,128,20388726,afac7e5e2b018827d978b03c7960c1577a063b7793157cc418abd07d835dd8f1,5,nested_heavy_valid,64,63,127,1,3,123,0.968503937007874,26,counters_only,False,True,False,10,10,2,3718458,True,True,True,
week10_contamination_full_20260728,incremental_valid_n128_003,16,incremental_valid,128,20388726,afac7e5e2b018827d978b03c7960c1577a063b7793157cc418abd07d835dd8f1,5,nested_heavy_valid,64,63,127,1,3,123,0.968503937007874,26,checked,True,True,True,10,10,3,15639917,True,True,True,
week10_contamination_full_20260728,incremental_valid_n128_003,16,incremental_valid,128,20388726,afac7e5e2b018827d978b03c7960c1577a063b7793157cc418abd07d835dd8f1,5,nested_heavy_valid,64,63,127,1,3,123,0.968503937007874,26,minimal,False,False,False,10,10,4,3655500,True,True,True,
week10_contamination_full_20260728,incremental_valid_n128_003,16,incremental_valid,128,20388726,afac7e5e2b018827d978b03c7960c1577a063b7793157cc418abd07d835dd8f1,5,nested_heavy_valid,64,63,127,1,3,123,0.968503937007874,26,trace_only,True,False,False,10,10,5,4049625,True,True,True,
week10_contamination_full_20260728,incremental_valid_n128_003,16,incremental_valid,128,20388726,afac7e5e2b018827d978b03c7960c1577a063b7793157cc418abd07d835dd8f1,5,nested_heavy_valid,64,63,127,1,3,123,0.968503937007874,26,counters_only,False,True,False,11,11,1,3787833,True,True,True,
week10_contamination_full_20260728,incremental_valid_n128_003,16,incremental_valid,128,20388726,afac7e5e2b018827d978b03c7960c1577a063b7793157cc418abd07d835dd8f1,5,nested_heavy_valid,64,63,127,1,3,123,0.968503937007874,26,checked,True,True,True,11,11,2,15721375,True,True,True,
week10_contamination_full_20260728,incremental_valid_n128_003,16,incremental_valid,128,20388726,afac7e5e2b018827d978b03c7960c1577a063b7793157cc418abd07d835dd8f1,5,nested_heavy_valid,64,63,127,1,3,123,0.968503937007874,26,minimal,False,False,False,11,11,3,3726500,True,True,True,
week10_contamination_full_20260728,incremental_valid_n128_003,16,incremental_valid,128,20388726,afac7e5e2b018827d978b03c7960c1577a063b7793157cc418abd07d835dd8f1,5,nested_heavy_valid,64,63,127,1,3,123,0.968503937007874,26,trace_only,True,False,False,11,11,4,4076000,True,True,True,
week10_contamination_full_20260728,incremental_valid_n128_003,16,incremental_valid,128,20388726,afac7e5e2b018827d978b03c7960c1577a063b7793157cc418abd07d835dd8f1,5,nested_heavy_valid,64,63,127,1,3,123,0.968503937007874,26,instrumented,True,True,False,11,11,5,4171083,True,True,True,
week10_contamination_full_20260728,incremental_valid_n128_003,16,incremental_valid,128,20388726,afac7e5e2b018827d978b03c7960c1577a063b7793157cc418abd07d835dd8f1,5,nested_heavy_valid,64,63,127,1,3,123,0.968503937007874,26,checked,True,True,True,12,12,1,15884375,True,True,True,
week10_contamination_full_20260728,incremental_valid_n128_003,16,incremental_valid,128,20388726,afac7e5e2b018827d978b03c7960c1577a063b7793157cc418abd07d835dd8f1,5,nested_heavy_valid,64,63,127,1,3,123,0.968503937007874,26,minimal,False,False,False,12,12,2,3936292,True,True,True,
week10_contamination_full_20260728,incremental_valid_n128_003,16,incremental_valid,128,20388726,afac7e5e2b018827d978b03c7960c1577a063b7793157cc418abd07d835dd8f1,5,nested_heavy_valid,64,63,127,1,3,123,0.968503937007874,26,trace_only,True,False,False,12,12,3,4024208,True,True,True,
week10_contamination_full_20260728,incremental_valid_n128_003,16,incremental_valid,128,20388726,afac7e5e2b018827d978b03c7960c1577a063b7793157cc418abd07d835dd8f1,5,nested_heavy_valid,64,63,127,1,3,123,0.968503937007874,26,instrumented,True,True,False,12,12,4,4106958,True,True,True,
week10_contamination_full_20260728,incremental_valid_n128_003,16,incremental_valid,128,20388726,afac7e5e2b018827d978b03c7960c1577a063b7793157cc418abd07d835dd8f1,5,nested_heavy_valid,64,63,127,1,3,123,0.968503937007874,26,counters_only,False,True,False,12,12,5,3769667,True,True,True,
week10_contamination_full_20260728,incremental_valid_n128_003,16,incremental_valid,128,20388726,afac7e5e2b018827d978b03c7960c1577a063b7793157cc418abd07d835dd8f1,5,nested_heavy_valid,64,63,127,1,3,123,0.968503937007874,26,minimal,False,False,False,13,13,1,3831625,True,True,True,
week10_contamination_full_20260728,incremental_valid_n128_003,16,incremental_valid,128,20388726,afac7e5e2b018827d978b03c7960c1577a063b7793157cc418abd07d835dd8f1,5,nested_heavy_valid,64,63,127,1,3,123,0.968503937007874,26,trace_only,True,False,False,13,13,2,4086625,True,True,True,
week10_contamination_full_20260728,incremental_valid_n128_003,16,incremental_valid,128,20388726,afac7e5e2b018827d978b03c7960c1577a063b7793157cc418abd07d835dd8f1,5,nested_heavy_valid,64,63,127,1,3,123,0.968503937007874,26,instrumented,True,True,False,13,13,3,4176500,True,True,True,
week10_contamination_full_20260728,incremental_valid_n128_003,16,incremental_valid,128,20388726,afac7e5e2b018827d978b03c7960c1577a063b7793157cc418abd07d835dd8f1,5,nested_heavy_valid,64,63,127,1,3,123,0.968503937007874,26,counters_only,False,True,False,13,13,4,3781875,True,True,True,
week10_contamination_full_20260728,incremental_valid_n128_003,16,incremental_valid,128,20388726,afac7e5e2b018827d978b03c7960c1577a063b7793157cc418abd07d835dd8f1,5,nested_heavy_valid,64,63,127,1,3,123,0.968503937007874,26,checked,True,True,True,13,13,5,15803333,True,True,True,
week10_contamination_full_20260728,incremental_valid_n128_003,16,incremental_valid,128,20388726,afac7e5e2b018827d978b03c7960c1577a063b7793157cc418abd07d835dd8f1,5,nested_heavy_valid,64,63,127,1,3,123,0.968503937007874,26,trace_only,True,False,False,14,14,1,4058667,True,True,True,
week10_contamination_full_20260728,incremental_valid_n128_003,16,incremental_valid,128,20388726,afac7e5e2b018827d978b03c7960c1577a063b7793157cc418abd07d835dd8f1,5,nested_heavy_valid,64,63,127,1,3,123,0.968503937007874,26,instrumented,True,True,False,14,14,2,4226000,True,True,True,
week10_contamination_full_20260728,incremental_valid_n128_003,16,incremental_valid,128,20388726,afac7e5e2b018827d978b03c7960c1577a063b7793157cc418abd07d835dd8f1,5,nested_heavy_valid,64,63,127,1,3,123,0.968503937007874,26,counters_only,False,True,False,14,14,3,3814167,True,True,True,
week10_contamination_full_20260728,incremental_valid_n128_003,16,incremental_valid,128,20388726,afac7e5e2b018827d978b03c7960c1577a063b7793157cc418abd07d835dd8f1,5,nested_heavy_valid,64,63,127,1,3,123,0.968503937007874,26,checked,True,True,True,14,14,4,15845208,True,True,True,
week10_contamination_full_20260728,incremental_valid_n128_003,16,incremental_valid,128,20388726,afac7e5e2b018827d978b03c7960c1577a063b7793157cc418abd07d835dd8f1,5,nested_heavy_valid,64,63,127,1,3,123,0.968503937007874,26,minimal,False,False,False,14,14,5,3737917,True,True,True,
week10_contamination_full_20260728,incremental_valid_n128_003,16,incremental_valid,128,20388726,afac7e5e2b018827d978b03c7960c1577a063b7793157cc418abd07d835dd8f1,5,nested_heavy_valid,64,63,127,1,3,123,0.968503937007874,26,instrumented,True,True,False,15,15,1,4213417,True,True,True,
week10_contamination_full_20260728,incremental_valid_n128_003,16,incremental_valid,128,20388726,afac7e5e2b018827d978b03c7960c1577a063b7793157cc418abd07d835dd8f1,5,nested_heavy_valid,64,63,127,1,3,123,0.968503937007874,26,counters_only,False,True,False,15,15,2,3923458,True,True,True,
week10_contamination_full_20260728,incremental_valid_n128_003,16,incremental_valid,128,20388726,afac7e5e2b018827d978b03c7960c1577a063b7793157cc418abd07d835dd8f1,5,nested_heavy_valid,64,63,127,1,3,123,0.968503937007874,26,checked,True,True,True,15,15,3,15844833,True,True,True,
week10_contamination_full_20260728,incremental_valid_n128_003,16,incremental_valid,128,20388726,afac7e5e2b018827d978b03c7960c1577a063b7793157cc418abd07d835dd8f1,5,nested_heavy_valid,64,63,127,1,3,123,0.968503937007874,26,minimal,False,False,False,15,15,4,3745000,True,True,True,
week10_contamination_full_20260728,incremental_valid_n128_003,16,incremental_valid,128,20388726,afac7e5e2b018827d978b03c7960c1577a063b7793157cc418abd07d835dd8f1,5,nested_heavy_valid,64,63,127,1,3,123,0.968503937007874,26,trace_only,True,False,False,15,15,5,4080875,True,True,True,
week10_contamination_full_20260728,nested_valid_n256_001,7,nested_valid,256,,84b2d345819154bee03817aaa7addcfd1cdeb098f99c5604a315b7fa1582bdb4,6,nested_heavy_valid,128,127,255,1,1,253,0.9921568627450981,127,trace_only,True,False,False,1,1,1,9135292,True,True,True,
week10_contamination_full_20260728,nested_valid_n256_001,7,nested_valid,256,,84b2d345819154bee03817aaa7addcfd1cdeb098f99c5604a315b7fa1582bdb4,6,nested_heavy_valid,128,127,255,1,1,253,0.9921568627450981,127,checked,True,True,True,1,1,2,9376667,True,True,True,
week10_contamination_full_20260728,nested_valid_n256_001,7,nested_valid,256,,84b2d345819154bee03817aaa7addcfd1cdeb098f99c5604a315b7fa1582bdb4,6,nested_heavy_valid,128,127,255,1,1,253,0.9921568627450981,127,instrumented,True,True,False,1,1,3,9191375,True,True,True,
week10_contamination_full_20260728,nested_valid_n256_001,7,nested_valid,256,,84b2d345819154bee03817aaa7addcfd1cdeb098f99c5604a315b7fa1582bdb4,6,nested_heavy_valid,128,127,255,1,1,253,0.9921568627450981,127,counters_only,False,True,False,1,1,4,8711709,True,True,True,
week10_contamination_full_20260728,nested_valid_n256_001,7,nested_valid,256,,84b2d345819154bee03817aaa7addcfd1cdeb098f99c5604a315b7fa1582bdb4,6,nested_heavy_valid,128,127,255,1,1,253,0.9921568627450981,127,minimal,False,False,False,1,1,5,8446583,True,True,True,
week10_contamination_full_20260728,nested_valid_n256_001,7,nested_valid,256,,84b2d345819154bee03817aaa7addcfd1cdeb098f99c5604a315b7fa1582bdb4,6,nested_heavy_valid,128,127,255,1,1,253,0.9921568627450981,127,checked,True,True,True,2,2,1,9272000,True,True,True,
week10_contamination_full_20260728,nested_valid_n256_001,7,nested_valid,256,,84b2d345819154bee03817aaa7addcfd1cdeb098f99c5604a315b7fa1582bdb4,6,nested_heavy_valid,128,127,255,1,1,253,0.9921568627450981,127,instrumented,True,True,False,2,2,2,9144833,True,True,True,
week10_contamination_full_20260728,nested_valid_n256_001,7,nested_valid,256,,84b2d345819154bee03817aaa7addcfd1cdeb098f99c5604a315b7fa1582bdb4,6,nested_heavy_valid,128,127,255,1,1,253,0.9921568627450981,127,counters_only,False,True,False,2,2,3,8714417,True,True,True,
week10_contamination_full_20260728,nested_valid_n256_001,7,nested_valid,256,,84b2d345819154bee03817aaa7addcfd1cdeb098f99c5604a315b7fa1582bdb4,6,nested_heavy_valid,128,127,255,1,1,253,0.9921568627450981,127,minimal,False,False,False,2,2,4,8501334,True,True,True,
week10_contamination_full_20260728,nested_valid_n256_001,7,nested_valid,256,,84b2d345819154bee03817aaa7addcfd1cdeb098f99c5604a315b7fa1582bdb4,6,nested_heavy_valid,128,127,255,1,1,253,0.9921568627450981,127,trace_only,True,False,False,2,2,5,9203709,True,True,True,
week10_contamination_full_20260728,nested_valid_n256_001,7,nested_valid,256,,84b2d345819154bee03817aaa7addcfd1cdeb098f99c5604a315b7fa1582bdb4,6,nested_heavy_valid,128,127,255,1,1,253,0.9921568627450981,127,instrumented,True,True,False,3,3,1,9314250,True,True,True,
week10_contamination_full_20260728,nested_valid_n256_001,7,nested_valid,256,,84b2d345819154bee03817aaa7addcfd1cdeb098f99c5604a315b7fa1582bdb4,6,nested_heavy_valid,128,127,255,1,1,253,0.9921568627450981,127,counters_only,False,True,False,3,3,2,8521375,True,True,True,
week10_contamination_full_20260728,nested_valid_n256_001,7,nested_valid,256,,84b2d345819154bee03817aaa7addcfd1cdeb098f99c5604a315b7fa1582bdb4,6,nested_heavy_valid,128,127,255,1,1,253,0.9921568627450981,127,minimal,False,False,False,3,3,3,8698750,True,True,True,
week10_contamination_full_20260728,nested_valid_n256_001,7,nested_valid,256,,84b2d345819154bee03817aaa7addcfd1cdeb098f99c5604a315b7fa1582bdb4,6,nested_heavy_valid,128,127,255,1,1,253,0.9921568627450981,127,trace_only,True,False,False,3,3,4,9090042,True,True,True,
week10_contamination_full_20260728,nested_valid_n256_001,7,nested_valid,256,,84b2d345819154bee03817aaa7addcfd1cdeb098f99c5604a315b7fa1582bdb4,6,nested_heavy_valid,128,127,255,1,1,253,0.9921568627450981,127,checked,True,True,True,3,3,5,9345333,True,True,True,
week10_contamination_full_20260728,nested_valid_n256_001,7,nested_valid,256,,84b2d345819154bee03817aaa7addcfd1cdeb098f99c5604a315b7fa1582bdb4,6,nested_heavy_valid,128,127,255,1,1,253,0.9921568627450981,127,counters_only,False,True,False,4,4,1,8393792,True,True,True,
week10_contamination_full_20260728,nested_valid_n256_001,7,nested_valid,256,,84b2d345819154bee03817aaa7addcfd1cdeb098f99c5604a315b7fa1582bdb4,6,nested_heavy_valid,128,127,255,1,1,253,0.9921568627450981,127,minimal,False,False,False,4,4,2,8498834,True,True,True,
week10_contamination_full_20260728,nested_valid_n256_001,7,nested_valid,256,,84b2d345819154bee03817aaa7addcfd1cdeb098f99c5604a315b7fa1582bdb4,6,nested_heavy_valid,128,127,255,1,1,253,0.9921568627450981,127,trace_only,True,False,False,4,4,3,9087375,True,True,True,
week10_contamination_full_20260728,nested_valid_n256_001,7,nested_valid,256,,84b2d345819154bee03817aaa7addcfd1cdeb098f99c5604a315b7fa1582bdb4,6,nested_heavy_valid,128,127,255,1,1,253,0.9921568627450981,127,checked,True,True,True,4,4,4,9376958,True,True,True,
week10_contamination_full_20260728,nested_valid_n256_001,7,nested_valid,256,,84b2d345819154bee03817aaa7addcfd1cdeb098f99c5604a315b7fa1582bdb4,6,nested_heavy_valid,128,127,255,1,1,253,0.9921568627450981,127,instrumented,True,True,False,4,4,5,9227792,True,True,True,
week10_contamination_full_20260728,nested_valid_n256_001,7,nested_valid,256,,84b2d345819154bee03817aaa7addcfd1cdeb098f99c5604a315b7fa1582bdb4,6,nested_heavy_valid,128,127,255,1,1,253,0.9921568627450981,127,minimal,False,False,False,5,5,1,8590500,True,True,True,
week10_contamination_full_20260728,nested_valid_n256_001,7,nested_valid,256,,84b2d345819154bee03817aaa7addcfd1cdeb098f99c5604a315b7fa1582bdb4,6,nested_heavy_valid,128,127,255,1,1,253,0.9921568627450981,127,trace_only,True,False,False,5,5,2,9222542,True,True,True,
week10_contamination_full_20260728,nested_valid_n256_001,7,nested_valid,256,,84b2d345819154bee03817aaa7addcfd1cdeb098f99c5604a315b7fa1582bdb4,6,nested_heavy_valid,128,127,255,1,1,253,0.9921568627450981,127,checked,True,True,True,5,5,3,9218000,True,True,True,
week10_contamination_full_20260728,nested_valid_n256_001,7,nested_valid,256,,84b2d345819154bee03817aaa7addcfd1cdeb098f99c5604a315b7fa1582bdb4,6,nested_heavy_valid,128,127,255,1,1,253,0.9921568627450981,127,instrumented,True,True,False,5,5,4,9327625,True,True,True,
week10_contamination_full_20260728,nested_valid_n256_001,7,nested_valid,256,,84b2d345819154bee03817aaa7addcfd1cdeb098f99c5604a315b7fa1582bdb4,6,nested_heavy_valid,128,127,255,1,1,253,0.9921568627450981,127,counters_only,False,True,False,5,5,5,8542208,True,True,True,
week10_contamination_full_20260728,nested_valid_n256_001,7,nested_valid,256,,84b2d345819154bee03817aaa7addcfd1cdeb098f99c5604a315b7fa1582bdb4,6,nested_heavy_valid,128,127,255,1,1,253,0.9921568627450981,127,trace_only,True,False,False,6,6,1,9209667,True,True,True,
week10_contamination_full_20260728,nested_valid_n256_001,7,nested_valid,256,,84b2d345819154bee03817aaa7addcfd1cdeb098f99c5604a315b7fa1582bdb4,6,nested_heavy_valid,128,127,255,1,1,253,0.9921568627450981,127,checked,True,True,True,6,6,2,9225750,True,True,True,
week10_contamination_full_20260728,nested_valid_n256_001,7,nested_valid,256,,84b2d345819154bee03817aaa7addcfd1cdeb098f99c5604a315b7fa1582bdb4,6,nested_heavy_valid,128,127,255,1,1,253,0.9921568627450981,127,instrumented,True,True,False,6,6,3,9281917,True,True,True,
week10_contamination_full_20260728,nested_valid_n256_001,7,nested_valid,256,,84b2d345819154bee03817aaa7addcfd1cdeb098f99c5604a315b7fa1582bdb4,6,nested_heavy_valid,128,127,255,1,1,253,0.9921568627450981,127,counters_only,False,True,False,6,6,4,8491792,True,True,True,
week10_contamination_full_20260728,nested_valid_n256_001,7,nested_valid,256,,84b2d345819154bee03817aaa7addcfd1cdeb098f99c5604a315b7fa1582bdb4,6,nested_heavy_valid,128,127,255,1,1,253,0.9921568627450981,127,minimal,False,False,False,6,6,5,8570625,True,True,True,
week10_contamination_full_20260728,nested_valid_n256_001,7,nested_valid,256,,84b2d345819154bee03817aaa7addcfd1cdeb098f99c5604a315b7fa1582bdb4,6,nested_heavy_valid,128,127,255,1,1,253,0.9921568627450981,127,checked,True,True,True,7,7,1,9077458,True,True,True,
week10_contamination_full_20260728,nested_valid_n256_001,7,nested_valid,256,,84b2d345819154bee03817aaa7addcfd1cdeb098f99c5604a315b7fa1582bdb4,6,nested_heavy_valid,128,127,255,1,1,253,0.9921568627450981,127,instrumented,True,True,False,7,7,2,9250417,True,True,True,
week10_contamination_full_20260728,nested_valid_n256_001,7,nested_valid,256,,84b2d345819154bee03817aaa7addcfd1cdeb098f99c5604a315b7fa1582bdb4,6,nested_heavy_valid,128,127,255,1,1,253,0.9921568627450981,127,counters_only,False,True,False,7,7,3,8564750,True,True,True,
week10_contamination_full_20260728,nested_valid_n256_001,7,nested_valid,256,,84b2d345819154bee03817aaa7addcfd1cdeb098f99c5604a315b7fa1582bdb4,6,nested_heavy_valid,128,127,255,1,1,253,0.9921568627450981,127,minimal,False,False,False,7,7,4,8576458,True,True,True,
week10_contamination_full_20260728,nested_valid_n256_001,7,nested_valid,256,,84b2d345819154bee03817aaa7addcfd1cdeb098f99c5604a315b7fa1582bdb4,6,nested_heavy_valid,128,127,255,1,1,253,0.9921568627450981,127,trace_only,True,False,False,7,7,5,9165916,True,True,True,
week10_contamination_full_20260728,nested_valid_n256_001,7,nested_valid,256,,84b2d345819154bee03817aaa7addcfd1cdeb098f99c5604a315b7fa1582bdb4,6,nested_heavy_valid,128,127,255,1,1,253,0.9921568627450981,127,instrumented,True,True,False,8,8,1,9241458,True,True,True,
week10_contamination_full_20260728,nested_valid_n256_001,7,nested_valid,256,,84b2d345819154bee03817aaa7addcfd1cdeb098f99c5604a315b7fa1582bdb4,6,nested_heavy_valid,128,127,255,1,1,253,0.9921568627450981,127,counters_only,False,True,False,8,8,2,8637042,True,True,True,
week10_contamination_full_20260728,nested_valid_n256_001,7,nested_valid,256,,84b2d345819154bee03817aaa7addcfd1cdeb098f99c5604a315b7fa1582bdb4,6,nested_heavy_valid,128,127,255,1,1,253,0.9921568627450981,127,minimal,False,False,False,8,8,3,8482709,True,True,True,
week10_contamination_full_20260728,nested_valid_n256_001,7,nested_valid,256,,84b2d345819154bee03817aaa7addcfd1cdeb098f99c5604a315b7fa1582bdb4,6,nested_heavy_valid,128,127,255,1,1,253,0.9921568627450981,127,trace_only,True,False,False,8,8,4,9211459,True,True,True,
week10_contamination_full_20260728,nested_valid_n256_001,7,nested_valid,256,,84b2d345819154bee03817aaa7addcfd1cdeb098f99c5604a315b7fa1582bdb4,6,nested_heavy_valid,128,127,255,1,1,253,0.9921568627450981,127,checked,True,True,True,8,8,5,9245000,True,True,True,
week10_contamination_full_20260728,nested_valid_n256_001,7,nested_valid,256,,84b2d345819154bee03817aaa7addcfd1cdeb098f99c5604a315b7fa1582bdb4,6,nested_heavy_valid,128,127,255,1,1,253,0.9921568627450981,127,counters_only,False,True,False,9,9,1,8713958,True,True,True,
week10_contamination_full_20260728,nested_valid_n256_001,7,nested_valid,256,,84b2d345819154bee03817aaa7addcfd1cdeb098f99c5604a315b7fa1582bdb4,6,nested_heavy_valid,128,127,255,1,1,253,0.9921568627450981,127,minimal,False,False,False,9,9,2,8325084,True,True,True,
week10_contamination_full_20260728,nested_valid_n256_001,7,nested_valid,256,,84b2d345819154bee03817aaa7addcfd1cdeb098f99c5604a315b7fa1582bdb4,6,nested_heavy_valid,128,127,255,1,1,253,0.9921568627450981,127,trace_only,True,False,False,9,9,3,9096042,True,True,True,
week10_contamination_full_20260728,nested_valid_n256_001,7,nested_valid,256,,84b2d345819154bee03817aaa7addcfd1cdeb098f99c5604a315b7fa1582bdb4,6,nested_heavy_valid,128,127,255,1,1,253,0.9921568627450981,127,checked,True,True,True,9,9,4,9243667,True,True,True,
week10_contamination_full_20260728,nested_valid_n256_001,7,nested_valid,256,,84b2d345819154bee03817aaa7addcfd1cdeb098f99c5604a315b7fa1582bdb4,6,nested_heavy_valid,128,127,255,1,1,253,0.9921568627450981,127,instrumented,True,True,False,9,9,5,9340375,True,True,True,
week10_contamination_full_20260728,nested_valid_n256_001,7,nested_valid,256,,84b2d345819154bee03817aaa7addcfd1cdeb098f99c5604a315b7fa1582bdb4,6,nested_heavy_valid,128,127,255,1,1,253,0.9921568627450981,127,minimal,False,False,False,10,10,1,8464291,True,True,True,
week10_contamination_full_20260728,nested_valid_n256_001,7,nested_valid,256,,84b2d345819154bee03817aaa7addcfd1cdeb098f99c5604a315b7fa1582bdb4,6,nested_heavy_valid,128,127,255,1,1,253,0.9921568627450981,127,trace_only,True,False,False,10,10,2,9222959,True,True,True,
week10_contamination_full_20260728,nested_valid_n256_001,7,nested_valid,256,,84b2d345819154bee03817aaa7addcfd1cdeb098f99c5604a315b7fa1582bdb4,6,nested_heavy_valid,128,127,255,1,1,253,0.9921568627450981,127,checked,True,True,True,10,10,3,9341667,True,True,True,
week10_contamination_full_20260728,nested_valid_n256_001,7,nested_valid,256,,84b2d345819154bee03817aaa7addcfd1cdeb098f99c5604a315b7fa1582bdb4,6,nested_heavy_valid,128,127,255,1,1,253,0.9921568627450981,127,instrumented,True,True,False,10,10,4,9201208,True,True,True,
week10_contamination_full_20260728,nested_valid_n256_001,7,nested_valid,256,,84b2d345819154bee03817aaa7addcfd1cdeb098f99c5604a315b7fa1582bdb4,6,nested_heavy_valid,128,127,255,1,1,253,0.9921568627450981,127,counters_only,False,True,False,10,10,5,8630041,True,True,True,
week10_contamination_full_20260728,nested_valid_n256_001,7,nested_valid,256,,84b2d345819154bee03817aaa7addcfd1cdeb098f99c5604a315b7fa1582bdb4,6,nested_heavy_valid,128,127,255,1,1,253,0.9921568627450981,127,trace_only,True,False,False,11,11,1,9101875,True,True,True,
week10_contamination_full_20260728,nested_valid_n256_001,7,nested_valid,256,,84b2d345819154bee03817aaa7addcfd1cdeb098f99c5604a315b7fa1582bdb4,6,nested_heavy_valid,128,127,255,1,1,253,0.9921568627450981,127,checked,True,True,True,11,11,2,9349209,True,True,True,
week10_contamination_full_20260728,nested_valid_n256_001,7,nested_valid,256,,84b2d345819154bee03817aaa7addcfd1cdeb098f99c5604a315b7fa1582bdb4,6,nested_heavy_valid,128,127,255,1,1,253,0.9921568627450981,127,instrumented,True,True,False,11,11,3,9260291,True,True,True,
week10_contamination_full_20260728,nested_valid_n256_001,7,nested_valid,256,,84b2d345819154bee03817aaa7addcfd1cdeb098f99c5604a315b7fa1582bdb4,6,nested_heavy_valid,128,127,255,1,1,253,0.9921568627450981,127,counters_only,False,True,False,11,11,4,8703417,True,True,True,
week10_contamination_full_20260728,nested_valid_n256_001,7,nested_valid,256,,84b2d345819154bee03817aaa7addcfd1cdeb098f99c5604a315b7fa1582bdb4,6,nested_heavy_valid,128,127,255,1,1,253,0.9921568627450981,127,minimal,False,False,False,11,11,5,8370000,True,True,True,
week10_contamination_full_20260728,nested_valid_n256_001,7,nested_valid,256,,84b2d345819154bee03817aaa7addcfd1cdeb098f99c5604a315b7fa1582bdb4,6,nested_heavy_valid,128,127,255,1,1,253,0.9921568627450981,127,checked,True,True,True,12,12,1,9306166,True,True,True,
week10_contamination_full_20260728,nested_valid_n256_001,7,nested_valid,256,,84b2d345819154bee03817aaa7addcfd1cdeb098f99c5604a315b7fa1582bdb4,6,nested_heavy_valid,128,127,255,1,1,253,0.9921568627450981,127,instrumented,True,True,False,12,12,2,11310750,True,True,True,
week10_contamination_full_20260728,nested_valid_n256_001,7,nested_valid,256,,84b2d345819154bee03817aaa7addcfd1cdeb098f99c5604a315b7fa1582bdb4,6,nested_heavy_valid,128,127,255,1,1,253,0.9921568627450981,127,counters_only,False,True,False,12,12,3,12160375,True,True,True,
week10_contamination_full_20260728,nested_valid_n256_001,7,nested_valid,256,,84b2d345819154bee03817aaa7addcfd1cdeb098f99c5604a315b7fa1582bdb4,6,nested_heavy_valid,128,127,255,1,1,253,0.9921568627450981,127,minimal,False,False,False,12,12,4,8738583,True,True,True,
week10_contamination_full_20260728,nested_valid_n256_001,7,nested_valid,256,,84b2d345819154bee03817aaa7addcfd1cdeb098f99c5604a315b7fa1582bdb4,6,nested_heavy_valid,128,127,255,1,1,253,0.9921568627450981,127,trace_only,True,False,False,12,12,5,9077292,True,True,True,
week10_contamination_full_20260728,nested_valid_n256_001,7,nested_valid,256,,84b2d345819154bee03817aaa7addcfd1cdeb098f99c5604a315b7fa1582bdb4,6,nested_heavy_valid,128,127,255,1,1,253,0.9921568627450981,127,instrumented,True,True,False,13,13,1,9605291,True,True,True,
week10_contamination_full_20260728,nested_valid_n256_001,7,nested_valid,256,,84b2d345819154bee03817aaa7addcfd1cdeb098f99c5604a315b7fa1582bdb4,6,nested_heavy_valid,128,127,255,1,1,253,0.9921568627450981,127,counters_only,False,True,False,13,13,2,8613000,True,True,True,
week10_contamination_full_20260728,nested_valid_n256_001,7,nested_valid,256,,84b2d345819154bee03817aaa7addcfd1cdeb098f99c5604a315b7fa1582bdb4,6,nested_heavy_valid,128,127,255,1,1,253,0.9921568627450981,127,minimal,False,False,False,13,13,3,8616709,True,True,True,
week10_contamination_full_20260728,nested_valid_n256_001,7,nested_valid,256,,84b2d345819154bee03817aaa7addcfd1cdeb098f99c5604a315b7fa1582bdb4,6,nested_heavy_valid,128,127,255,1,1,253,0.9921568627450981,127,trace_only,True,False,False,13,13,4,9283625,True,True,True,
week10_contamination_full_20260728,nested_valid_n256_001,7,nested_valid,256,,84b2d345819154bee03817aaa7addcfd1cdeb098f99c5604a315b7fa1582bdb4,6,nested_heavy_valid,128,127,255,1,1,253,0.9921568627450981,127,checked,True,True,True,13,13,5,9155958,True,True,True,
week10_contamination_full_20260728,nested_valid_n256_001,7,nested_valid,256,,84b2d345819154bee03817aaa7addcfd1cdeb098f99c5604a315b7fa1582bdb4,6,nested_heavy_valid,128,127,255,1,1,253,0.9921568627450981,127,counters_only,False,True,False,14,14,1,8587542,True,True,True,
week10_contamination_full_20260728,nested_valid_n256_001,7,nested_valid,256,,84b2d345819154bee03817aaa7addcfd1cdeb098f99c5604a315b7fa1582bdb4,6,nested_heavy_valid,128,127,255,1,1,253,0.9921568627450981,127,minimal,False,False,False,14,14,2,8503416,True,True,True,
week10_contamination_full_20260728,nested_valid_n256_001,7,nested_valid,256,,84b2d345819154bee03817aaa7addcfd1cdeb098f99c5604a315b7fa1582bdb4,6,nested_heavy_valid,128,127,255,1,1,253,0.9921568627450981,127,trace_only,True,False,False,14,14,3,9402667,True,True,True,
week10_contamination_full_20260728,nested_valid_n256_001,7,nested_valid,256,,84b2d345819154bee03817aaa7addcfd1cdeb098f99c5604a315b7fa1582bdb4,6,nested_heavy_valid,128,127,255,1,1,253,0.9921568627450981,127,checked,True,True,True,14,14,4,9241125,True,True,True,
week10_contamination_full_20260728,nested_valid_n256_001,7,nested_valid,256,,84b2d345819154bee03817aaa7addcfd1cdeb098f99c5604a315b7fa1582bdb4,6,nested_heavy_valid,128,127,255,1,1,253,0.9921568627450981,127,instrumented,True,True,False,14,14,5,9392667,True,True,True,
week10_contamination_full_20260728,nested_valid_n256_001,7,nested_valid,256,,84b2d345819154bee03817aaa7addcfd1cdeb098f99c5604a315b7fa1582bdb4,6,nested_heavy_valid,128,127,255,1,1,253,0.9921568627450981,127,minimal,False,False,False,15,15,1,8358417,True,True,True,
week10_contamination_full_20260728,nested_valid_n256_001,7,nested_valid,256,,84b2d345819154bee03817aaa7addcfd1cdeb098f99c5604a315b7fa1582bdb4,6,nested_heavy_valid,128,127,255,1,1,253,0.9921568627450981,127,trace_only,True,False,False,15,15,2,9316709,True,True,True,
week10_contamination_full_20260728,nested_valid_n256_001,7,nested_valid,256,,84b2d345819154bee03817aaa7addcfd1cdeb098f99c5604a315b7fa1582bdb4,6,nested_heavy_valid,128,127,255,1,1,253,0.9921568627450981,127,checked,True,True,True,15,15,3,9267875,True,True,True,
week10_contamination_full_20260728,nested_valid_n256_001,7,nested_valid,256,,84b2d345819154bee03817aaa7addcfd1cdeb098f99c5604a315b7fa1582bdb4,6,nested_heavy_valid,128,127,255,1,1,253,0.9921568627450981,127,instrumented,True,True,False,15,15,4,9343833,True,True,True,
week10_contamination_full_20260728,nested_valid_n256_001,7,nested_valid,256,,84b2d345819154bee03817aaa7addcfd1cdeb098f99c5604a315b7fa1582bdb4,6,nested_heavy_valid,128,127,255,1,1,253,0.9921568627450981,127,counters_only,False,True,False,15,15,5,8688875,True,True,True,
week10_contamination_full_20260728,incremental_valid_n256_003,19,incremental_valid,256,20516726,2829be0a8a1e021270fa18c96086d34e6c35c4a03df6f241f5e1aee6c483d1a5,7,nested_heavy_valid,128,127,255,4,1,250,0.9803921568627451,56,minimal,False,False,False,1,1,1,9251209,True,True,True,
week10_contamination_full_20260728,incremental_valid_n256_003,19,incremental_valid,256,20516726,2829be0a8a1e021270fa18c96086d34e6c35c4a03df6f241f5e1aee6c483d1a5,7,nested_heavy_valid,128,127,255,4,1,250,0.9803921568627451,56,instrumented,True,True,False,1,1,2,9709167,True,True,True,
week10_contamination_full_20260728,incremental_valid_n256_003,19,incremental_valid,256,20516726,2829be0a8a1e021270fa18c96086d34e6c35c4a03df6f241f5e1aee6c483d1a5,7,nested_heavy_valid,128,127,255,4,1,250,0.9803921568627451,56,counters_only,False,True,False,1,1,3,9273500,True,True,True,
week10_contamination_full_20260728,incremental_valid_n256_003,19,incremental_valid,256,20516726,2829be0a8a1e021270fa18c96086d34e6c35c4a03df6f241f5e1aee6c483d1a5,7,nested_heavy_valid,128,127,255,4,1,250,0.9803921568627451,56,checked,True,True,True,1,1,4,70459250,True,True,True,
week10_contamination_full_20260728,incremental_valid_n256_003,19,incremental_valid,256,20516726,2829be0a8a1e021270fa18c96086d34e6c35c4a03df6f241f5e1aee6c483d1a5,7,nested_heavy_valid,128,127,255,4,1,250,0.9803921568627451,56,trace_only,True,False,False,1,1,5,9824167,True,True,True,
week10_contamination_full_20260728,incremental_valid_n256_003,19,incremental_valid,256,20516726,2829be0a8a1e021270fa18c96086d34e6c35c4a03df6f241f5e1aee6c483d1a5,7,nested_heavy_valid,128,127,255,4,1,250,0.9803921568627451,56,instrumented,True,True,False,2,2,1,9757500,True,True,True,
week10_contamination_full_20260728,incremental_valid_n256_003,19,incremental_valid,256,20516726,2829be0a8a1e021270fa18c96086d34e6c35c4a03df6f241f5e1aee6c483d1a5,7,nested_heavy_valid,128,127,255,4,1,250,0.9803921568627451,56,counters_only,False,True,False,2,2,2,9263459,True,True,True,
week10_contamination_full_20260728,incremental_valid_n256_003,19,incremental_valid,256,20516726,2829be0a8a1e021270fa18c96086d34e6c35c4a03df6f241f5e1aee6c483d1a5,7,nested_heavy_valid,128,127,255,4,1,250,0.9803921568627451,56,checked,True,True,True,2,2,3,70856708,True,True,True,
week10_contamination_full_20260728,incremental_valid_n256_003,19,incremental_valid,256,20516726,2829be0a8a1e021270fa18c96086d34e6c35c4a03df6f241f5e1aee6c483d1a5,7,nested_heavy_valid,128,127,255,4,1,250,0.9803921568627451,56,trace_only,True,False,False,2,2,4,9712375,True,True,True,
week10_contamination_full_20260728,incremental_valid_n256_003,19,incremental_valid,256,20516726,2829be0a8a1e021270fa18c96086d34e6c35c4a03df6f241f5e1aee6c483d1a5,7,nested_heavy_valid,128,127,255,4,1,250,0.9803921568627451,56,minimal,False,False,False,2,2,5,8739375,True,True,True,
week10_contamination_full_20260728,incremental_valid_n256_003,19,incremental_valid,256,20516726,2829be0a8a1e021270fa18c96086d34e6c35c4a03df6f241f5e1aee6c483d1a5,7,nested_heavy_valid,128,127,255,4,1,250,0.9803921568627451,56,counters_only,False,True,False,3,3,1,8989042,True,True,True,
week10_contamination_full_20260728,incremental_valid_n256_003,19,incremental_valid,256,20516726,2829be0a8a1e021270fa18c96086d34e6c35c4a03df6f241f5e1aee6c483d1a5,7,nested_heavy_valid,128,127,255,4,1,250,0.9803921568627451,56,checked,True,True,True,3,3,2,70774458,True,True,True,
week10_contamination_full_20260728,incremental_valid_n256_003,19,incremental_valid,256,20516726,2829be0a8a1e021270fa18c96086d34e6c35c4a03df6f241f5e1aee6c483d1a5,7,nested_heavy_valid,128,127,255,4,1,250,0.9803921568627451,56,trace_only,True,False,False,3,3,3,9602291,True,True,True,
week10_contamination_full_20260728,incremental_valid_n256_003,19,incremental_valid,256,20516726,2829be0a8a1e021270fa18c96086d34e6c35c4a03df6f241f5e1aee6c483d1a5,7,nested_heavy_valid,128,127,255,4,1,250,0.9803921568627451,56,minimal,False,False,False,3,3,4,8881750,True,True,True,
week10_contamination_full_20260728,incremental_valid_n256_003,19,incremental_valid,256,20516726,2829be0a8a1e021270fa18c96086d34e6c35c4a03df6f241f5e1aee6c483d1a5,7,nested_heavy_valid,128,127,255,4,1,250,0.9803921568627451,56,instrumented,True,True,False,3,3,5,9822833,True,True,True,
week10_contamination_full_20260728,incremental_valid_n256_003,19,incremental_valid,256,20516726,2829be0a8a1e021270fa18c96086d34e6c35c4a03df6f241f5e1aee6c483d1a5,7,nested_heavy_valid,128,127,255,4,1,250,0.9803921568627451,56,checked,True,True,True,4,4,1,71102959,True,True,True,
week10_contamination_full_20260728,incremental_valid_n256_003,19,incremental_valid,256,20516726,2829be0a8a1e021270fa18c96086d34e6c35c4a03df6f241f5e1aee6c483d1a5,7,nested_heavy_valid,128,127,255,4,1,250,0.9803921568627451,56,trace_only,True,False,False,4,4,2,9412875,True,True,True,
week10_contamination_full_20260728,incremental_valid_n256_003,19,incremental_valid,256,20516726,2829be0a8a1e021270fa18c96086d34e6c35c4a03df6f241f5e1aee6c483d1a5,7,nested_heavy_valid,128,127,255,4,1,250,0.9803921568627451,56,minimal,False,False,False,4,4,3,9051416,True,True,True,
week10_contamination_full_20260728,incremental_valid_n256_003,19,incremental_valid,256,20516726,2829be0a8a1e021270fa18c96086d34e6c35c4a03df6f241f5e1aee6c483d1a5,7,nested_heavy_valid,128,127,255,4,1,250,0.9803921568627451,56,instrumented,True,True,False,4,4,4,9918292,True,True,True,
week10_contamination_full_20260728,incremental_valid_n256_003,19,incremental_valid,256,20516726,2829be0a8a1e021270fa18c96086d34e6c35c4a03df6f241f5e1aee6c483d1a5,7,nested_heavy_valid,128,127,255,4,1,250,0.9803921568627451,56,counters_only,False,True,False,4,4,5,8942042,True,True,True,
week10_contamination_full_20260728,incremental_valid_n256_003,19,incremental_valid,256,20516726,2829be0a8a1e021270fa18c96086d34e6c35c4a03df6f241f5e1aee6c483d1a5,7,nested_heavy_valid,128,127,255,4,1,250,0.9803921568627451,56,trace_only,True,False,False,5,5,1,9719833,True,True,True,
week10_contamination_full_20260728,incremental_valid_n256_003,19,incremental_valid,256,20516726,2829be0a8a1e021270fa18c96086d34e6c35c4a03df6f241f5e1aee6c483d1a5,7,nested_heavy_valid,128,127,255,4,1,250,0.9803921568627451,56,minimal,False,False,False,5,5,2,8844458,True,True,True,
week10_contamination_full_20260728,incremental_valid_n256_003,19,incremental_valid,256,20516726,2829be0a8a1e021270fa18c96086d34e6c35c4a03df6f241f5e1aee6c483d1a5,7,nested_heavy_valid,128,127,255,4,1,250,0.9803921568627451,56,instrumented,True,True,False,5,5,3,9943250,True,True,True,
week10_contamination_full_20260728,incremental_valid_n256_003,19,incremental_valid,256,20516726,2829be0a8a1e021270fa18c96086d34e6c35c4a03df6f241f5e1aee6c483d1a5,7,nested_heavy_valid,128,127,255,4,1,250,0.9803921568627451,56,counters_only,False,True,False,5,5,4,8845083,True,True,True,
week10_contamination_full_20260728,incremental_valid_n256_003,19,incremental_valid,256,20516726,2829be0a8a1e021270fa18c96086d34e6c35c4a03df6f241f5e1aee6c483d1a5,7,nested_heavy_valid,128,127,255,4,1,250,0.9803921568627451,56,checked,True,True,True,5,5,5,71003125,True,True,True,
week10_contamination_full_20260728,incremental_valid_n256_003,19,incremental_valid,256,20516726,2829be0a8a1e021270fa18c96086d34e6c35c4a03df6f241f5e1aee6c483d1a5,7,nested_heavy_valid,128,127,255,4,1,250,0.9803921568627451,56,minimal,False,False,False,6,6,1,8880333,True,True,True,
week10_contamination_full_20260728,incremental_valid_n256_003,19,incremental_valid,256,20516726,2829be0a8a1e021270fa18c96086d34e6c35c4a03df6f241f5e1aee6c483d1a5,7,nested_heavy_valid,128,127,255,4,1,250,0.9803921568627451,56,instrumented,True,True,False,6,6,2,9961833,True,True,True,
week10_contamination_full_20260728,incremental_valid_n256_003,19,incremental_valid,256,20516726,2829be0a8a1e021270fa18c96086d34e6c35c4a03df6f241f5e1aee6c483d1a5,7,nested_heavy_valid,128,127,255,4,1,250,0.9803921568627451,56,counters_only,False,True,False,6,6,3,8986583,True,True,True,
week10_contamination_full_20260728,incremental_valid_n256_003,19,incremental_valid,256,20516726,2829be0a8a1e021270fa18c96086d34e6c35c4a03df6f241f5e1aee6c483d1a5,7,nested_heavy_valid,128,127,255,4,1,250,0.9803921568627451,56,checked,True,True,True,6,6,4,71133917,True,True,True,
week10_contamination_full_20260728,incremental_valid_n256_003,19,incremental_valid,256,20516726,2829be0a8a1e021270fa18c96086d34e6c35c4a03df6f241f5e1aee6c483d1a5,7,nested_heavy_valid,128,127,255,4,1,250,0.9803921568627451,56,trace_only,True,False,False,6,6,5,9548750,True,True,True,
week10_contamination_full_20260728,incremental_valid_n256_003,19,incremental_valid,256,20516726,2829be0a8a1e021270fa18c96086d34e6c35c4a03df6f241f5e1aee6c483d1a5,7,nested_heavy_valid,128,127,255,4,1,250,0.9803921568627451,56,instrumented,True,True,False,7,7,1,9901583,True,True,True,
week10_contamination_full_20260728,incremental_valid_n256_003,19,incremental_valid,256,20516726,2829be0a8a1e021270fa18c96086d34e6c35c4a03df6f241f5e1aee6c483d1a5,7,nested_heavy_valid,128,127,255,4,1,250,0.9803921568627451,56,counters_only,False,True,False,7,7,2,8809292,True,True,True,
week10_contamination_full_20260728,incremental_valid_n256_003,19,incremental_valid,256,20516726,2829be0a8a1e021270fa18c96086d34e6c35c4a03df6f241f5e1aee6c483d1a5,7,nested_heavy_valid,128,127,255,4,1,250,0.9803921568627451,56,checked,True,True,True,7,7,3,70197375,True,True,True,
week10_contamination_full_20260728,incremental_valid_n256_003,19,incremental_valid,256,20516726,2829be0a8a1e021270fa18c96086d34e6c35c4a03df6f241f5e1aee6c483d1a5,7,nested_heavy_valid,128,127,255,4,1,250,0.9803921568627451,56,trace_only,True,False,False,7,7,4,9384834,True,True,True,
week10_contamination_full_20260728,incremental_valid_n256_003,19,incremental_valid,256,20516726,2829be0a8a1e021270fa18c96086d34e6c35c4a03df6f241f5e1aee6c483d1a5,7,nested_heavy_valid,128,127,255,4,1,250,0.9803921568627451,56,minimal,False,False,False,7,7,5,9008750,True,True,True,
week10_contamination_full_20260728,incremental_valid_n256_003,19,incremental_valid,256,20516726,2829be0a8a1e021270fa18c96086d34e6c35c4a03df6f241f5e1aee6c483d1a5,7,nested_heavy_valid,128,127,255,4,1,250,0.9803921568627451,56,counters_only,False,True,False,8,8,1,8901959,True,True,True,
week10_contamination_full_20260728,incremental_valid_n256_003,19,incremental_valid,256,20516726,2829be0a8a1e021270fa18c96086d34e6c35c4a03df6f241f5e1aee6c483d1a5,7,nested_heavy_valid,128,127,255,4,1,250,0.9803921568627451,56,checked,True,True,True,8,8,2,70953666,True,True,True,
week10_contamination_full_20260728,incremental_valid_n256_003,19,incremental_valid,256,20516726,2829be0a8a1e021270fa18c96086d34e6c35c4a03df6f241f5e1aee6c483d1a5,7,nested_heavy_valid,128,127,255,4,1,250,0.9803921568627451,56,trace_only,True,False,False,8,8,3,9617875,True,True,True,
week10_contamination_full_20260728,incremental_valid_n256_003,19,incremental_valid,256,20516726,2829be0a8a1e021270fa18c96086d34e6c35c4a03df6f241f5e1aee6c483d1a5,7,nested_heavy_valid,128,127,255,4,1,250,0.9803921568627451,56,minimal,False,False,False,8,8,4,8955584,True,True,True,
week10_contamination_full_20260728,incremental_valid_n256_003,19,incremental_valid,256,20516726,2829be0a8a1e021270fa18c96086d34e6c35c4a03df6f241f5e1aee6c483d1a5,7,nested_heavy_valid,128,127,255,4,1,250,0.9803921568627451,56,instrumented,True,True,False,8,8,5,9788334,True,True,True,
week10_contamination_full_20260728,incremental_valid_n256_003,19,incremental_valid,256,20516726,2829be0a8a1e021270fa18c96086d34e6c35c4a03df6f241f5e1aee6c483d1a5,7,nested_heavy_valid,128,127,255,4,1,250,0.9803921568627451,56,checked,True,True,True,9,9,1,71107000,True,True,True,
week10_contamination_full_20260728,incremental_valid_n256_003,19,incremental_valid,256,20516726,2829be0a8a1e021270fa18c96086d34e6c35c4a03df6f241f5e1aee6c483d1a5,7,nested_heavy_valid,128,127,255,4,1,250,0.9803921568627451,56,trace_only,True,False,False,9,9,2,9604292,True,True,True,
week10_contamination_full_20260728,incremental_valid_n256_003,19,incremental_valid,256,20516726,2829be0a8a1e021270fa18c96086d34e6c35c4a03df6f241f5e1aee6c483d1a5,7,nested_heavy_valid,128,127,255,4,1,250,0.9803921568627451,56,minimal,False,False,False,9,9,3,8908667,True,True,True,
week10_contamination_full_20260728,incremental_valid_n256_003,19,incremental_valid,256,20516726,2829be0a8a1e021270fa18c96086d34e6c35c4a03df6f241f5e1aee6c483d1a5,7,nested_heavy_valid,128,127,255,4,1,250,0.9803921568627451,56,instrumented,True,True,False,9,9,4,9813458,True,True,True,
week10_contamination_full_20260728,incremental_valid_n256_003,19,incremental_valid,256,20516726,2829be0a8a1e021270fa18c96086d34e6c35c4a03df6f241f5e1aee6c483d1a5,7,nested_heavy_valid,128,127,255,4,1,250,0.9803921568627451,56,counters_only,False,True,False,9,9,5,9129000,True,True,True,
week10_contamination_full_20260728,incremental_valid_n256_003,19,incremental_valid,256,20516726,2829be0a8a1e021270fa18c96086d34e6c35c4a03df6f241f5e1aee6c483d1a5,7,nested_heavy_valid,128,127,255,4,1,250,0.9803921568627451,56,trace_only,True,False,False,10,10,1,9590292,True,True,True,
week10_contamination_full_20260728,incremental_valid_n256_003,19,incremental_valid,256,20516726,2829be0a8a1e021270fa18c96086d34e6c35c4a03df6f241f5e1aee6c483d1a5,7,nested_heavy_valid,128,127,255,4,1,250,0.9803921568627451,56,minimal,False,False,False,10,10,2,9096167,True,True,True,
week10_contamination_full_20260728,incremental_valid_n256_003,19,incremental_valid,256,20516726,2829be0a8a1e021270fa18c96086d34e6c35c4a03df6f241f5e1aee6c483d1a5,7,nested_heavy_valid,128,127,255,4,1,250,0.9803921568627451,56,instrumented,True,True,False,10,10,3,9611459,True,True,True,
week10_contamination_full_20260728,incremental_valid_n256_003,19,incremental_valid,256,20516726,2829be0a8a1e021270fa18c96086d34e6c35c4a03df6f241f5e1aee6c483d1a5,7,nested_heavy_valid,128,127,255,4,1,250,0.9803921568627451,56,counters_only,False,True,False,10,10,4,9244375,True,True,True,
week10_contamination_full_20260728,incremental_valid_n256_003,19,incremental_valid,256,20516726,2829be0a8a1e021270fa18c96086d34e6c35c4a03df6f241f5e1aee6c483d1a5,7,nested_heavy_valid,128,127,255,4,1,250,0.9803921568627451,56,checked,True,True,True,10,10,5,71184708,True,True,True,
week10_contamination_full_20260728,incremental_valid_n256_003,19,incremental_valid,256,20516726,2829be0a8a1e021270fa18c96086d34e6c35c4a03df6f241f5e1aee6c483d1a5,7,nested_heavy_valid,128,127,255,4,1,250,0.9803921568627451,56,minimal,False,False,False,11,11,1,8861708,True,True,True,
week10_contamination_full_20260728,incremental_valid_n256_003,19,incremental_valid,256,20516726,2829be0a8a1e021270fa18c96086d34e6c35c4a03df6f241f5e1aee6c483d1a5,7,nested_heavy_valid,128,127,255,4,1,250,0.9803921568627451,56,instrumented,True,True,False,11,11,2,9800458,True,True,True,
week10_contamination_full_20260728,incremental_valid_n256_003,19,incremental_valid,256,20516726,2829be0a8a1e021270fa18c96086d34e6c35c4a03df6f241f5e1aee6c483d1a5,7,nested_heavy_valid,128,127,255,4,1,250,0.9803921568627451,56,counters_only,False,True,False,11,11,3,9218958,True,True,True,
week10_contamination_full_20260728,incremental_valid_n256_003,19,incremental_valid,256,20516726,2829be0a8a1e021270fa18c96086d34e6c35c4a03df6f241f5e1aee6c483d1a5,7,nested_heavy_valid,128,127,255,4,1,250,0.9803921568627451,56,checked,True,True,True,11,11,4,71480583,True,True,True,
week10_contamination_full_20260728,incremental_valid_n256_003,19,incremental_valid,256,20516726,2829be0a8a1e021270fa18c96086d34e6c35c4a03df6f241f5e1aee6c483d1a5,7,nested_heavy_valid,128,127,255,4,1,250,0.9803921568627451,56,trace_only,True,False,False,11,11,5,9803000,True,True,True,
week10_contamination_full_20260728,incremental_valid_n256_003,19,incremental_valid,256,20516726,2829be0a8a1e021270fa18c96086d34e6c35c4a03df6f241f5e1aee6c483d1a5,7,nested_heavy_valid,128,127,255,4,1,250,0.9803921568627451,56,instrumented,True,True,False,12,12,1,9767500,True,True,True,
week10_contamination_full_20260728,incremental_valid_n256_003,19,incremental_valid,256,20516726,2829be0a8a1e021270fa18c96086d34e6c35c4a03df6f241f5e1aee6c483d1a5,7,nested_heavy_valid,128,127,255,4,1,250,0.9803921568627451,56,counters_only,False,True,False,12,12,2,9158667,True,True,True,
week10_contamination_full_20260728,incremental_valid_n256_003,19,incremental_valid,256,20516726,2829be0a8a1e021270fa18c96086d34e6c35c4a03df6f241f5e1aee6c483d1a5,7,nested_heavy_valid,128,127,255,4,1,250,0.9803921568627451,56,checked,True,True,True,12,12,3,70537625,True,True,True,
week10_contamination_full_20260728,incremental_valid_n256_003,19,incremental_valid,256,20516726,2829be0a8a1e021270fa18c96086d34e6c35c4a03df6f241f5e1aee6c483d1a5,7,nested_heavy_valid,128,127,255,4,1,250,0.9803921568627451,56,trace_only,True,False,False,12,12,4,9645333,True,True,True,
week10_contamination_full_20260728,incremental_valid_n256_003,19,incremental_valid,256,20516726,2829be0a8a1e021270fa18c96086d34e6c35c4a03df6f241f5e1aee6c483d1a5,7,nested_heavy_valid,128,127,255,4,1,250,0.9803921568627451,56,minimal,False,False,False,12,12,5,8725125,True,True,True,
week10_contamination_full_20260728,incremental_valid_n256_003,19,incremental_valid,256,20516726,2829be0a8a1e021270fa18c96086d34e6c35c4a03df6f241f5e1aee6c483d1a5,7,nested_heavy_valid,128,127,255,4,1,250,0.9803921568627451,56,counters_only,False,True,False,13,13,1,9139500,True,True,True,
week10_contamination_full_20260728,incremental_valid_n256_003,19,incremental_valid,256,20516726,2829be0a8a1e021270fa18c96086d34e6c35c4a03df6f241f5e1aee6c483d1a5,7,nested_heavy_valid,128,127,255,4,1,250,0.9803921568627451,56,checked,True,True,True,13,13,2,70682333,True,True,True,
week10_contamination_full_20260728,incremental_valid_n256_003,19,incremental_valid,256,20516726,2829be0a8a1e021270fa18c96086d34e6c35c4a03df6f241f5e1aee6c483d1a5,7,nested_heavy_valid,128,127,255,4,1,250,0.9803921568627451,56,trace_only,True,False,False,13,13,3,9690042,True,True,True,
week10_contamination_full_20260728,incremental_valid_n256_003,19,incremental_valid,256,20516726,2829be0a8a1e021270fa18c96086d34e6c35c4a03df6f241f5e1aee6c483d1a5,7,nested_heavy_valid,128,127,255,4,1,250,0.9803921568627451,56,minimal,False,False,False,13,13,4,8886250,True,True,True,
week10_contamination_full_20260728,incremental_valid_n256_003,19,incremental_valid,256,20516726,2829be0a8a1e021270fa18c96086d34e6c35c4a03df6f241f5e1aee6c483d1a5,7,nested_heavy_valid,128,127,255,4,1,250,0.9803921568627451,56,instrumented,True,True,False,13,13,5,9961000,True,True,True,
week10_contamination_full_20260728,incremental_valid_n256_003,19,incremental_valid,256,20516726,2829be0a8a1e021270fa18c96086d34e6c35c4a03df6f241f5e1aee6c483d1a5,7,nested_heavy_valid,128,127,255,4,1,250,0.9803921568627451,56,checked,True,True,True,14,14,1,70832333,True,True,True,
week10_contamination_full_20260728,incremental_valid_n256_003,19,incremental_valid,256,20516726,2829be0a8a1e021270fa18c96086d34e6c35c4a03df6f241f5e1aee6c483d1a5,7,nested_heavy_valid,128,127,255,4,1,250,0.9803921568627451,56,trace_only,True,False,False,14,14,2,9612708,True,True,True,
week10_contamination_full_20260728,incremental_valid_n256_003,19,incremental_valid,256,20516726,2829be0a8a1e021270fa18c96086d34e6c35c4a03df6f241f5e1aee6c483d1a5,7,nested_heavy_valid,128,127,255,4,1,250,0.9803921568627451,56,minimal,False,False,False,14,14,3,8832000,True,True,True,
week10_contamination_full_20260728,incremental_valid_n256_003,19,incremental_valid,256,20516726,2829be0a8a1e021270fa18c96086d34e6c35c4a03df6f241f5e1aee6c483d1a5,7,nested_heavy_valid,128,127,255,4,1,250,0.9803921568627451,56,instrumented,True,True,False,14,14,4,9906709,True,True,True,
week10_contamination_full_20260728,incremental_valid_n256_003,19,incremental_valid,256,20516726,2829be0a8a1e021270fa18c96086d34e6c35c4a03df6f241f5e1aee6c483d1a5,7,nested_heavy_valid,128,127,255,4,1,250,0.9803921568627451,56,counters_only,False,True,False,14,14,5,8977250,True,True,True,
week10_contamination_full_20260728,incremental_valid_n256_003,19,incremental_valid,256,20516726,2829be0a8a1e021270fa18c96086d34e6c35c4a03df6f241f5e1aee6c483d1a5,7,nested_heavy_valid,128,127,255,4,1,250,0.9803921568627451,56,trace_only,True,False,False,15,15,1,9719333,True,True,True,
week10_contamination_full_20260728,incremental_valid_n256_003,19,incremental_valid,256,20516726,2829be0a8a1e021270fa18c96086d34e6c35c4a03df6f241f5e1aee6c483d1a5,7,nested_heavy_valid,128,127,255,4,1,250,0.9803921568627451,56,minimal,False,False,False,15,15,2,8852667,True,True,True,
week10_contamination_full_20260728,incremental_valid_n256_003,19,incremental_valid,256,20516726,2829be0a8a1e021270fa18c96086d34e6c35c4a03df6f241f5e1aee6c483d1a5,7,nested_heavy_valid,128,127,255,4,1,250,0.9803921568627451,56,instrumented,True,True,False,15,15,3,9959333,True,True,True,
week10_contamination_full_20260728,incremental_valid_n256_003,19,incremental_valid,256,20516726,2829be0a8a1e021270fa18c96086d34e6c35c4a03df6f241f5e1aee6c483d1a5,7,nested_heavy_valid,128,127,255,4,1,250,0.9803921568627451,56,counters_only,False,True,False,15,15,4,8932958,True,True,True,
week10_contamination_full_20260728,incremental_valid_n256_003,19,incremental_valid,256,20516726,2829be0a8a1e021270fa18c96086d34e6c35c4a03df6f241f5e1aee6c483d1a5,7,nested_heavy_valid,128,127,255,4,1,250,0.9803921568627451,56,checked,True,True,True,15,15,5,71042542,True,True,True,
week10_contamination_full_20260728,nested_valid_n128_001,6,nested_valid,128,,c71b70903cdc8e2d30ba2b2cfe709cb50e8806c04c7946881d8134c6e9224fce,8,nested_heavy_valid,64,63,127,1,1,125,0.984251968503937,63,minimal,False,False,False,1,1,1,3323792,True,True,True,
week10_contamination_full_20260728,nested_valid_n128_001,6,nested_valid,128,,c71b70903cdc8e2d30ba2b2cfe709cb50e8806c04c7946881d8134c6e9224fce,8,nested_heavy_valid,64,63,127,1,1,125,0.984251968503937,63,instrumented,True,True,False,1,1,2,3715667,True,True,True,
week10_contamination_full_20260728,nested_valid_n128_001,6,nested_valid,128,,c71b70903cdc8e2d30ba2b2cfe709cb50e8806c04c7946881d8134c6e9224fce,8,nested_heavy_valid,64,63,127,1,1,125,0.984251968503937,63,counters_only,False,True,False,1,1,3,3515083,True,True,True,
week10_contamination_full_20260728,nested_valid_n128_001,6,nested_valid,128,,c71b70903cdc8e2d30ba2b2cfe709cb50e8806c04c7946881d8134c6e9224fce,8,nested_heavy_valid,64,63,127,1,1,125,0.984251968503937,63,trace_only,True,False,False,1,1,4,3635250,True,True,True,
week10_contamination_full_20260728,nested_valid_n128_001,6,nested_valid,128,,c71b70903cdc8e2d30ba2b2cfe709cb50e8806c04c7946881d8134c6e9224fce,8,nested_heavy_valid,64,63,127,1,1,125,0.984251968503937,63,checked,True,True,True,1,1,5,3698875,True,True,True,
week10_contamination_full_20260728,nested_valid_n128_001,6,nested_valid,128,,c71b70903cdc8e2d30ba2b2cfe709cb50e8806c04c7946881d8134c6e9224fce,8,nested_heavy_valid,64,63,127,1,1,125,0.984251968503937,63,instrumented,True,True,False,2,2,1,3712583,True,True,True,
week10_contamination_full_20260728,nested_valid_n128_001,6,nested_valid,128,,c71b70903cdc8e2d30ba2b2cfe709cb50e8806c04c7946881d8134c6e9224fce,8,nested_heavy_valid,64,63,127,1,1,125,0.984251968503937,63,counters_only,False,True,False,2,2,2,3497791,True,True,True,
week10_contamination_full_20260728,nested_valid_n128_001,6,nested_valid,128,,c71b70903cdc8e2d30ba2b2cfe709cb50e8806c04c7946881d8134c6e9224fce,8,nested_heavy_valid,64,63,127,1,1,125,0.984251968503937,63,trace_only,True,False,False,2,2,3,3637333,True,True,True,
week10_contamination_full_20260728,nested_valid_n128_001,6,nested_valid,128,,c71b70903cdc8e2d30ba2b2cfe709cb50e8806c04c7946881d8134c6e9224fce,8,nested_heavy_valid,64,63,127,1,1,125,0.984251968503937,63,checked,True,True,True,2,2,4,3723375,True,True,True,
week10_contamination_full_20260728,nested_valid_n128_001,6,nested_valid,128,,c71b70903cdc8e2d30ba2b2cfe709cb50e8806c04c7946881d8134c6e9224fce,8,nested_heavy_valid,64,63,127,1,1,125,0.984251968503937,63,minimal,False,False,False,2,2,5,3307417,True,True,True,
week10_contamination_full_20260728,nested_valid_n128_001,6,nested_valid,128,,c71b70903cdc8e2d30ba2b2cfe709cb50e8806c04c7946881d8134c6e9224fce,8,nested_heavy_valid,64,63,127,1,1,125,0.984251968503937,63,counters_only,False,True,False,3,3,1,3412750,True,True,True,
week10_contamination_full_20260728,nested_valid_n128_001,6,nested_valid,128,,c71b70903cdc8e2d30ba2b2cfe709cb50e8806c04c7946881d8134c6e9224fce,8,nested_heavy_valid,64,63,127,1,1,125,0.984251968503937,63,trace_only,True,False,False,3,3,2,3776542,True,True,True,
week10_contamination_full_20260728,nested_valid_n128_001,6,nested_valid,128,,c71b70903cdc8e2d30ba2b2cfe709cb50e8806c04c7946881d8134c6e9224fce,8,nested_heavy_valid,64,63,127,1,1,125,0.984251968503937,63,checked,True,True,True,3,3,3,3704334,True,True,True,
week10_contamination_full_20260728,nested_valid_n128_001,6,nested_valid,128,,c71b70903cdc8e2d30ba2b2cfe709cb50e8806c04c7946881d8134c6e9224fce,8,nested_heavy_valid,64,63,127,1,1,125,0.984251968503937,63,minimal,False,False,False,3,3,4,3325334,True,True,True,
week10_contamination_full_20260728,nested_valid_n128_001,6,nested_valid,128,,c71b70903cdc8e2d30ba2b2cfe709cb50e8806c04c7946881d8134c6e9224fce,8,nested_heavy_valid,64,63,127,1,1,125,0.984251968503937,63,instrumented,True,True,False,3,3,5,3703250,True,True,True,
week10_contamination_full_20260728,nested_valid_n128_001,6,nested_valid,128,,c71b70903cdc8e2d30ba2b2cfe709cb50e8806c04c7946881d8134c6e9224fce,8,nested_heavy_valid,64,63,127,1,1,125,0.984251968503937,63,trace_only,True,False,False,4,4,1,3757292,True,True,True,
week10_contamination_full_20260728,nested_valid_n128_001,6,nested_valid,128,,c71b70903cdc8e2d30ba2b2cfe709cb50e8806c04c7946881d8134c6e9224fce,8,nested_heavy_valid,64,63,127,1,1,125,0.984251968503937,63,checked,True,True,True,4,4,2,3701875,True,True,True,
week10_contamination_full_20260728,nested_valid_n128_001,6,nested_valid,128,,c71b70903cdc8e2d30ba2b2cfe709cb50e8806c04c7946881d8134c6e9224fce,8,nested_heavy_valid,64,63,127,1,1,125,0.984251968503937,63,minimal,False,False,False,4,4,3,3287708,True,True,True,
week10_contamination_full_20260728,nested_valid_n128_001,6,nested_valid,128,,c71b70903cdc8e2d30ba2b2cfe709cb50e8806c04c7946881d8134c6e9224fce,8,nested_heavy_valid,64,63,127,1,1,125,0.984251968503937,63,instrumented,True,True,False,4,4,4,3610708,True,True,True,
week10_contamination_full_20260728,nested_valid_n128_001,6,nested_valid,128,,c71b70903cdc8e2d30ba2b2cfe709cb50e8806c04c7946881d8134c6e9224fce,8,nested_heavy_valid,64,63,127,1,1,125,0.984251968503937,63,counters_only,False,True,False,4,4,5,3332792,True,True,True,
week10_contamination_full_20260728,nested_valid_n128_001,6,nested_valid,128,,c71b70903cdc8e2d30ba2b2cfe709cb50e8806c04c7946881d8134c6e9224fce,8,nested_heavy_valid,64,63,127,1,1,125,0.984251968503937,63,checked,True,True,True,5,5,1,3738541,True,True,True,
week10_contamination_full_20260728,nested_valid_n128_001,6,nested_valid,128,,c71b70903cdc8e2d30ba2b2cfe709cb50e8806c04c7946881d8134c6e9224fce,8,nested_heavy_valid,64,63,127,1,1,125,0.984251968503937,63,minimal,False,False,False,5,5,2,3330291,True,True,True,
week10_contamination_full_20260728,nested_valid_n128_001,6,nested_valid,128,,c71b70903cdc8e2d30ba2b2cfe709cb50e8806c04c7946881d8134c6e9224fce,8,nested_heavy_valid,64,63,127,1,1,125,0.984251968503937,63,instrumented,True,True,False,5,5,3,3698208,True,True,True,
week10_contamination_full_20260728,nested_valid_n128_001,6,nested_valid,128,,c71b70903cdc8e2d30ba2b2cfe709cb50e8806c04c7946881d8134c6e9224fce,8,nested_heavy_valid,64,63,127,1,1,125,0.984251968503937,63,counters_only,False,True,False,5,5,4,3350750,True,True,True,
week10_contamination_full_20260728,nested_valid_n128_001,6,nested_valid,128,,c71b70903cdc8e2d30ba2b2cfe709cb50e8806c04c7946881d8134c6e9224fce,8,nested_heavy_valid,64,63,127,1,1,125,0.984251968503937,63,trace_only,True,False,False,5,5,5,3652709,True,True,True,
week10_contamination_full_20260728,nested_valid_n128_001,6,nested_valid,128,,c71b70903cdc8e2d30ba2b2cfe709cb50e8806c04c7946881d8134c6e9224fce,8,nested_heavy_valid,64,63,127,1,1,125,0.984251968503937,63,minimal,False,False,False,6,6,1,3433708,True,True,True,
week10_contamination_full_20260728,nested_valid_n128_001,6,nested_valid,128,,c71b70903cdc8e2d30ba2b2cfe709cb50e8806c04c7946881d8134c6e9224fce,8,nested_heavy_valid,64,63,127,1,1,125,0.984251968503937,63,instrumented,True,True,False,6,6,2,3751000,True,True,True,
week10_contamination_full_20260728,nested_valid_n128_001,6,nested_valid,128,,c71b70903cdc8e2d30ba2b2cfe709cb50e8806c04c7946881d8134c6e9224fce,8,nested_heavy_valid,64,63,127,1,1,125,0.984251968503937,63,counters_only,False,True,False,6,6,3,3352000,True,True,True,
week10_contamination_full_20260728,nested_valid_n128_001,6,nested_valid,128,,c71b70903cdc8e2d30ba2b2cfe709cb50e8806c04c7946881d8134c6e9224fce,8,nested_heavy_valid,64,63,127,1,1,125,0.984251968503937,63,trace_only,True,False,False,6,6,4,3617708,True,True,True,
week10_contamination_full_20260728,nested_valid_n128_001,6,nested_valid,128,,c71b70903cdc8e2d30ba2b2cfe709cb50e8806c04c7946881d8134c6e9224fce,8,nested_heavy_valid,64,63,127,1,1,125,0.984251968503937,63,checked,True,True,True,6,6,5,3836083,True,True,True,
week10_contamination_full_20260728,nested_valid_n128_001,6,nested_valid,128,,c71b70903cdc8e2d30ba2b2cfe709cb50e8806c04c7946881d8134c6e9224fce,8,nested_heavy_valid,64,63,127,1,1,125,0.984251968503937,63,instrumented,True,True,False,7,7,1,3722500,True,True,True,
week10_contamination_full_20260728,nested_valid_n128_001,6,nested_valid,128,,c71b70903cdc8e2d30ba2b2cfe709cb50e8806c04c7946881d8134c6e9224fce,8,nested_heavy_valid,64,63,127,1,1,125,0.984251968503937,63,counters_only,False,True,False,7,7,2,3338750,True,True,True,
week10_contamination_full_20260728,nested_valid_n128_001,6,nested_valid,128,,c71b70903cdc8e2d30ba2b2cfe709cb50e8806c04c7946881d8134c6e9224fce,8,nested_heavy_valid,64,63,127,1,1,125,0.984251968503937,63,trace_only,True,False,False,7,7,3,3548333,True,True,True,
week10_contamination_full_20260728,nested_valid_n128_001,6,nested_valid,128,,c71b70903cdc8e2d30ba2b2cfe709cb50e8806c04c7946881d8134c6e9224fce,8,nested_heavy_valid,64,63,127,1,1,125,0.984251968503937,63,checked,True,True,True,7,7,4,3658375,True,True,True,
week10_contamination_full_20260728,nested_valid_n128_001,6,nested_valid,128,,c71b70903cdc8e2d30ba2b2cfe709cb50e8806c04c7946881d8134c6e9224fce,8,nested_heavy_valid,64,63,127,1,1,125,0.984251968503937,63,minimal,False,False,False,7,7,5,3391000,True,True,True,
week10_contamination_full_20260728,nested_valid_n128_001,6,nested_valid,128,,c71b70903cdc8e2d30ba2b2cfe709cb50e8806c04c7946881d8134c6e9224fce,8,nested_heavy_valid,64,63,127,1,1,125,0.984251968503937,63,counters_only,False,True,False,8,8,1,3329958,True,True,True,
week10_contamination_full_20260728,nested_valid_n128_001,6,nested_valid,128,,c71b70903cdc8e2d30ba2b2cfe709cb50e8806c04c7946881d8134c6e9224fce,8,nested_heavy_valid,64,63,127,1,1,125,0.984251968503937,63,trace_only,True,False,False,8,8,2,3621208,True,True,True,
week10_contamination_full_20260728,nested_valid_n128_001,6,nested_valid,128,,c71b70903cdc8e2d30ba2b2cfe709cb50e8806c04c7946881d8134c6e9224fce,8,nested_heavy_valid,64,63,127,1,1,125,0.984251968503937,63,checked,True,True,True,8,8,3,3695667,True,True,True,
week10_contamination_full_20260728,nested_valid_n128_001,6,nested_valid,128,,c71b70903cdc8e2d30ba2b2cfe709cb50e8806c04c7946881d8134c6e9224fce,8,nested_heavy_valid,64,63,127,1,1,125,0.984251968503937,63,minimal,False,False,False,8,8,4,3401583,True,True,True,
week10_contamination_full_20260728,nested_valid_n128_001,6,nested_valid,128,,c71b70903cdc8e2d30ba2b2cfe709cb50e8806c04c7946881d8134c6e9224fce,8,nested_heavy_valid,64,63,127,1,1,125,0.984251968503937,63,instrumented,True,True,False,8,8,5,3858042,True,True,True,
week10_contamination_full_20260728,nested_valid_n128_001,6,nested_valid,128,,c71b70903cdc8e2d30ba2b2cfe709cb50e8806c04c7946881d8134c6e9224fce,8,nested_heavy_valid,64,63,127,1,1,125,0.984251968503937,63,trace_only,True,False,False,9,9,1,3636250,True,True,True,
week10_contamination_full_20260728,nested_valid_n128_001,6,nested_valid,128,,c71b70903cdc8e2d30ba2b2cfe709cb50e8806c04c7946881d8134c6e9224fce,8,nested_heavy_valid,64,63,127,1,1,125,0.984251968503937,63,checked,True,True,True,9,9,2,3706000,True,True,True,
week10_contamination_full_20260728,nested_valid_n128_001,6,nested_valid,128,,c71b70903cdc8e2d30ba2b2cfe709cb50e8806c04c7946881d8134c6e9224fce,8,nested_heavy_valid,64,63,127,1,1,125,0.984251968503937,63,minimal,False,False,False,9,9,3,3314875,True,True,True,
week10_contamination_full_20260728,nested_valid_n128_001,6,nested_valid,128,,c71b70903cdc8e2d30ba2b2cfe709cb50e8806c04c7946881d8134c6e9224fce,8,nested_heavy_valid,64,63,127,1,1,125,0.984251968503937,63,instrumented,True,True,False,9,9,4,3852291,True,True,True,
week10_contamination_full_20260728,nested_valid_n128_001,6,nested_valid,128,,c71b70903cdc8e2d30ba2b2cfe709cb50e8806c04c7946881d8134c6e9224fce,8,nested_heavy_valid,64,63,127,1,1,125,0.984251968503937,63,counters_only,False,True,False,9,9,5,3347750,True,True,True,
week10_contamination_full_20260728,nested_valid_n128_001,6,nested_valid,128,,c71b70903cdc8e2d30ba2b2cfe709cb50e8806c04c7946881d8134c6e9224fce,8,nested_heavy_valid,64,63,127,1,1,125,0.984251968503937,63,checked,True,True,True,10,10,1,3729834,True,True,True,
week10_contamination_full_20260728,nested_valid_n128_001,6,nested_valid,128,,c71b70903cdc8e2d30ba2b2cfe709cb50e8806c04c7946881d8134c6e9224fce,8,nested_heavy_valid,64,63,127,1,1,125,0.984251968503937,63,minimal,False,False,False,10,10,2,3317334,True,True,True,
week10_contamination_full_20260728,nested_valid_n128_001,6,nested_valid,128,,c71b70903cdc8e2d30ba2b2cfe709cb50e8806c04c7946881d8134c6e9224fce,8,nested_heavy_valid,64,63,127,1,1,125,0.984251968503937,63,instrumented,True,True,False,10,10,3,3729208,True,True,True,
week10_contamination_full_20260728,nested_valid_n128_001,6,nested_valid,128,,c71b70903cdc8e2d30ba2b2cfe709cb50e8806c04c7946881d8134c6e9224fce,8,nested_heavy_valid,64,63,127,1,1,125,0.984251968503937,63,counters_only,False,True,False,10,10,4,3458375,True,True,True,
week10_contamination_full_20260728,nested_valid_n128_001,6,nested_valid,128,,c71b70903cdc8e2d30ba2b2cfe709cb50e8806c04c7946881d8134c6e9224fce,8,nested_heavy_valid,64,63,127,1,1,125,0.984251968503937,63,trace_only,True,False,False,10,10,5,3617750,True,True,True,
week10_contamination_full_20260728,nested_valid_n128_001,6,nested_valid,128,,c71b70903cdc8e2d30ba2b2cfe709cb50e8806c04c7946881d8134c6e9224fce,8,nested_heavy_valid,64,63,127,1,1,125,0.984251968503937,63,minimal,False,False,False,11,11,1,3285000,True,True,True,
week10_contamination_full_20260728,nested_valid_n128_001,6,nested_valid,128,,c71b70903cdc8e2d30ba2b2cfe709cb50e8806c04c7946881d8134c6e9224fce,8,nested_heavy_valid,64,63,127,1,1,125,0.984251968503937,63,instrumented,True,True,False,11,11,2,3602000,True,True,True,
week10_contamination_full_20260728,nested_valid_n128_001,6,nested_valid,128,,c71b70903cdc8e2d30ba2b2cfe709cb50e8806c04c7946881d8134c6e9224fce,8,nested_heavy_valid,64,63,127,1,1,125,0.984251968503937,63,counters_only,False,True,False,11,11,3,3307667,True,True,True,
week10_contamination_full_20260728,nested_valid_n128_001,6,nested_valid,128,,c71b70903cdc8e2d30ba2b2cfe709cb50e8806c04c7946881d8134c6e9224fce,8,nested_heavy_valid,64,63,127,1,1,125,0.984251968503937,63,trace_only,True,False,False,11,11,4,3668250,True,True,True,
week10_contamination_full_20260728,nested_valid_n128_001,6,nested_valid,128,,c71b70903cdc8e2d30ba2b2cfe709cb50e8806c04c7946881d8134c6e9224fce,8,nested_heavy_valid,64,63,127,1,1,125,0.984251968503937,63,checked,True,True,True,11,11,5,3688167,True,True,True,
week10_contamination_full_20260728,nested_valid_n128_001,6,nested_valid,128,,c71b70903cdc8e2d30ba2b2cfe709cb50e8806c04c7946881d8134c6e9224fce,8,nested_heavy_valid,64,63,127,1,1,125,0.984251968503937,63,instrumented,True,True,False,12,12,1,3716709,True,True,True,
week10_contamination_full_20260728,nested_valid_n128_001,6,nested_valid,128,,c71b70903cdc8e2d30ba2b2cfe709cb50e8806c04c7946881d8134c6e9224fce,8,nested_heavy_valid,64,63,127,1,1,125,0.984251968503937,63,counters_only,False,True,False,12,12,2,3352375,True,True,True,
week10_contamination_full_20260728,nested_valid_n128_001,6,nested_valid,128,,c71b70903cdc8e2d30ba2b2cfe709cb50e8806c04c7946881d8134c6e9224fce,8,nested_heavy_valid,64,63,127,1,1,125,0.984251968503937,63,trace_only,True,False,False,12,12,3,3769209,True,True,True,
week10_contamination_full_20260728,nested_valid_n128_001,6,nested_valid,128,,c71b70903cdc8e2d30ba2b2cfe709cb50e8806c04c7946881d8134c6e9224fce,8,nested_heavy_valid,64,63,127,1,1,125,0.984251968503937,63,checked,True,True,True,12,12,4,3698416,True,True,True,
week10_contamination_full_20260728,nested_valid_n128_001,6,nested_valid,128,,c71b70903cdc8e2d30ba2b2cfe709cb50e8806c04c7946881d8134c6e9224fce,8,nested_heavy_valid,64,63,127,1,1,125,0.984251968503937,63,minimal,False,False,False,12,12,5,3309917,True,True,True,
week10_contamination_full_20260728,nested_valid_n128_001,6,nested_valid,128,,c71b70903cdc8e2d30ba2b2cfe709cb50e8806c04c7946881d8134c6e9224fce,8,nested_heavy_valid,64,63,127,1,1,125,0.984251968503937,63,counters_only,False,True,False,13,13,1,3338542,True,True,True,
week10_contamination_full_20260728,nested_valid_n128_001,6,nested_valid,128,,c71b70903cdc8e2d30ba2b2cfe709cb50e8806c04c7946881d8134c6e9224fce,8,nested_heavy_valid,64,63,127,1,1,125,0.984251968503937,63,trace_only,True,False,False,13,13,2,3638333,True,True,True,
week10_contamination_full_20260728,nested_valid_n128_001,6,nested_valid,128,,c71b70903cdc8e2d30ba2b2cfe709cb50e8806c04c7946881d8134c6e9224fce,8,nested_heavy_valid,64,63,127,1,1,125,0.984251968503937,63,checked,True,True,True,13,13,3,3805333,True,True,True,
week10_contamination_full_20260728,nested_valid_n128_001,6,nested_valid,128,,c71b70903cdc8e2d30ba2b2cfe709cb50e8806c04c7946881d8134c6e9224fce,8,nested_heavy_valid,64,63,127,1,1,125,0.984251968503937,63,minimal,False,False,False,13,13,4,3339584,True,True,True,
week10_contamination_full_20260728,nested_valid_n128_001,6,nested_valid,128,,c71b70903cdc8e2d30ba2b2cfe709cb50e8806c04c7946881d8134c6e9224fce,8,nested_heavy_valid,64,63,127,1,1,125,0.984251968503937,63,instrumented,True,True,False,13,13,5,3652167,True,True,True,
week10_contamination_full_20260728,nested_valid_n128_001,6,nested_valid,128,,c71b70903cdc8e2d30ba2b2cfe709cb50e8806c04c7946881d8134c6e9224fce,8,nested_heavy_valid,64,63,127,1,1,125,0.984251968503937,63,trace_only,True,False,False,14,14,1,3610500,True,True,True,
week10_contamination_full_20260728,nested_valid_n128_001,6,nested_valid,128,,c71b70903cdc8e2d30ba2b2cfe709cb50e8806c04c7946881d8134c6e9224fce,8,nested_heavy_valid,64,63,127,1,1,125,0.984251968503937,63,checked,True,True,True,14,14,2,3788542,True,True,True,
week10_contamination_full_20260728,nested_valid_n128_001,6,nested_valid,128,,c71b70903cdc8e2d30ba2b2cfe709cb50e8806c04c7946881d8134c6e9224fce,8,nested_heavy_valid,64,63,127,1,1,125,0.984251968503937,63,minimal,False,False,False,14,14,3,3345041,True,True,True,
week10_contamination_full_20260728,nested_valid_n128_001,6,nested_valid,128,,c71b70903cdc8e2d30ba2b2cfe709cb50e8806c04c7946881d8134c6e9224fce,8,nested_heavy_valid,64,63,127,1,1,125,0.984251968503937,63,instrumented,True,True,False,14,14,4,3644458,True,True,True,
week10_contamination_full_20260728,nested_valid_n128_001,6,nested_valid,128,,c71b70903cdc8e2d30ba2b2cfe709cb50e8806c04c7946881d8134c6e9224fce,8,nested_heavy_valid,64,63,127,1,1,125,0.984251968503937,63,counters_only,False,True,False,14,14,5,3282125,True,True,True,
week10_contamination_full_20260728,nested_valid_n128_001,6,nested_valid,128,,c71b70903cdc8e2d30ba2b2cfe709cb50e8806c04c7946881d8134c6e9224fce,8,nested_heavy_valid,64,63,127,1,1,125,0.984251968503937,63,checked,True,True,True,15,15,1,3632959,True,True,True,
week10_contamination_full_20260728,nested_valid_n128_001,6,nested_valid,128,,c71b70903cdc8e2d30ba2b2cfe709cb50e8806c04c7946881d8134c6e9224fce,8,nested_heavy_valid,64,63,127,1,1,125,0.984251968503937,63,minimal,False,False,False,15,15,2,3358292,True,True,True,
week10_contamination_full_20260728,nested_valid_n128_001,6,nested_valid,128,,c71b70903cdc8e2d30ba2b2cfe709cb50e8806c04c7946881d8134c6e9224fce,8,nested_heavy_valid,64,63,127,1,1,125,0.984251968503937,63,instrumented,True,True,False,15,15,3,3689084,True,True,True,
week10_contamination_full_20260728,nested_valid_n128_001,6,nested_valid,128,,c71b70903cdc8e2d30ba2b2cfe709cb50e8806c04c7946881d8134c6e9224fce,8,nested_heavy_valid,64,63,127,1,1,125,0.984251968503937,63,counters_only,False,True,False,15,15,4,3349250,True,True,True,
week10_contamination_full_20260728,nested_valid_n128_001,6,nested_valid,128,,c71b70903cdc8e2d30ba2b2cfe709cb50e8806c04c7946881d8134c6e9224fce,8,nested_heavy_valid,64,63,127,1,1,125,0.984251968503937,63,trace_only,True,False,False,15,15,5,3607500,True,True,True,
week10_contamination_full_20260728,incremental_valid_n64_002,12,incremental_valid,64,20324725,5023dc32d4d563987824a26050882975a043e36a3b36f36fecb2e555d0e43b6f,9,nested_heavy_valid,32,31,63,2,3,58,0.9206349206349206,13,trace_only,True,False,False,1,1,1,1789875,True,True,True,
week10_contamination_full_20260728,incremental_valid_n64_002,12,incremental_valid,64,20324725,5023dc32d4d563987824a26050882975a043e36a3b36f36fecb2e555d0e43b6f,9,nested_heavy_valid,32,31,63,2,3,58,0.9206349206349206,13,counters_only,False,True,False,1,1,2,1671250,True,True,True,
week10_contamination_full_20260728,incremental_valid_n64_002,12,incremental_valid,64,20324725,5023dc32d4d563987824a26050882975a043e36a3b36f36fecb2e555d0e43b6f,9,nested_heavy_valid,32,31,63,2,3,58,0.9206349206349206,13,checked,True,True,True,1,1,3,4125583,True,True,True,
week10_contamination_full_20260728,incremental_valid_n64_002,12,incremental_valid,64,20324725,5023dc32d4d563987824a26050882975a043e36a3b36f36fecb2e555d0e43b6f,9,nested_heavy_valid,32,31,63,2,3,58,0.9206349206349206,13,minimal,False,False,False,1,1,4,1625750,True,True,True,
week10_contamination_full_20260728,incremental_valid_n64_002,12,incremental_valid,64,20324725,5023dc32d4d563987824a26050882975a043e36a3b36f36fecb2e555d0e43b6f,9,nested_heavy_valid,32,31,63,2,3,58,0.9206349206349206,13,instrumented,True,True,False,1,1,5,1840125,True,True,True,
week10_contamination_full_20260728,incremental_valid_n64_002,12,incremental_valid,64,20324725,5023dc32d4d563987824a26050882975a043e36a3b36f36fecb2e555d0e43b6f,9,nested_heavy_valid,32,31,63,2,3,58,0.9206349206349206,13,counters_only,False,True,False,2,2,1,1673000,True,True,True,
week10_contamination_full_20260728,incremental_valid_n64_002,12,incremental_valid,64,20324725,5023dc32d4d563987824a26050882975a043e36a3b36f36fecb2e555d0e43b6f,9,nested_heavy_valid,32,31,63,2,3,58,0.9206349206349206,13,checked,True,True,True,2,2,2,4062958,True,True,True,
week10_contamination_full_20260728,incremental_valid_n64_002,12,incremental_valid,64,20324725,5023dc32d4d563987824a26050882975a043e36a3b36f36fecb2e555d0e43b6f,9,nested_heavy_valid,32,31,63,2,3,58,0.9206349206349206,13,minimal,False,False,False,2,2,3,1639250,True,True,True,
week10_contamination_full_20260728,incremental_valid_n64_002,12,incremental_valid,64,20324725,5023dc32d4d563987824a26050882975a043e36a3b36f36fecb2e555d0e43b6f,9,nested_heavy_valid,32,31,63,2,3,58,0.9206349206349206,13,instrumented,True,True,False,2,2,4,1838083,True,True,True,
week10_contamination_full_20260728,incremental_valid_n64_002,12,incremental_valid,64,20324725,5023dc32d4d563987824a26050882975a043e36a3b36f36fecb2e555d0e43b6f,9,nested_heavy_valid,32,31,63,2,3,58,0.9206349206349206,13,trace_only,True,False,False,2,2,5,1897625,True,True,True,
week10_contamination_full_20260728,incremental_valid_n64_002,12,incremental_valid,64,20324725,5023dc32d4d563987824a26050882975a043e36a3b36f36fecb2e555d0e43b6f,9,nested_heavy_valid,32,31,63,2,3,58,0.9206349206349206,13,checked,True,True,True,3,3,1,4054625,True,True,True,
week10_contamination_full_20260728,incremental_valid_n64_002,12,incremental_valid,64,20324725,5023dc32d4d563987824a26050882975a043e36a3b36f36fecb2e555d0e43b6f,9,nested_heavy_valid,32,31,63,2,3,58,0.9206349206349206,13,minimal,False,False,False,3,3,2,1630625,True,True,True,
week10_contamination_full_20260728,incremental_valid_n64_002,12,incremental_valid,64,20324725,5023dc32d4d563987824a26050882975a043e36a3b36f36fecb2e555d0e43b6f,9,nested_heavy_valid,32,31,63,2,3,58,0.9206349206349206,13,instrumented,True,True,False,3,3,3,1848959,True,True,True,
week10_contamination_full_20260728,incremental_valid_n64_002,12,incremental_valid,64,20324725,5023dc32d4d563987824a26050882975a043e36a3b36f36fecb2e555d0e43b6f,9,nested_heavy_valid,32,31,63,2,3,58,0.9206349206349206,13,trace_only,True,False,False,3,3,4,1801458,True,True,True,
week10_contamination_full_20260728,incremental_valid_n64_002,12,incremental_valid,64,20324725,5023dc32d4d563987824a26050882975a043e36a3b36f36fecb2e555d0e43b6f,9,nested_heavy_valid,32,31,63,2,3,58,0.9206349206349206,13,counters_only,False,True,False,3,3,5,1661625,True,True,True,
week10_contamination_full_20260728,incremental_valid_n64_002,12,incremental_valid,64,20324725,5023dc32d4d563987824a26050882975a043e36a3b36f36fecb2e555d0e43b6f,9,nested_heavy_valid,32,31,63,2,3,58,0.9206349206349206,13,minimal,False,False,False,4,4,1,1630125,True,True,True,
week10_contamination_full_20260728,incremental_valid_n64_002,12,incremental_valid,64,20324725,5023dc32d4d563987824a26050882975a043e36a3b36f36fecb2e555d0e43b6f,9,nested_heavy_valid,32,31,63,2,3,58,0.9206349206349206,13,instrumented,True,True,False,4,4,2,1865125,True,True,True,
week10_contamination_full_20260728,incremental_valid_n64_002,12,incremental_valid,64,20324725,5023dc32d4d563987824a26050882975a043e36a3b36f36fecb2e555d0e43b6f,9,nested_heavy_valid,32,31,63,2,3,58,0.9206349206349206,13,trace_only,True,False,False,4,4,3,1888583,True,True,True,
week10_contamination_full_20260728,incremental_valid_n64_002,12,incremental_valid,64,20324725,5023dc32d4d563987824a26050882975a043e36a3b36f36fecb2e555d0e43b6f,9,nested_heavy_valid,32,31,63,2,3,58,0.9206349206349206,13,counters_only,False,True,False,4,4,4,1682417,True,True,True,
week10_contamination_full_20260728,incremental_valid_n64_002,12,incremental_valid,64,20324725,5023dc32d4d563987824a26050882975a043e36a3b36f36fecb2e555d0e43b6f,9,nested_heavy_valid,32,31,63,2,3,58,0.9206349206349206,13,checked,True,True,True,4,4,5,4032333,True,True,True,
week10_contamination_full_20260728,incremental_valid_n64_002,12,incremental_valid,64,20324725,5023dc32d4d563987824a26050882975a043e36a3b36f36fecb2e555d0e43b6f,9,nested_heavy_valid,32,31,63,2,3,58,0.9206349206349206,13,instrumented,True,True,False,5,5,1,1826209,True,True,True,
week10_contamination_full_20260728,incremental_valid_n64_002,12,incremental_valid,64,20324725,5023dc32d4d563987824a26050882975a043e36a3b36f36fecb2e555d0e43b6f,9,nested_heavy_valid,32,31,63,2,3,58,0.9206349206349206,13,trace_only,True,False,False,5,5,2,1773209,True,True,True,
week10_contamination_full_20260728,incremental_valid_n64_002,12,incremental_valid,64,20324725,5023dc32d4d563987824a26050882975a043e36a3b36f36fecb2e555d0e43b6f,9,nested_heavy_valid,32,31,63,2,3,58,0.9206349206349206,13,counters_only,False,True,False,5,5,3,1634083,True,True,True,
week10_contamination_full_20260728,incremental_valid_n64_002,12,incremental_valid,64,20324725,5023dc32d4d563987824a26050882975a043e36a3b36f36fecb2e555d0e43b6f,9,nested_heavy_valid,32,31,63,2,3,58,0.9206349206349206,13,checked,True,True,True,5,5,4,4077708,True,True,True,
week10_contamination_full_20260728,incremental_valid_n64_002,12,incremental_valid,64,20324725,5023dc32d4d563987824a26050882975a043e36a3b36f36fecb2e555d0e43b6f,9,nested_heavy_valid,32,31,63,2,3,58,0.9206349206349206,13,minimal,False,False,False,5,5,5,1764458,True,True,True,
week10_contamination_full_20260728,incremental_valid_n64_002,12,incremental_valid,64,20324725,5023dc32d4d563987824a26050882975a043e36a3b36f36fecb2e555d0e43b6f,9,nested_heavy_valid,32,31,63,2,3,58,0.9206349206349206,13,trace_only,True,False,False,6,6,1,1824750,True,True,True,
week10_contamination_full_20260728,incremental_valid_n64_002,12,incremental_valid,64,20324725,5023dc32d4d563987824a26050882975a043e36a3b36f36fecb2e555d0e43b6f,9,nested_heavy_valid,32,31,63,2,3,58,0.9206349206349206,13,counters_only,False,True,False,6,6,2,1667916,True,True,True,
week10_contamination_full_20260728,incremental_valid_n64_002,12,incremental_valid,64,20324725,5023dc32d4d563987824a26050882975a043e36a3b36f36fecb2e555d0e43b6f,9,nested_heavy_valid,32,31,63,2,3,58,0.9206349206349206,13,checked,True,True,True,6,6,3,4093334,True,True,True,
week10_contamination_full_20260728,incremental_valid_n64_002,12,incremental_valid,64,20324725,5023dc32d4d563987824a26050882975a043e36a3b36f36fecb2e555d0e43b6f,9,nested_heavy_valid,32,31,63,2,3,58,0.9206349206349206,13,minimal,False,False,False,6,6,4,1642417,True,True,True,
week10_contamination_full_20260728,incremental_valid_n64_002,12,incremental_valid,64,20324725,5023dc32d4d563987824a26050882975a043e36a3b36f36fecb2e555d0e43b6f,9,nested_heavy_valid,32,31,63,2,3,58,0.9206349206349206,13,instrumented,True,True,False,6,6,5,1850500,True,True,True,
week10_contamination_full_20260728,incremental_valid_n64_002,12,incremental_valid,64,20324725,5023dc32d4d563987824a26050882975a043e36a3b36f36fecb2e555d0e43b6f,9,nested_heavy_valid,32,31,63,2,3,58,0.9206349206349206,13,counters_only,False,True,False,7,7,1,1658458,True,True,True,
week10_contamination_full_20260728,incremental_valid_n64_002,12,incremental_valid,64,20324725,5023dc32d4d563987824a26050882975a043e36a3b36f36fecb2e555d0e43b6f,9,nested_heavy_valid,32,31,63,2,3,58,0.9206349206349206,13,checked,True,True,True,7,7,2,4176791,True,True,True,
week10_contamination_full_20260728,incremental_valid_n64_002,12,incremental_valid,64,20324725,5023dc32d4d563987824a26050882975a043e36a3b36f36fecb2e555d0e43b6f,9,nested_heavy_valid,32,31,63,2,3,58,0.9206349206349206,13,minimal,False,False,False,7,7,3,1642583,True,True,True,
week10_contamination_full_20260728,incremental_valid_n64_002,12,incremental_valid,64,20324725,5023dc32d4d563987824a26050882975a043e36a3b36f36fecb2e555d0e43b6f,9,nested_heavy_valid,32,31,63,2,3,58,0.9206349206349206,13,instrumented,True,True,False,7,7,4,1843166,True,True,True,
week10_contamination_full_20260728,incremental_valid_n64_002,12,incremental_valid,64,20324725,5023dc32d4d563987824a26050882975a043e36a3b36f36fecb2e555d0e43b6f,9,nested_heavy_valid,32,31,63,2,3,58,0.9206349206349206,13,trace_only,True,False,False,7,7,5,1791583,True,True,True,
week10_contamination_full_20260728,incremental_valid_n64_002,12,incremental_valid,64,20324725,5023dc32d4d563987824a26050882975a043e36a3b36f36fecb2e555d0e43b6f,9,nested_heavy_valid,32,31,63,2,3,58,0.9206349206349206,13,checked,True,True,True,8,8,1,4057500,True,True,True,
week10_contamination_full_20260728,incremental_valid_n64_002,12,incremental_valid,64,20324725,5023dc32d4d563987824a26050882975a043e36a3b36f36fecb2e555d0e43b6f,9,nested_heavy_valid,32,31,63,2,3,58,0.9206349206349206,13,minimal,False,False,False,8,8,2,1639209,True,True,True,
week10_contamination_full_20260728,incremental_valid_n64_002,12,incremental_valid,64,20324725,5023dc32d4d563987824a26050882975a043e36a3b36f36fecb2e555d0e43b6f,9,nested_heavy_valid,32,31,63,2,3,58,0.9206349206349206,13,instrumented,True,True,False,8,8,3,1853750,True,True,True,
week10_contamination_full_20260728,incremental_valid_n64_002,12,incremental_valid,64,20324725,5023dc32d4d563987824a26050882975a043e36a3b36f36fecb2e555d0e43b6f,9,nested_heavy_valid,32,31,63,2,3,58,0.9206349206349206,13,trace_only,True,False,False,8,8,4,1830833,True,True,True,
week10_contamination_full_20260728,incremental_valid_n64_002,12,incremental_valid,64,20324725,5023dc32d4d563987824a26050882975a043e36a3b36f36fecb2e555d0e43b6f,9,nested_heavy_valid,32,31,63,2,3,58,0.9206349206349206,13,counters_only,False,True,False,8,8,5,1740958,True,True,True,
week10_contamination_full_20260728,incremental_valid_n64_002,12,incremental_valid,64,20324725,5023dc32d4d563987824a26050882975a043e36a3b36f36fecb2e555d0e43b6f,9,nested_heavy_valid,32,31,63,2,3,58,0.9206349206349206,13,minimal,False,False,False,9,9,1,1650916,True,True,True,
week10_contamination_full_20260728,incremental_valid_n64_002,12,incremental_valid,64,20324725,5023dc32d4d563987824a26050882975a043e36a3b36f36fecb2e555d0e43b6f,9,nested_heavy_valid,32,31,63,2,3,58,0.9206349206349206,13,instrumented,True,True,False,9,9,2,1887708,True,True,True,
week10_contamination_full_20260728,incremental_valid_n64_002,12,incremental_valid,64,20324725,5023dc32d4d563987824a26050882975a043e36a3b36f36fecb2e555d0e43b6f,9,nested_heavy_valid,32,31,63,2,3,58,0.9206349206349206,13,trace_only,True,False,False,9,9,3,1844750,True,True,True,
week10_contamination_full_20260728,incremental_valid_n64_002,12,incremental_valid,64,20324725,5023dc32d4d563987824a26050882975a043e36a3b36f36fecb2e555d0e43b6f,9,nested_heavy_valid,32,31,63,2,3,58,0.9206349206349206,13,counters_only,False,True,False,9,9,4,1680292,True,True,True,
week10_contamination_full_20260728,incremental_valid_n64_002,12,incremental_valid,64,20324725,5023dc32d4d563987824a26050882975a043e36a3b36f36fecb2e555d0e43b6f,9,nested_heavy_valid,32,31,63,2,3,58,0.9206349206349206,13,checked,True,True,True,9,9,5,4075208,True,True,True,
week10_contamination_full_20260728,incremental_valid_n64_002,12,incremental_valid,64,20324725,5023dc32d4d563987824a26050882975a043e36a3b36f36fecb2e555d0e43b6f,9,nested_heavy_valid,32,31,63,2,3,58,0.9206349206349206,13,instrumented,True,True,False,10,10,1,1878792,True,True,True,
week10_contamination_full_20260728,incremental_valid_n64_002,12,incremental_valid,64,20324725,5023dc32d4d563987824a26050882975a043e36a3b36f36fecb2e555d0e43b6f,9,nested_heavy_valid,32,31,63,2,3,58,0.9206349206349206,13,trace_only,True,False,False,10,10,2,1832125,True,True,True,
week10_contamination_full_20260728,incremental_valid_n64_002,12,incremental_valid,64,20324725,5023dc32d4d563987824a26050882975a043e36a3b36f36fecb2e555d0e43b6f,9,nested_heavy_valid,32,31,63,2,3,58,0.9206349206349206,13,counters_only,False,True,False,10,10,3,1719583,True,True,True,
week10_contamination_full_20260728,incremental_valid_n64_002,12,incremental_valid,64,20324725,5023dc32d4d563987824a26050882975a043e36a3b36f36fecb2e555d0e43b6f,9,nested_heavy_valid,32,31,63,2,3,58,0.9206349206349206,13,checked,True,True,True,10,10,4,4084833,True,True,True,
week10_contamination_full_20260728,incremental_valid_n64_002,12,incremental_valid,64,20324725,5023dc32d4d563987824a26050882975a043e36a3b36f36fecb2e555d0e43b6f,9,nested_heavy_valid,32,31,63,2,3,58,0.9206349206349206,13,minimal,False,False,False,10,10,5,1650375,True,True,True,
week10_contamination_full_20260728,incremental_valid_n64_002,12,incremental_valid,64,20324725,5023dc32d4d563987824a26050882975a043e36a3b36f36fecb2e555d0e43b6f,9,nested_heavy_valid,32,31,63,2,3,58,0.9206349206349206,13,trace_only,True,False,False,11,11,1,1799833,True,True,True,
week10_contamination_full_20260728,incremental_valid_n64_002,12,incremental_valid,64,20324725,5023dc32d4d563987824a26050882975a043e36a3b36f36fecb2e555d0e43b6f,9,nested_heavy_valid,32,31,63,2,3,58,0.9206349206349206,13,counters_only,False,True,False,11,11,2,1652167,True,True,True,
week10_contamination_full_20260728,incremental_valid_n64_002,12,incremental_valid,64,20324725,5023dc32d4d563987824a26050882975a043e36a3b36f36fecb2e555d0e43b6f,9,nested_heavy_valid,32,31,63,2,3,58,0.9206349206349206,13,checked,True,True,True,11,11,3,4059917,True,True,True,
week10_contamination_full_20260728,incremental_valid_n64_002,12,incremental_valid,64,20324725,5023dc32d4d563987824a26050882975a043e36a3b36f36fecb2e555d0e43b6f,9,nested_heavy_valid,32,31,63,2,3,58,0.9206349206349206,13,minimal,False,False,False,11,11,4,1633916,True,True,True,
week10_contamination_full_20260728,incremental_valid_n64_002,12,incremental_valid,64,20324725,5023dc32d4d563987824a26050882975a043e36a3b36f36fecb2e555d0e43b6f,9,nested_heavy_valid,32,31,63,2,3,58,0.9206349206349206,13,instrumented,True,True,False,11,11,5,2036875,True,True,True,
week10_contamination_full_20260728,incremental_valid_n64_002,12,incremental_valid,64,20324725,5023dc32d4d563987824a26050882975a043e36a3b36f36fecb2e555d0e43b6f,9,nested_heavy_valid,32,31,63,2,3,58,0.9206349206349206,13,counters_only,False,True,False,12,12,1,1705958,True,True,True,
week10_contamination_full_20260728,incremental_valid_n64_002,12,incremental_valid,64,20324725,5023dc32d4d563987824a26050882975a043e36a3b36f36fecb2e555d0e43b6f,9,nested_heavy_valid,32,31,63,2,3,58,0.9206349206349206,13,checked,True,True,True,12,12,2,4143375,True,True,True,
week10_contamination_full_20260728,incremental_valid_n64_002,12,incremental_valid,64,20324725,5023dc32d4d563987824a26050882975a043e36a3b36f36fecb2e555d0e43b6f,9,nested_heavy_valid,32,31,63,2,3,58,0.9206349206349206,13,minimal,False,False,False,12,12,3,1634667,True,True,True,
week10_contamination_full_20260728,incremental_valid_n64_002,12,incremental_valid,64,20324725,5023dc32d4d563987824a26050882975a043e36a3b36f36fecb2e555d0e43b6f,9,nested_heavy_valid,32,31,63,2,3,58,0.9206349206349206,13,instrumented,True,True,False,12,12,4,1837000,True,True,True,
week10_contamination_full_20260728,incremental_valid_n64_002,12,incremental_valid,64,20324725,5023dc32d4d563987824a26050882975a043e36a3b36f36fecb2e555d0e43b6f,9,nested_heavy_valid,32,31,63,2,3,58,0.9206349206349206,13,trace_only,True,False,False,12,12,5,1824292,True,True,True,
week10_contamination_full_20260728,incremental_valid_n64_002,12,incremental_valid,64,20324725,5023dc32d4d563987824a26050882975a043e36a3b36f36fecb2e555d0e43b6f,9,nested_heavy_valid,32,31,63,2,3,58,0.9206349206349206,13,checked,True,True,True,13,13,1,4323875,True,True,True,
week10_contamination_full_20260728,incremental_valid_n64_002,12,incremental_valid,64,20324725,5023dc32d4d563987824a26050882975a043e36a3b36f36fecb2e555d0e43b6f,9,nested_heavy_valid,32,31,63,2,3,58,0.9206349206349206,13,minimal,False,False,False,13,13,2,1684917,True,True,True,
week10_contamination_full_20260728,incremental_valid_n64_002,12,incremental_valid,64,20324725,5023dc32d4d563987824a26050882975a043e36a3b36f36fecb2e555d0e43b6f,9,nested_heavy_valid,32,31,63,2,3,58,0.9206349206349206,13,instrumented,True,True,False,13,13,3,1887584,True,True,True,
week10_contamination_full_20260728,incremental_valid_n64_002,12,incremental_valid,64,20324725,5023dc32d4d563987824a26050882975a043e36a3b36f36fecb2e555d0e43b6f,9,nested_heavy_valid,32,31,63,2,3,58,0.9206349206349206,13,trace_only,True,False,False,13,13,4,1772750,True,True,True,
week10_contamination_full_20260728,incremental_valid_n64_002,12,incremental_valid,64,20324725,5023dc32d4d563987824a26050882975a043e36a3b36f36fecb2e555d0e43b6f,9,nested_heavy_valid,32,31,63,2,3,58,0.9206349206349206,13,counters_only,False,True,False,13,13,5,1658375,True,True,True,
week10_contamination_full_20260728,incremental_valid_n64_002,12,incremental_valid,64,20324725,5023dc32d4d563987824a26050882975a043e36a3b36f36fecb2e555d0e43b6f,9,nested_heavy_valid,32,31,63,2,3,58,0.9206349206349206,13,minimal,False,False,False,14,14,1,1604042,True,True,True,
week10_contamination_full_20260728,incremental_valid_n64_002,12,incremental_valid,64,20324725,5023dc32d4d563987824a26050882975a043e36a3b36f36fecb2e555d0e43b6f,9,nested_heavy_valid,32,31,63,2,3,58,0.9206349206349206,13,instrumented,True,True,False,14,14,2,1803375,True,True,True,
week10_contamination_full_20260728,incremental_valid_n64_002,12,incremental_valid,64,20324725,5023dc32d4d563987824a26050882975a043e36a3b36f36fecb2e555d0e43b6f,9,nested_heavy_valid,32,31,63,2,3,58,0.9206349206349206,13,trace_only,True,False,False,14,14,3,1769500,True,True,True,
week10_contamination_full_20260728,incremental_valid_n64_002,12,incremental_valid,64,20324725,5023dc32d4d563987824a26050882975a043e36a3b36f36fecb2e555d0e43b6f,9,nested_heavy_valid,32,31,63,2,3,58,0.9206349206349206,13,counters_only,False,True,False,14,14,4,1663958,True,True,True,
week10_contamination_full_20260728,incremental_valid_n64_002,12,incremental_valid,64,20324725,5023dc32d4d563987824a26050882975a043e36a3b36f36fecb2e555d0e43b6f,9,nested_heavy_valid,32,31,63,2,3,58,0.9206349206349206,13,checked,True,True,True,14,14,5,4283042,True,True,True,
week10_contamination_full_20260728,incremental_valid_n64_002,12,incremental_valid,64,20324725,5023dc32d4d563987824a26050882975a043e36a3b36f36fecb2e555d0e43b6f,9,nested_heavy_valid,32,31,63,2,3,58,0.9206349206349206,13,instrumented,True,True,False,15,15,1,1918875,True,True,True,
week10_contamination_full_20260728,incremental_valid_n64_002,12,incremental_valid,64,20324725,5023dc32d4d563987824a26050882975a043e36a3b36f36fecb2e555d0e43b6f,9,nested_heavy_valid,32,31,63,2,3,58,0.9206349206349206,13,trace_only,True,False,False,15,15,2,1870375,True,True,True,
week10_contamination_full_20260728,incremental_valid_n64_002,12,incremental_valid,64,20324725,5023dc32d4d563987824a26050882975a043e36a3b36f36fecb2e555d0e43b6f,9,nested_heavy_valid,32,31,63,2,3,58,0.9206349206349206,13,counters_only,False,True,False,15,15,3,1668500,True,True,True,
week10_contamination_full_20260728,incremental_valid_n64_002,12,incremental_valid,64,20324725,5023dc32d4d563987824a26050882975a043e36a3b36f36fecb2e555d0e43b6f,9,nested_heavy_valid,32,31,63,2,3,58,0.9206349206349206,13,checked,True,True,True,15,15,4,4071417,True,True,True,
week10_contamination_full_20260728,incremental_valid_n64_002,12,incremental_valid,64,20324725,5023dc32d4d563987824a26050882975a043e36a3b36f36fecb2e555d0e43b6f,9,nested_heavy_valid,32,31,63,2,3,58,0.9206349206349206,13,minimal,False,False,False,15,15,5,1642000,True,True,True,
week10_contamination_full_20260728,flat_valid_n128_001,2,flat_valid,128,,f0d76dfdfbf5467a030817361d4cedd8ddc8e86a9b24ee55e7749eb72a658b53,10,strict_flat,64,63,127,64,63,0,0.0,0,instrumented,True,True,False,1,1,1,2721459,True,True,True,
week10_contamination_full_20260728,flat_valid_n128_001,2,flat_valid,128,,f0d76dfdfbf5467a030817361d4cedd8ddc8e86a9b24ee55e7749eb72a658b53,10,strict_flat,64,63,127,64,63,0,0.0,0,checked,True,True,True,1,1,2,2716250,True,True,True,
week10_contamination_full_20260728,flat_valid_n128_001,2,flat_valid,128,,f0d76dfdfbf5467a030817361d4cedd8ddc8e86a9b24ee55e7749eb72a658b53,10,strict_flat,64,63,127,64,63,0,0.0,0,counters_only,False,True,False,1,1,3,2352584,True,True,True,
week10_contamination_full_20260728,flat_valid_n128_001,2,flat_valid,128,,f0d76dfdfbf5467a030817361d4cedd8ddc8e86a9b24ee55e7749eb72a658b53,10,strict_flat,64,63,127,64,63,0,0.0,0,trace_only,True,False,False,1,1,4,2616625,True,True,True,
week10_contamination_full_20260728,flat_valid_n128_001,2,flat_valid,128,,f0d76dfdfbf5467a030817361d4cedd8ddc8e86a9b24ee55e7749eb72a658b53,10,strict_flat,64,63,127,64,63,0,0.0,0,minimal,False,False,False,1,1,5,2382834,True,True,True,
week10_contamination_full_20260728,flat_valid_n128_001,2,flat_valid,128,,f0d76dfdfbf5467a030817361d4cedd8ddc8e86a9b24ee55e7749eb72a658b53,10,strict_flat,64,63,127,64,63,0,0.0,0,checked,True,True,True,2,2,1,2868750,True,True,True,
week10_contamination_full_20260728,flat_valid_n128_001,2,flat_valid,128,,f0d76dfdfbf5467a030817361d4cedd8ddc8e86a9b24ee55e7749eb72a658b53,10,strict_flat,64,63,127,64,63,0,0.0,0,counters_only,False,True,False,2,2,2,2392417,True,True,True,
week10_contamination_full_20260728,flat_valid_n128_001,2,flat_valid,128,,f0d76dfdfbf5467a030817361d4cedd8ddc8e86a9b24ee55e7749eb72a658b53,10,strict_flat,64,63,127,64,63,0,0.0,0,trace_only,True,False,False,2,2,3,2603917,True,True,True,
week10_contamination_full_20260728,flat_valid_n128_001,2,flat_valid,128,,f0d76dfdfbf5467a030817361d4cedd8ddc8e86a9b24ee55e7749eb72a658b53,10,strict_flat,64,63,127,64,63,0,0.0,0,minimal,False,False,False,2,2,4,2299875,True,True,True,
week10_contamination_full_20260728,flat_valid_n128_001,2,flat_valid,128,,f0d76dfdfbf5467a030817361d4cedd8ddc8e86a9b24ee55e7749eb72a658b53,10,strict_flat,64,63,127,64,63,0,0.0,0,instrumented,True,True,False,2,2,5,2643500,True,True,True,
week10_contamination_full_20260728,flat_valid_n128_001,2,flat_valid,128,,f0d76dfdfbf5467a030817361d4cedd8ddc8e86a9b24ee55e7749eb72a658b53,10,strict_flat,64,63,127,64,63,0,0.0,0,counters_only,False,True,False,3,3,1,2321250,True,True,True,
week10_contamination_full_20260728,flat_valid_n128_001,2,flat_valid,128,,f0d76dfdfbf5467a030817361d4cedd8ddc8e86a9b24ee55e7749eb72a658b53,10,strict_flat,64,63,127,64,63,0,0.0,0,trace_only,True,False,False,3,3,2,2663833,True,True,True,
week10_contamination_full_20260728,flat_valid_n128_001,2,flat_valid,128,,f0d76dfdfbf5467a030817361d4cedd8ddc8e86a9b24ee55e7749eb72a658b53,10,strict_flat,64,63,127,64,63,0,0.0,0,minimal,False,False,False,3,3,3,2388708,True,True,True,
week10_contamination_full_20260728,flat_valid_n128_001,2,flat_valid,128,,f0d76dfdfbf5467a030817361d4cedd8ddc8e86a9b24ee55e7749eb72a658b53,10,strict_flat,64,63,127,64,63,0,0.0,0,instrumented,True,True,False,3,3,4,2650125,True,True,True,
week10_contamination_full_20260728,flat_valid_n128_001,2,flat_valid,128,,f0d76dfdfbf5467a030817361d4cedd8ddc8e86a9b24ee55e7749eb72a658b53,10,strict_flat,64,63,127,64,63,0,0.0,0,checked,True,True,True,3,3,5,2662875,True,True,True,
week10_contamination_full_20260728,flat_valid_n128_001,2,flat_valid,128,,f0d76dfdfbf5467a030817361d4cedd8ddc8e86a9b24ee55e7749eb72a658b53,10,strict_flat,64,63,127,64,63,0,0.0,0,trace_only,True,False,False,4,4,1,2618792,True,True,True,
week10_contamination_full_20260728,flat_valid_n128_001,2,flat_valid,128,,f0d76dfdfbf5467a030817361d4cedd8ddc8e86a9b24ee55e7749eb72a658b53,10,strict_flat,64,63,127,64,63,0,0.0,0,minimal,False,False,False,4,4,2,2328667,True,True,True,
week10_contamination_full_20260728,flat_valid_n128_001,2,flat_valid,128,,f0d76dfdfbf5467a030817361d4cedd8ddc8e86a9b24ee55e7749eb72a658b53,10,strict_flat,64,63,127,64,63,0,0.0,0,instrumented,True,True,False,4,4,3,2767167,True,True,True,
week10_contamination_full_20260728,flat_valid_n128_001,2,flat_valid,128,,f0d76dfdfbf5467a030817361d4cedd8ddc8e86a9b24ee55e7749eb72a658b53,10,strict_flat,64,63,127,64,63,0,0.0,0,checked,True,True,True,4,4,4,2827541,True,True,True,
week10_contamination_full_20260728,flat_valid_n128_001,2,flat_valid,128,,f0d76dfdfbf5467a030817361d4cedd8ddc8e86a9b24ee55e7749eb72a658b53,10,strict_flat,64,63,127,64,63,0,0.0,0,counters_only,False,True,False,4,4,5,2341708,True,True,True,
week10_contamination_full_20260728,flat_valid_n128_001,2,flat_valid,128,,f0d76dfdfbf5467a030817361d4cedd8ddc8e86a9b24ee55e7749eb72a658b53,10,strict_flat,64,63,127,64,63,0,0.0,0,minimal,False,False,False,5,5,1,2285625,True,True,True,
week10_contamination_full_20260728,flat_valid_n128_001,2,flat_valid,128,,f0d76dfdfbf5467a030817361d4cedd8ddc8e86a9b24ee55e7749eb72a658b53,10,strict_flat,64,63,127,64,63,0,0.0,0,instrumented,True,True,False,5,5,2,2653625,True,True,True,
week10_contamination_full_20260728,flat_valid_n128_001,2,flat_valid,128,,f0d76dfdfbf5467a030817361d4cedd8ddc8e86a9b24ee55e7749eb72a658b53,10,strict_flat,64,63,127,64,63,0,0.0,0,checked,True,True,True,5,5,3,2675583,True,True,True,
week10_contamination_full_20260728,flat_valid_n128_001,2,flat_valid,128,,f0d76dfdfbf5467a030817361d4cedd8ddc8e86a9b24ee55e7749eb72a658b53,10,strict_flat,64,63,127,64,63,0,0.0,0,counters_only,False,True,False,5,5,4,2375834,True,True,True,
week10_contamination_full_20260728,flat_valid_n128_001,2,flat_valid,128,,f0d76dfdfbf5467a030817361d4cedd8ddc8e86a9b24ee55e7749eb72a658b53,10,strict_flat,64,63,127,64,63,0,0.0,0,trace_only,True,False,False,5,5,5,2755167,True,True,True,
week10_contamination_full_20260728,flat_valid_n128_001,2,flat_valid,128,,f0d76dfdfbf5467a030817361d4cedd8ddc8e86a9b24ee55e7749eb72a658b53,10,strict_flat,64,63,127,64,63,0,0.0,0,instrumented,True,True,False,6,6,1,2710667,True,True,True,
week10_contamination_full_20260728,flat_valid_n128_001,2,flat_valid,128,,f0d76dfdfbf5467a030817361d4cedd8ddc8e86a9b24ee55e7749eb72a658b53,10,strict_flat,64,63,127,64,63,0,0.0,0,checked,True,True,True,6,6,2,2727667,True,True,True,
week10_contamination_full_20260728,flat_valid_n128_001,2,flat_valid,128,,f0d76dfdfbf5467a030817361d4cedd8ddc8e86a9b24ee55e7749eb72a658b53,10,strict_flat,64,63,127,64,63,0,0.0,0,counters_only,False,True,False,6,6,3,2352917,True,True,True,
week10_contamination_full_20260728,flat_valid_n128_001,2,flat_valid,128,,f0d76dfdfbf5467a030817361d4cedd8ddc8e86a9b24ee55e7749eb72a658b53,10,strict_flat,64,63,127,64,63,0,0.0,0,trace_only,True,False,False,6,6,4,2629791,True,True,True,
week10_contamination_full_20260728,flat_valid_n128_001,2,flat_valid,128,,f0d76dfdfbf5467a030817361d4cedd8ddc8e86a9b24ee55e7749eb72a658b53,10,strict_flat,64,63,127,64,63,0,0.0,0,minimal,False,False,False,6,6,5,2328375,True,True,True,
week10_contamination_full_20260728,flat_valid_n128_001,2,flat_valid,128,,f0d76dfdfbf5467a030817361d4cedd8ddc8e86a9b24ee55e7749eb72a658b53,10,strict_flat,64,63,127,64,63,0,0.0,0,checked,True,True,True,7,7,1,2770334,True,True,True,
week10_contamination_full_20260728,flat_valid_n128_001,2,flat_valid,128,,f0d76dfdfbf5467a030817361d4cedd8ddc8e86a9b24ee55e7749eb72a658b53,10,strict_flat,64,63,127,64,63,0,0.0,0,counters_only,False,True,False,7,7,2,2439958,True,True,True,
week10_contamination_full_20260728,flat_valid_n128_001,2,flat_valid,128,,f0d76dfdfbf5467a030817361d4cedd8ddc8e86a9b24ee55e7749eb72a658b53,10,strict_flat,64,63,127,64,63,0,0.0,0,trace_only,True,False,False,7,7,3,2636167,True,True,True,
week10_contamination_full_20260728,flat_valid_n128_001,2,flat_valid,128,,f0d76dfdfbf5467a030817361d4cedd8ddc8e86a9b24ee55e7749eb72a658b53,10,strict_flat,64,63,127,64,63,0,0.0,0,minimal,False,False,False,7,7,4,2377709,True,True,True,
week10_contamination_full_20260728,flat_valid_n128_001,2,flat_valid,128,,f0d76dfdfbf5467a030817361d4cedd8ddc8e86a9b24ee55e7749eb72a658b53,10,strict_flat,64,63,127,64,63,0,0.0,0,instrumented,True,True,False,7,7,5,2701375,True,True,True,
week10_contamination_full_20260728,flat_valid_n128_001,2,flat_valid,128,,f0d76dfdfbf5467a030817361d4cedd8ddc8e86a9b24ee55e7749eb72a658b53,10,strict_flat,64,63,127,64,63,0,0.0,0,counters_only,False,True,False,8,8,1,2356958,True,True,True,
week10_contamination_full_20260728,flat_valid_n128_001,2,flat_valid,128,,f0d76dfdfbf5467a030817361d4cedd8ddc8e86a9b24ee55e7749eb72a658b53,10,strict_flat,64,63,127,64,63,0,0.0,0,trace_only,True,False,False,8,8,2,2646166,True,True,True,
week10_contamination_full_20260728,flat_valid_n128_001,2,flat_valid,128,,f0d76dfdfbf5467a030817361d4cedd8ddc8e86a9b24ee55e7749eb72a658b53,10,strict_flat,64,63,127,64,63,0,0.0,0,minimal,False,False,False,8,8,3,2451750,True,True,True,
week10_contamination_full_20260728,flat_valid_n128_001,2,flat_valid,128,,f0d76dfdfbf5467a030817361d4cedd8ddc8e86a9b24ee55e7749eb72a658b53,10,strict_flat,64,63,127,64,63,0,0.0,0,instrumented,True,True,False,8,8,4,2732667,True,True,True,
week10_contamination_full_20260728,flat_valid_n128_001,2,flat_valid,128,,f0d76dfdfbf5467a030817361d4cedd8ddc8e86a9b24ee55e7749eb72a658b53,10,strict_flat,64,63,127,64,63,0,0.0,0,checked,True,True,True,8,8,5,2697583,True,True,True,
week10_contamination_full_20260728,flat_valid_n128_001,2,flat_valid,128,,f0d76dfdfbf5467a030817361d4cedd8ddc8e86a9b24ee55e7749eb72a658b53,10,strict_flat,64,63,127,64,63,0,0.0,0,trace_only,True,False,False,9,9,1,2653500,True,True,True,
week10_contamination_full_20260728,flat_valid_n128_001,2,flat_valid,128,,f0d76dfdfbf5467a030817361d4cedd8ddc8e86a9b24ee55e7749eb72a658b53,10,strict_flat,64,63,127,64,63,0,0.0,0,minimal,False,False,False,9,9,2,2334084,True,True,True,
week10_contamination_full_20260728,flat_valid_n128_001,2,flat_valid,128,,f0d76dfdfbf5467a030817361d4cedd8ddc8e86a9b24ee55e7749eb72a658b53,10,strict_flat,64,63,127,64,63,0,0.0,0,instrumented,True,True,False,9,9,3,2711542,True,True,True,
week10_contamination_full_20260728,flat_valid_n128_001,2,flat_valid,128,,f0d76dfdfbf5467a030817361d4cedd8ddc8e86a9b24ee55e7749eb72a658b53,10,strict_flat,64,63,127,64,63,0,0.0,0,checked,True,True,True,9,9,4,2733875,True,True,True,
week10_contamination_full_20260728,flat_valid_n128_001,2,flat_valid,128,,f0d76dfdfbf5467a030817361d4cedd8ddc8e86a9b24ee55e7749eb72a658b53,10,strict_flat,64,63,127,64,63,0,0.0,0,counters_only,False,True,False,9,9,5,2443083,True,True,True,
week10_contamination_full_20260728,flat_valid_n128_001,2,flat_valid,128,,f0d76dfdfbf5467a030817361d4cedd8ddc8e86a9b24ee55e7749eb72a658b53,10,strict_flat,64,63,127,64,63,0,0.0,0,minimal,False,False,False,10,10,1,2345375,True,True,True,
week10_contamination_full_20260728,flat_valid_n128_001,2,flat_valid,128,,f0d76dfdfbf5467a030817361d4cedd8ddc8e86a9b24ee55e7749eb72a658b53,10,strict_flat,64,63,127,64,63,0,0.0,0,instrumented,True,True,False,10,10,2,2709167,True,True,True,
week10_contamination_full_20260728,flat_valid_n128_001,2,flat_valid,128,,f0d76dfdfbf5467a030817361d4cedd8ddc8e86a9b24ee55e7749eb72a658b53,10,strict_flat,64,63,127,64,63,0,0.0,0,checked,True,True,True,10,10,3,2695542,True,True,True,
week10_contamination_full_20260728,flat_valid_n128_001,2,flat_valid,128,,f0d76dfdfbf5467a030817361d4cedd8ddc8e86a9b24ee55e7749eb72a658b53,10,strict_flat,64,63,127,64,63,0,0.0,0,counters_only,False,True,False,10,10,4,2350958,True,True,True,
week10_contamination_full_20260728,flat_valid_n128_001,2,flat_valid,128,,f0d76dfdfbf5467a030817361d4cedd8ddc8e86a9b24ee55e7749eb72a658b53,10,strict_flat,64,63,127,64,63,0,0.0,0,trace_only,True,False,False,10,10,5,2669292,True,True,True,
week10_contamination_full_20260728,flat_valid_n128_001,2,flat_valid,128,,f0d76dfdfbf5467a030817361d4cedd8ddc8e86a9b24ee55e7749eb72a658b53,10,strict_flat,64,63,127,64,63,0,0.0,0,instrumented,True,True,False,11,11,1,2807291,True,True,True,
week10_contamination_full_20260728,flat_valid_n128_001,2,flat_valid,128,,f0d76dfdfbf5467a030817361d4cedd8ddc8e86a9b24ee55e7749eb72a658b53,10,strict_flat,64,63,127,64,63,0,0.0,0,checked,True,True,True,11,11,2,2709083,True,True,True,
week10_contamination_full_20260728,flat_valid_n128_001,2,flat_valid,128,,f0d76dfdfbf5467a030817361d4cedd8ddc8e86a9b24ee55e7749eb72a658b53,10,strict_flat,64,63,127,64,63,0,0.0,0,counters_only,False,True,False,11,11,3,2339250,True,True,True,
week10_contamination_full_20260728,flat_valid_n128_001,2,flat_valid,128,,f0d76dfdfbf5467a030817361d4cedd8ddc8e86a9b24ee55e7749eb72a658b53,10,strict_flat,64,63,127,64,63,0,0.0,0,trace_only,True,False,False,11,11,4,2586084,True,True,True,
week10_contamination_full_20260728,flat_valid_n128_001,2,flat_valid,128,,f0d76dfdfbf5467a030817361d4cedd8ddc8e86a9b24ee55e7749eb72a658b53,10,strict_flat,64,63,127,64,63,0,0.0,0,minimal,False,False,False,11,11,5,2292333,True,True,True,
week10_contamination_full_20260728,flat_valid_n128_001,2,flat_valid,128,,f0d76dfdfbf5467a030817361d4cedd8ddc8e86a9b24ee55e7749eb72a658b53,10,strict_flat,64,63,127,64,63,0,0.0,0,checked,True,True,True,12,12,1,2659334,True,True,True,
week10_contamination_full_20260728,flat_valid_n128_001,2,flat_valid,128,,f0d76dfdfbf5467a030817361d4cedd8ddc8e86a9b24ee55e7749eb72a658b53,10,strict_flat,64,63,127,64,63,0,0.0,0,counters_only,False,True,False,12,12,2,2349500,True,True,True,
week10_contamination_full_20260728,flat_valid_n128_001,2,flat_valid,128,,f0d76dfdfbf5467a030817361d4cedd8ddc8e86a9b24ee55e7749eb72a658b53,10,strict_flat,64,63,127,64,63,0,0.0,0,trace_only,True,False,False,12,12,3,2711542,True,True,True,
week10_contamination_full_20260728,flat_valid_n128_001,2,flat_valid,128,,f0d76dfdfbf5467a030817361d4cedd8ddc8e86a9b24ee55e7749eb72a658b53,10,strict_flat,64,63,127,64,63,0,0.0,0,minimal,False,False,False,12,12,4,2353334,True,True,True,
week10_contamination_full_20260728,flat_valid_n128_001,2,flat_valid,128,,f0d76dfdfbf5467a030817361d4cedd8ddc8e86a9b24ee55e7749eb72a658b53,10,strict_flat,64,63,127,64,63,0,0.0,0,instrumented,True,True,False,12,12,5,2727000,True,True,True,
week10_contamination_full_20260728,flat_valid_n128_001,2,flat_valid,128,,f0d76dfdfbf5467a030817361d4cedd8ddc8e86a9b24ee55e7749eb72a658b53,10,strict_flat,64,63,127,64,63,0,0.0,0,counters_only,False,True,False,13,13,1,2349208,True,True,True,
week10_contamination_full_20260728,flat_valid_n128_001,2,flat_valid,128,,f0d76dfdfbf5467a030817361d4cedd8ddc8e86a9b24ee55e7749eb72a658b53,10,strict_flat,64,63,127,64,63,0,0.0,0,trace_only,True,False,False,13,13,2,2626708,True,True,True,
week10_contamination_full_20260728,flat_valid_n128_001,2,flat_valid,128,,f0d76dfdfbf5467a030817361d4cedd8ddc8e86a9b24ee55e7749eb72a658b53,10,strict_flat,64,63,127,64,63,0,0.0,0,minimal,False,False,False,13,13,3,2360958,True,True,True,
week10_contamination_full_20260728,flat_valid_n128_001,2,flat_valid,128,,f0d76dfdfbf5467a030817361d4cedd8ddc8e86a9b24ee55e7749eb72a658b53,10,strict_flat,64,63,127,64,63,0,0.0,0,instrumented,True,True,False,13,13,4,2811834,True,True,True,
week10_contamination_full_20260728,flat_valid_n128_001,2,flat_valid,128,,f0d76dfdfbf5467a030817361d4cedd8ddc8e86a9b24ee55e7749eb72a658b53,10,strict_flat,64,63,127,64,63,0,0.0,0,checked,True,True,True,13,13,5,2723334,True,True,True,
week10_contamination_full_20260728,flat_valid_n128_001,2,flat_valid,128,,f0d76dfdfbf5467a030817361d4cedd8ddc8e86a9b24ee55e7749eb72a658b53,10,strict_flat,64,63,127,64,63,0,0.0,0,trace_only,True,False,False,14,14,1,2606459,True,True,True,
week10_contamination_full_20260728,flat_valid_n128_001,2,flat_valid,128,,f0d76dfdfbf5467a030817361d4cedd8ddc8e86a9b24ee55e7749eb72a658b53,10,strict_flat,64,63,127,64,63,0,0.0,0,minimal,False,False,False,14,14,2,2296291,True,True,True,
week10_contamination_full_20260728,flat_valid_n128_001,2,flat_valid,128,,f0d76dfdfbf5467a030817361d4cedd8ddc8e86a9b24ee55e7749eb72a658b53,10,strict_flat,64,63,127,64,63,0,0.0,0,instrumented,True,True,False,14,14,3,2642041,True,True,True,
week10_contamination_full_20260728,flat_valid_n128_001,2,flat_valid,128,,f0d76dfdfbf5467a030817361d4cedd8ddc8e86a9b24ee55e7749eb72a658b53,10,strict_flat,64,63,127,64,63,0,0.0,0,checked,True,True,True,14,14,4,2675792,True,True,True,
week10_contamination_full_20260728,flat_valid_n128_001,2,flat_valid,128,,f0d76dfdfbf5467a030817361d4cedd8ddc8e86a9b24ee55e7749eb72a658b53,10,strict_flat,64,63,127,64,63,0,0.0,0,counters_only,False,True,False,14,14,5,2460041,True,True,True,
week10_contamination_full_20260728,flat_valid_n128_001,2,flat_valid,128,,f0d76dfdfbf5467a030817361d4cedd8ddc8e86a9b24ee55e7749eb72a658b53,10,strict_flat,64,63,127,64,63,0,0.0,0,minimal,False,False,False,15,15,1,2339125,True,True,True,
week10_contamination_full_20260728,flat_valid_n128_001,2,flat_valid,128,,f0d76dfdfbf5467a030817361d4cedd8ddc8e86a9b24ee55e7749eb72a658b53,10,strict_flat,64,63,127,64,63,0,0.0,0,instrumented,True,True,False,15,15,2,2679417,True,True,True,
week10_contamination_full_20260728,flat_valid_n128_001,2,flat_valid,128,,f0d76dfdfbf5467a030817361d4cedd8ddc8e86a9b24ee55e7749eb72a658b53,10,strict_flat,64,63,127,64,63,0,0.0,0,checked,True,True,True,15,15,3,2712375,True,True,True,
week10_contamination_full_20260728,flat_valid_n128_001,2,flat_valid,128,,f0d76dfdfbf5467a030817361d4cedd8ddc8e86a9b24ee55e7749eb72a658b53,10,strict_flat,64,63,127,64,63,0,0.0,0,counters_only,False,True,False,15,15,4,2353708,True,True,True,
week10_contamination_full_20260728,flat_valid_n128_001,2,flat_valid,128,,f0d76dfdfbf5467a030817361d4cedd8ddc8e86a9b24ee55e7749eb72a658b53,10,strict_flat,64,63,127,64,63,0,0.0,0,trace_only,True,False,False,15,15,5,2623542,True,True,True,
week10_contamination_full_20260728,incremental_valid_n32_002,9,incremental_valid,32,20292725,e8cdeb05953ff39785d5a3d981ea3913af8adb5f3567412656e010babd38d300,11,nested_heavy_valid,16,15,31,2,2,27,0.8709677419354839,7,trace_only,True,False,False,1,1,1,800167,True,True,True,
week10_contamination_full_20260728,incremental_valid_n32_002,9,incremental_valid,32,20292725,e8cdeb05953ff39785d5a3d981ea3913af8adb5f3567412656e010babd38d300,11,nested_heavy_valid,16,15,31,2,2,27,0.8709677419354839,7,minimal,False,False,False,1,1,2,721125,True,True,True,
week10_contamination_full_20260728,incremental_valid_n32_002,9,incremental_valid,32,20292725,e8cdeb05953ff39785d5a3d981ea3913af8adb5f3567412656e010babd38d300,11,nested_heavy_valid,16,15,31,2,2,27,0.8709677419354839,7,instrumented,True,True,False,1,1,3,821667,True,True,True,
week10_contamination_full_20260728,incremental_valid_n32_002,9,incremental_valid,32,20292725,e8cdeb05953ff39785d5a3d981ea3913af8adb5f3567412656e010babd38d300,11,nested_heavy_valid,16,15,31,2,2,27,0.8709677419354839,7,checked,True,True,True,1,1,4,1112459,True,True,True,
week10_contamination_full_20260728,incremental_valid_n32_002,9,incremental_valid,32,20292725,e8cdeb05953ff39785d5a3d981ea3913af8adb5f3567412656e010babd38d300,11,nested_heavy_valid,16,15,31,2,2,27,0.8709677419354839,7,counters_only,False,True,False,1,1,5,731500,True,True,True,
week10_contamination_full_20260728,incremental_valid_n32_002,9,incremental_valid,32,20292725,e8cdeb05953ff39785d5a3d981ea3913af8adb5f3567412656e010babd38d300,11,nested_heavy_valid,16,15,31,2,2,27,0.8709677419354839,7,minimal,False,False,False,2,2,1,734208,True,True,True,
week10_contamination_full_20260728,incremental_valid_n32_002,9,incremental_valid,32,20292725,e8cdeb05953ff39785d5a3d981ea3913af8adb5f3567412656e010babd38d300,11,nested_heavy_valid,16,15,31,2,2,27,0.8709677419354839,7,instrumented,True,True,False,2,2,2,831208,True,True,True,
week10_contamination_full_20260728,incremental_valid_n32_002,9,incremental_valid,32,20292725,e8cdeb05953ff39785d5a3d981ea3913af8adb5f3567412656e010babd38d300,11,nested_heavy_valid,16,15,31,2,2,27,0.8709677419354839,7,checked,True,True,True,2,2,3,1115084,True,True,True,
week10_contamination_full_20260728,incremental_valid_n32_002,9,incremental_valid,32,20292725,e8cdeb05953ff39785d5a3d981ea3913af8adb5f3567412656e010babd38d300,11,nested_heavy_valid,16,15,31,2,2,27,0.8709677419354839,7,counters_only,False,True,False,2,2,4,841792,True,True,True,
week10_contamination_full_20260728,incremental_valid_n32_002,9,incremental_valid,32,20292725,e8cdeb05953ff39785d5a3d981ea3913af8adb5f3567412656e010babd38d300,11,nested_heavy_valid,16,15,31,2,2,27,0.8709677419354839,7,trace_only,True,False,False,2,2,5,826959,True,True,True,
week10_contamination_full_20260728,incremental_valid_n32_002,9,incremental_valid,32,20292725,e8cdeb05953ff39785d5a3d981ea3913af8adb5f3567412656e010babd38d300,11,nested_heavy_valid,16,15,31,2,2,27,0.8709677419354839,7,instrumented,True,True,False,3,3,1,829167,True,True,True,
week10_contamination_full_20260728,incremental_valid_n32_002,9,incremental_valid,32,20292725,e8cdeb05953ff39785d5a3d981ea3913af8adb5f3567412656e010babd38d300,11,nested_heavy_valid,16,15,31,2,2,27,0.8709677419354839,7,checked,True,True,True,3,3,2,1128500,True,True,True,
week10_contamination_full_20260728,incremental_valid_n32_002,9,incremental_valid,32,20292725,e8cdeb05953ff39785d5a3d981ea3913af8adb5f3567412656e010babd38d300,11,nested_heavy_valid,16,15,31,2,2,27,0.8709677419354839,7,counters_only,False,True,False,3,3,3,732167,True,True,True,
week10_contamination_full_20260728,incremental_valid_n32_002,9,incremental_valid,32,20292725,e8cdeb05953ff39785d5a3d981ea3913af8adb5f3567412656e010babd38d300,11,nested_heavy_valid,16,15,31,2,2,27,0.8709677419354839,7,trace_only,True,False,False,3,3,4,806750,True,True,True,
week10_contamination_full_20260728,incremental_valid_n32_002,9,incremental_valid,32,20292725,e8cdeb05953ff39785d5a3d981ea3913af8adb5f3567412656e010babd38d300,11,nested_heavy_valid,16,15,31,2,2,27,0.8709677419354839,7,minimal,False,False,False,3,3,5,720959,True,True,True,
week10_contamination_full_20260728,incremental_valid_n32_002,9,incremental_valid,32,20292725,e8cdeb05953ff39785d5a3d981ea3913af8adb5f3567412656e010babd38d300,11,nested_heavy_valid,16,15,31,2,2,27,0.8709677419354839,7,checked,True,True,True,4,4,1,1111125,True,True,True,
week10_contamination_full_20260728,incremental_valid_n32_002,9,incremental_valid,32,20292725,e8cdeb05953ff39785d5a3d981ea3913af8adb5f3567412656e010babd38d300,11,nested_heavy_valid,16,15,31,2,2,27,0.8709677419354839,7,counters_only,False,True,False,4,4,2,722084,True,True,True,
week10_contamination_full_20260728,incremental_valid_n32_002,9,incremental_valid,32,20292725,e8cdeb05953ff39785d5a3d981ea3913af8adb5f3567412656e010babd38d300,11,nested_heavy_valid,16,15,31,2,2,27,0.8709677419354839,7,trace_only,True,False,False,4,4,3,790291,True,True,True,
week10_contamination_full_20260728,incremental_valid_n32_002,9,incremental_valid,32,20292725,e8cdeb05953ff39785d5a3d981ea3913af8adb5f3567412656e010babd38d300,11,nested_heavy_valid,16,15,31,2,2,27,0.8709677419354839,7,minimal,False,False,False,4,4,4,708625,True,True,True,
week10_contamination_full_20260728,incremental_valid_n32_002,9,incremental_valid,32,20292725,e8cdeb05953ff39785d5a3d981ea3913af8adb5f3567412656e010babd38d300,11,nested_heavy_valid,16,15,31,2,2,27,0.8709677419354839,7,instrumented,True,True,False,4,4,5,806833,True,True,True,
week10_contamination_full_20260728,incremental_valid_n32_002,9,incremental_valid,32,20292725,e8cdeb05953ff39785d5a3d981ea3913af8adb5f3567412656e010babd38d300,11,nested_heavy_valid,16,15,31,2,2,27,0.8709677419354839,7,counters_only,False,True,False,5,5,1,721209,True,True,True,
week10_contamination_full_20260728,incremental_valid_n32_002,9,incremental_valid,32,20292725,e8cdeb05953ff39785d5a3d981ea3913af8adb5f3567412656e010babd38d300,11,nested_heavy_valid,16,15,31,2,2,27,0.8709677419354839,7,trace_only,True,False,False,5,5,2,790667,True,True,True,
week10_contamination_full_20260728,incremental_valid_n32_002,9,incremental_valid,32,20292725,e8cdeb05953ff39785d5a3d981ea3913af8adb5f3567412656e010babd38d300,11,nested_heavy_valid,16,15,31,2,2,27,0.8709677419354839,7,minimal,False,False,False,5,5,3,702834,True,True,True,
week10_contamination_full_20260728,incremental_valid_n32_002,9,incremental_valid,32,20292725,e8cdeb05953ff39785d5a3d981ea3913af8adb5f3567412656e010babd38d300,11,nested_heavy_valid,16,15,31,2,2,27,0.8709677419354839,7,instrumented,True,True,False,5,5,4,798500,True,True,True,
week10_contamination_full_20260728,incremental_valid_n32_002,9,incremental_valid,32,20292725,e8cdeb05953ff39785d5a3d981ea3913af8adb5f3567412656e010babd38d300,11,nested_heavy_valid,16,15,31,2,2,27,0.8709677419354839,7,checked,True,True,True,5,5,5,1100041,True,True,True,
week10_contamination_full_20260728,incremental_valid_n32_002,9,incremental_valid,32,20292725,e8cdeb05953ff39785d5a3d981ea3913af8adb5f3567412656e010babd38d300,11,nested_heavy_valid,16,15,31,2,2,27,0.8709677419354839,7,trace_only,True,False,False,6,6,1,801250,True,True,True,
week10_contamination_full_20260728,incremental_valid_n32_002,9,incremental_valid,32,20292725,e8cdeb05953ff39785d5a3d981ea3913af8adb5f3567412656e010babd38d300,11,nested_heavy_valid,16,15,31,2,2,27,0.8709677419354839,7,minimal,False,False,False,6,6,2,729792,True,True,True,
week10_contamination_full_20260728,incremental_valid_n32_002,9,incremental_valid,32,20292725,e8cdeb05953ff39785d5a3d981ea3913af8adb5f3567412656e010babd38d300,11,nested_heavy_valid,16,15,31,2,2,27,0.8709677419354839,7,instrumented,True,True,False,6,6,3,817625,True,True,True,
week10_contamination_full_20260728,incremental_valid_n32_002,9,incremental_valid,32,20292725,e8cdeb05953ff39785d5a3d981ea3913af8adb5f3567412656e010babd38d300,11,nested_heavy_valid,16,15,31,2,2,27,0.8709677419354839,7,checked,True,True,True,6,6,4,1199625,True,True,True,
week10_contamination_full_20260728,incremental_valid_n32_002,9,incremental_valid,32,20292725,e8cdeb05953ff39785d5a3d981ea3913af8adb5f3567412656e010babd38d300,11,nested_heavy_valid,16,15,31,2,2,27,0.8709677419354839,7,counters_only,False,True,False,6,6,5,736625,True,True,True,
week10_contamination_full_20260728,incremental_valid_n32_002,9,incremental_valid,32,20292725,e8cdeb05953ff39785d5a3d981ea3913af8adb5f3567412656e010babd38d300,11,nested_heavy_valid,16,15,31,2,2,27,0.8709677419354839,7,minimal,False,False,False,7,7,1,721542,True,True,True,
week10_contamination_full_20260728,incremental_valid_n32_002,9,incremental_valid,32,20292725,e8cdeb05953ff39785d5a3d981ea3913af8adb5f3567412656e010babd38d300,11,nested_heavy_valid,16,15,31,2,2,27,0.8709677419354839,7,instrumented,True,True,False,7,7,2,813250,True,True,True,
week10_contamination_full_20260728,incremental_valid_n32_002,9,incremental_valid,32,20292725,e8cdeb05953ff39785d5a3d981ea3913af8adb5f3567412656e010babd38d300,11,nested_heavy_valid,16,15,31,2,2,27,0.8709677419354839,7,checked,True,True,True,7,7,3,1116958,True,True,True,
week10_contamination_full_20260728,incremental_valid_n32_002,9,incremental_valid,32,20292725,e8cdeb05953ff39785d5a3d981ea3913af8adb5f3567412656e010babd38d300,11,nested_heavy_valid,16,15,31,2,2,27,0.8709677419354839,7,counters_only,False,True,False,7,7,4,727875,True,True,True,
week10_contamination_full_20260728,incremental_valid_n32_002,9,incremental_valid,32,20292725,e8cdeb05953ff39785d5a3d981ea3913af8adb5f3567412656e010babd38d300,11,nested_heavy_valid,16,15,31,2,2,27,0.8709677419354839,7,trace_only,True,False,False,7,7,5,801667,True,True,True,
week10_contamination_full_20260728,incremental_valid_n32_002,9,incremental_valid,32,20292725,e8cdeb05953ff39785d5a3d981ea3913af8adb5f3567412656e010babd38d300,11,nested_heavy_valid,16,15,31,2,2,27,0.8709677419354839,7,instrumented,True,True,False,8,8,1,821125,True,True,True,
week10_contamination_full_20260728,incremental_valid_n32_002,9,incremental_valid,32,20292725,e8cdeb05953ff39785d5a3d981ea3913af8adb5f3567412656e010babd38d300,11,nested_heavy_valid,16,15,31,2,2,27,0.8709677419354839,7,checked,True,True,True,8,8,2,1120166,True,True,True,
week10_contamination_full_20260728,incremental_valid_n32_002,9,incremental_valid,32,20292725,e8cdeb05953ff39785d5a3d981ea3913af8adb5f3567412656e010babd38d300,11,nested_heavy_valid,16,15,31,2,2,27,0.8709677419354839,7,counters_only,False,True,False,8,8,3,728666,True,True,True,
week10_contamination_full_20260728,incremental_valid_n32_002,9,incremental_valid,32,20292725,e8cdeb05953ff39785d5a3d981ea3913af8adb5f3567412656e010babd38d300,11,nested_heavy_valid,16,15,31,2,2,27,0.8709677419354839,7,trace_only,True,False,False,8,8,4,801625,True,True,True,
week10_contamination_full_20260728,incremental_valid_n32_002,9,incremental_valid,32,20292725,e8cdeb05953ff39785d5a3d981ea3913af8adb5f3567412656e010babd38d300,11,nested_heavy_valid,16,15,31,2,2,27,0.8709677419354839,7,minimal,False,False,False,8,8,5,721708,True,True,True,
week10_contamination_full_20260728,incremental_valid_n32_002,9,incremental_valid,32,20292725,e8cdeb05953ff39785d5a3d981ea3913af8adb5f3567412656e010babd38d300,11,nested_heavy_valid,16,15,31,2,2,27,0.8709677419354839,7,checked,True,True,True,9,9,1,1116250,True,True,True,
week10_contamination_full_20260728,incremental_valid_n32_002,9,incremental_valid,32,20292725,e8cdeb05953ff39785d5a3d981ea3913af8adb5f3567412656e010babd38d300,11,nested_heavy_valid,16,15,31,2,2,27,0.8709677419354839,7,counters_only,False,True,False,9,9,2,727333,True,True,True,
week10_contamination_full_20260728,incremental_valid_n32_002,9,incremental_valid,32,20292725,e8cdeb05953ff39785d5a3d981ea3913af8adb5f3567412656e010babd38d300,11,nested_heavy_valid,16,15,31,2,2,27,0.8709677419354839,7,trace_only,True,False,False,9,9,3,796958,True,True,True,
week10_contamination_full_20260728,incremental_valid_n32_002,9,incremental_valid,32,20292725,e8cdeb05953ff39785d5a3d981ea3913af8adb5f3567412656e010babd38d300,11,nested_heavy_valid,16,15,31,2,2,27,0.8709677419354839,7,minimal,False,False,False,9,9,4,715625,True,True,True,
week10_contamination_full_20260728,incremental_valid_n32_002,9,incremental_valid,32,20292725,e8cdeb05953ff39785d5a3d981ea3913af8adb5f3567412656e010babd38d300,11,nested_heavy_valid,16,15,31,2,2,27,0.8709677419354839,7,instrumented,True,True,False,9,9,5,832791,True,True,True,
week10_contamination_full_20260728,incremental_valid_n32_002,9,incremental_valid,32,20292725,e8cdeb05953ff39785d5a3d981ea3913af8adb5f3567412656e010babd38d300,11,nested_heavy_valid,16,15,31,2,2,27,0.8709677419354839,7,counters_only,False,True,False,10,10,1,746750,True,True,True,
week10_contamination_full_20260728,incremental_valid_n32_002,9,incremental_valid,32,20292725,e8cdeb05953ff39785d5a3d981ea3913af8adb5f3567412656e010babd38d300,11,nested_heavy_valid,16,15,31,2,2,27,0.8709677419354839,7,trace_only,True,False,False,10,10,2,817167,True,True,True,
week10_contamination_full_20260728,incremental_valid_n32_002,9,incremental_valid,32,20292725,e8cdeb05953ff39785d5a3d981ea3913af8adb5f3567412656e010babd38d300,11,nested_heavy_valid,16,15,31,2,2,27,0.8709677419354839,7,minimal,False,False,False,10,10,3,737209,True,True,True,
week10_contamination_full_20260728,incremental_valid_n32_002,9,incremental_valid,32,20292725,e8cdeb05953ff39785d5a3d981ea3913af8adb5f3567412656e010babd38d300,11,nested_heavy_valid,16,15,31,2,2,27,0.8709677419354839,7,instrumented,True,True,False,10,10,4,921750,True,True,True,
week10_contamination_full_20260728,incremental_valid_n32_002,9,incremental_valid,32,20292725,e8cdeb05953ff39785d5a3d981ea3913af8adb5f3567412656e010babd38d300,11,nested_heavy_valid,16,15,31,2,2,27,0.8709677419354839,7,checked,True,True,True,10,10,5,1128791,True,True,True,
week10_contamination_full_20260728,incremental_valid_n32_002,9,incremental_valid,32,20292725,e8cdeb05953ff39785d5a3d981ea3913af8adb5f3567412656e010babd38d300,11,nested_heavy_valid,16,15,31,2,2,27,0.8709677419354839,7,trace_only,True,False,False,11,11,1,804250,True,True,True,
week10_contamination_full_20260728,incremental_valid_n32_002,9,incremental_valid,32,20292725,e8cdeb05953ff39785d5a3d981ea3913af8adb5f3567412656e010babd38d300,11,nested_heavy_valid,16,15,31,2,2,27,0.8709677419354839,7,minimal,False,False,False,11,11,2,728875,True,True,True,
week10_contamination_full_20260728,incremental_valid_n32_002,9,incremental_valid,32,20292725,e8cdeb05953ff39785d5a3d981ea3913af8adb5f3567412656e010babd38d300,11,nested_heavy_valid,16,15,31,2,2,27,0.8709677419354839,7,instrumented,True,True,False,11,11,3,817250,True,True,True,
week10_contamination_full_20260728,incremental_valid_n32_002,9,incremental_valid,32,20292725,e8cdeb05953ff39785d5a3d981ea3913af8adb5f3567412656e010babd38d300,11,nested_heavy_valid,16,15,31,2,2,27,0.8709677419354839,7,checked,True,True,True,11,11,4,1139917,True,True,True,
week10_contamination_full_20260728,incremental_valid_n32_002,9,incremental_valid,32,20292725,e8cdeb05953ff39785d5a3d981ea3913af8adb5f3567412656e010babd38d300,11,nested_heavy_valid,16,15,31,2,2,27,0.8709677419354839,7,counters_only,False,True,False,11,11,5,743916,True,True,True,
week10_contamination_full_20260728,incremental_valid_n32_002,9,incremental_valid,32,20292725,e8cdeb05953ff39785d5a3d981ea3913af8adb5f3567412656e010babd38d300,11,nested_heavy_valid,16,15,31,2,2,27,0.8709677419354839,7,minimal,False,False,False,12,12,1,724750,True,True,True,
week10_contamination_full_20260728,incremental_valid_n32_002,9,incremental_valid,32,20292725,e8cdeb05953ff39785d5a3d981ea3913af8adb5f3567412656e010babd38d300,11,nested_heavy_valid,16,15,31,2,2,27,0.8709677419354839,7,instrumented,True,True,False,12,12,2,835917,True,True,True,
week10_contamination_full_20260728,incremental_valid_n32_002,9,incremental_valid,32,20292725,e8cdeb05953ff39785d5a3d981ea3913af8adb5f3567412656e010babd38d300,11,nested_heavy_valid,16,15,31,2,2,27,0.8709677419354839,7,checked,True,True,True,12,12,3,1112292,True,True,True,
week10_contamination_full_20260728,incremental_valid_n32_002,9,incremental_valid,32,20292725,e8cdeb05953ff39785d5a3d981ea3913af8adb5f3567412656e010babd38d300,11,nested_heavy_valid,16,15,31,2,2,27,0.8709677419354839,7,counters_only,False,True,False,12,12,4,726375,True,True,True,
week10_contamination_full_20260728,incremental_valid_n32_002,9,incremental_valid,32,20292725,e8cdeb05953ff39785d5a3d981ea3913af8adb5f3567412656e010babd38d300,11,nested_heavy_valid,16,15,31,2,2,27,0.8709677419354839,7,trace_only,True,False,False,12,12,5,801959,True,True,True,
week10_contamination_full_20260728,incremental_valid_n32_002,9,incremental_valid,32,20292725,e8cdeb05953ff39785d5a3d981ea3913af8adb5f3567412656e010babd38d300,11,nested_heavy_valid,16,15,31,2,2,27,0.8709677419354839,7,instrumented,True,True,False,13,13,1,817583,True,True,True,
week10_contamination_full_20260728,incremental_valid_n32_002,9,incremental_valid,32,20292725,e8cdeb05953ff39785d5a3d981ea3913af8adb5f3567412656e010babd38d300,11,nested_heavy_valid,16,15,31,2,2,27,0.8709677419354839,7,checked,True,True,True,13,13,2,1109666,True,True,True,
week10_contamination_full_20260728,incremental_valid_n32_002,9,incremental_valid,32,20292725,e8cdeb05953ff39785d5a3d981ea3913af8adb5f3567412656e010babd38d300,11,nested_heavy_valid,16,15,31,2,2,27,0.8709677419354839,7,counters_only,False,True,False,13,13,3,735625,True,True,True,
week10_contamination_full_20260728,incremental_valid_n32_002,9,incremental_valid,32,20292725,e8cdeb05953ff39785d5a3d981ea3913af8adb5f3567412656e010babd38d300,11,nested_heavy_valid,16,15,31,2,2,27,0.8709677419354839,7,trace_only,True,False,False,13,13,4,830000,True,True,True,
week10_contamination_full_20260728,incremental_valid_n32_002,9,incremental_valid,32,20292725,e8cdeb05953ff39785d5a3d981ea3913af8adb5f3567412656e010babd38d300,11,nested_heavy_valid,16,15,31,2,2,27,0.8709677419354839,7,minimal,False,False,False,13,13,5,721417,True,True,True,
week10_contamination_full_20260728,incremental_valid_n32_002,9,incremental_valid,32,20292725,e8cdeb05953ff39785d5a3d981ea3913af8adb5f3567412656e010babd38d300,11,nested_heavy_valid,16,15,31,2,2,27,0.8709677419354839,7,checked,True,True,True,14,14,1,1126375,True,True,True,
week10_contamination_full_20260728,incremental_valid_n32_002,9,incremental_valid,32,20292725,e8cdeb05953ff39785d5a3d981ea3913af8adb5f3567412656e010babd38d300,11,nested_heavy_valid,16,15,31,2,2,27,0.8709677419354839,7,counters_only,False,True,False,14,14,2,808166,True,True,True,
week10_contamination_full_20260728,incremental_valid_n32_002,9,incremental_valid,32,20292725,e8cdeb05953ff39785d5a3d981ea3913af8adb5f3567412656e010babd38d300,11,nested_heavy_valid,16,15,31,2,2,27,0.8709677419354839,7,trace_only,True,False,False,14,14,3,832000,True,True,True,
week10_contamination_full_20260728,incremental_valid_n32_002,9,incremental_valid,32,20292725,e8cdeb05953ff39785d5a3d981ea3913af8adb5f3567412656e010babd38d300,11,nested_heavy_valid,16,15,31,2,2,27,0.8709677419354839,7,minimal,False,False,False,14,14,4,721167,True,True,True,
week10_contamination_full_20260728,incremental_valid_n32_002,9,incremental_valid,32,20292725,e8cdeb05953ff39785d5a3d981ea3913af8adb5f3567412656e010babd38d300,11,nested_heavy_valid,16,15,31,2,2,27,0.8709677419354839,7,instrumented,True,True,False,14,14,5,811459,True,True,True,
week10_contamination_full_20260728,incremental_valid_n32_002,9,incremental_valid,32,20292725,e8cdeb05953ff39785d5a3d981ea3913af8adb5f3567412656e010babd38d300,11,nested_heavy_valid,16,15,31,2,2,27,0.8709677419354839,7,counters_only,False,True,False,15,15,1,734583,True,True,True,
week10_contamination_full_20260728,incremental_valid_n32_002,9,incremental_valid,32,20292725,e8cdeb05953ff39785d5a3d981ea3913af8adb5f3567412656e010babd38d300,11,nested_heavy_valid,16,15,31,2,2,27,0.8709677419354839,7,trace_only,True,False,False,15,15,2,808250,True,True,True,
week10_contamination_full_20260728,incremental_valid_n32_002,9,incremental_valid,32,20292725,e8cdeb05953ff39785d5a3d981ea3913af8adb5f3567412656e010babd38d300,11,nested_heavy_valid,16,15,31,2,2,27,0.8709677419354839,7,minimal,False,False,False,15,15,3,725959,True,True,True,
week10_contamination_full_20260728,incremental_valid_n32_002,9,incremental_valid,32,20292725,e8cdeb05953ff39785d5a3d981ea3913af8adb5f3567412656e010babd38d300,11,nested_heavy_valid,16,15,31,2,2,27,0.8709677419354839,7,instrumented,True,True,False,15,15,4,817209,True,True,True,
week10_contamination_full_20260728,incremental_valid_n32_002,9,incremental_valid,32,20292725,e8cdeb05953ff39785d5a3d981ea3913af8adb5f3567412656e010babd38d300,11,nested_heavy_valid,16,15,31,2,2,27,0.8709677419354839,7,checked,True,True,True,15,15,5,1164167,True,True,True,
week10_contamination_full_20260728,flat_valid_n256_001,3,flat_valid,256,,cd095f49e534e18d8cd5be896b1d644ec58567b1e334366b4baa24a10cade754,12,strict_flat,128,127,255,128,127,0,0.0,0,instrumented,True,True,False,1,1,1,5696250,True,True,True,
week10_contamination_full_20260728,flat_valid_n256_001,3,flat_valid,256,,cd095f49e534e18d8cd5be896b1d644ec58567b1e334366b4baa24a10cade754,12,strict_flat,128,127,255,128,127,0,0.0,0,counters_only,False,True,False,1,1,2,4995125,True,True,True,
week10_contamination_full_20260728,flat_valid_n256_001,3,flat_valid,256,,cd095f49e534e18d8cd5be896b1d644ec58567b1e334366b4baa24a10cade754,12,strict_flat,128,127,255,128,127,0,0.0,0,minimal,False,False,False,1,1,3,5047375,True,True,True,
week10_contamination_full_20260728,flat_valid_n256_001,3,flat_valid,256,,cd095f49e534e18d8cd5be896b1d644ec58567b1e334366b4baa24a10cade754,12,strict_flat,128,127,255,128,127,0,0.0,0,trace_only,True,False,False,1,1,4,5473916,True,True,True,
week10_contamination_full_20260728,flat_valid_n256_001,3,flat_valid,256,,cd095f49e534e18d8cd5be896b1d644ec58567b1e334366b4baa24a10cade754,12,strict_flat,128,127,255,128,127,0,0.0,0,checked,True,True,True,1,1,5,5687292,True,True,True,
week10_contamination_full_20260728,flat_valid_n256_001,3,flat_valid,256,,cd095f49e534e18d8cd5be896b1d644ec58567b1e334366b4baa24a10cade754,12,strict_flat,128,127,255,128,127,0,0.0,0,counters_only,False,True,False,2,2,1,5084500,True,True,True,
week10_contamination_full_20260728,flat_valid_n256_001,3,flat_valid,256,,cd095f49e534e18d8cd5be896b1d644ec58567b1e334366b4baa24a10cade754,12,strict_flat,128,127,255,128,127,0,0.0,0,minimal,False,False,False,2,2,2,4871625,True,True,True,
week10_contamination_full_20260728,flat_valid_n256_001,3,flat_valid,256,,cd095f49e534e18d8cd5be896b1d644ec58567b1e334366b4baa24a10cade754,12,strict_flat,128,127,255,128,127,0,0.0,0,trace_only,True,False,False,2,2,3,5447333,True,True,True,
week10_contamination_full_20260728,flat_valid_n256_001,3,flat_valid,256,,cd095f49e534e18d8cd5be896b1d644ec58567b1e334366b4baa24a10cade754,12,strict_flat,128,127,255,128,127,0,0.0,0,checked,True,True,True,2,2,4,5889250,True,True,True,
week10_contamination_full_20260728,flat_valid_n256_001,3,flat_valid,256,,cd095f49e534e18d8cd5be896b1d644ec58567b1e334366b4baa24a10cade754,12,strict_flat,128,127,255,128,127,0,0.0,0,instrumented,True,True,False,2,2,5,5626750,True,True,True,
week10_contamination_full_20260728,flat_valid_n256_001,3,flat_valid,256,,cd095f49e534e18d8cd5be896b1d644ec58567b1e334366b4baa24a10cade754,12,strict_flat,128,127,255,128,127,0,0.0,0,minimal,False,False,False,3,3,1,4922709,True,True,True,
week10_contamination_full_20260728,flat_valid_n256_001,3,flat_valid,256,,cd095f49e534e18d8cd5be896b1d644ec58567b1e334366b4baa24a10cade754,12,strict_flat,128,127,255,128,127,0,0.0,0,trace_only,True,False,False,3,3,2,5781333,True,True,True,
week10_contamination_full_20260728,flat_valid_n256_001,3,flat_valid,256,,cd095f49e534e18d8cd5be896b1d644ec58567b1e334366b4baa24a10cade754,12,strict_flat,128,127,255,128,127,0,0.0,0,checked,True,True,True,3,3,3,5755292,True,True,True,
week10_contamination_full_20260728,flat_valid_n256_001,3,flat_valid,256,,cd095f49e534e18d8cd5be896b1d644ec58567b1e334366b4baa24a10cade754,12,strict_flat,128,127,255,128,127,0,0.0,0,instrumented,True,True,False,3,3,4,5676125,True,True,True,
week10_contamination_full_20260728,flat_valid_n256_001,3,flat_valid,256,,cd095f49e534e18d8cd5be896b1d644ec58567b1e334366b4baa24a10cade754,12,strict_flat,128,127,255,128,127,0,0.0,0,counters_only,False,True,False,3,3,5,5236250,True,True,True,
week10_contamination_full_20260728,flat_valid_n256_001,3,flat_valid,256,,cd095f49e534e18d8cd5be896b1d644ec58567b1e334366b4baa24a10cade754,12,strict_flat,128,127,255,128,127,0,0.0,0,trace_only,True,False,False,4,4,1,5564667,True,True,True,
week10_contamination_full_20260728,flat_valid_n256_001,3,flat_valid,256,,cd095f49e534e18d8cd5be896b1d644ec58567b1e334366b4baa24a10cade754,12,strict_flat,128,127,255,128,127,0,0.0,0,checked,True,True,True,4,4,2,5681125,True,True,True,
week10_contamination_full_20260728,flat_valid_n256_001,3,flat_valid,256,,cd095f49e534e18d8cd5be896b1d644ec58567b1e334366b4baa24a10cade754,12,strict_flat,128,127,255,128,127,0,0.0,0,instrumented,True,True,False,4,4,3,5893625,True,True,True,
week10_contamination_full_20260728,flat_valid_n256_001,3,flat_valid,256,,cd095f49e534e18d8cd5be896b1d644ec58567b1e334366b4baa24a10cade754,12,strict_flat,128,127,255,128,127,0,0.0,0,counters_only,False,True,False,4,4,4,4977083,True,True,True,
week10_contamination_full_20260728,flat_valid_n256_001,3,flat_valid,256,,cd095f49e534e18d8cd5be896b1d644ec58567b1e334366b4baa24a10cade754,12,strict_flat,128,127,255,128,127,0,0.0,0,minimal,False,False,False,4,4,5,4926625,True,True,True,
week10_contamination_full_20260728,flat_valid_n256_001,3,flat_valid,256,,cd095f49e534e18d8cd5be896b1d644ec58567b1e334366b4baa24a10cade754,12,strict_flat,128,127,255,128,127,0,0.0,0,checked,True,True,True,5,5,1,5853875,True,True,True,
week10_contamination_full_20260728,flat_valid_n256_001,3,flat_valid,256,,cd095f49e534e18d8cd5be896b1d644ec58567b1e334366b4baa24a10cade754,12,strict_flat,128,127,255,128,127,0,0.0,0,instrumented,True,True,False,5,5,2,5650958,True,True,True,
week10_contamination_full_20260728,flat_valid_n256_001,3,flat_valid,256,,cd095f49e534e18d8cd5be896b1d644ec58567b1e334366b4baa24a10cade754,12,strict_flat,128,127,255,128,127,0,0.0,0,counters_only,False,True,False,5,5,3,4963000,True,True,True,
week10_contamination_full_20260728,flat_valid_n256_001,3,flat_valid,256,,cd095f49e534e18d8cd5be896b1d644ec58567b1e334366b4baa24a10cade754,12,strict_flat,128,127,255,128,127,0,0.0,0,minimal,False,False,False,5,5,4,5036916,True,True,True,
week10_contamination_full_20260728,flat_valid_n256_001,3,flat_valid,256,,cd095f49e534e18d8cd5be896b1d644ec58567b1e334366b4baa24a10cade754,12,strict_flat,128,127,255,128,127,0,0.0,0,trace_only,True,False,False,5,5,5,5541500,True,True,True,
week10_contamination_full_20260728,flat_valid_n256_001,3,flat_valid,256,,cd095f49e534e18d8cd5be896b1d644ec58567b1e334366b4baa24a10cade754,12,strict_flat,128,127,255,128,127,0,0.0,0,instrumented,True,True,False,6,6,1,5636667,True,True,True,
week10_contamination_full_20260728,flat_valid_n256_001,3,flat_valid,256,,cd095f49e534e18d8cd5be896b1d644ec58567b1e334366b4baa24a10cade754,12,strict_flat,128,127,255,128,127,0,0.0,0,counters_only,False,True,False,6,6,2,5135334,True,True,True,
week10_contamination_full_20260728,flat_valid_n256_001,3,flat_valid,256,,cd095f49e534e18d8cd5be896b1d644ec58567b1e334366b4baa24a10cade754,12,strict_flat,128,127,255,128,127,0,0.0,0,minimal,False,False,False,6,6,3,4842958,True,True,True,
week10_contamination_full_20260728,flat_valid_n256_001,3,flat_valid,256,,cd095f49e534e18d8cd5be896b1d644ec58567b1e334366b4baa24a10cade754,12,strict_flat,128,127,255,128,127,0,0.0,0,trace_only,True,False,False,6,6,4,5420375,True,True,True,
week10_contamination_full_20260728,flat_valid_n256_001,3,flat_valid,256,,cd095f49e534e18d8cd5be896b1d644ec58567b1e334366b4baa24a10cade754,12,strict_flat,128,127,255,128,127,0,0.0,0,checked,True,True,True,6,6,5,5751750,True,True,True,
week10_contamination_full_20260728,flat_valid_n256_001,3,flat_valid,256,,cd095f49e534e18d8cd5be896b1d644ec58567b1e334366b4baa24a10cade754,12,strict_flat,128,127,255,128,127,0,0.0,0,counters_only,False,True,False,7,7,1,4950834,True,True,True,
week10_contamination_full_20260728,flat_valid_n256_001,3,flat_valid,256,,cd095f49e534e18d8cd5be896b1d644ec58567b1e334366b4baa24a10cade754,12,strict_flat,128,127,255,128,127,0,0.0,0,minimal,False,False,False,7,7,2,4898166,True,True,True,
week10_contamination_full_20260728,flat_valid_n256_001,3,flat_valid,256,,cd095f49e534e18d8cd5be896b1d644ec58567b1e334366b4baa24a10cade754,12,strict_flat,128,127,255,128,127,0,0.0,0,trace_only,True,False,False,7,7,3,5689250,True,True,True,
week10_contamination_full_20260728,flat_valid_n256_001,3,flat_valid,256,,cd095f49e534e18d8cd5be896b1d644ec58567b1e334366b4baa24a10cade754,12,strict_flat,128,127,255,128,127,0,0.0,0,checked,True,True,True,7,7,4,5641083,True,True,True,
week10_contamination_full_20260728,flat_valid_n256_001,3,flat_valid,256,,cd095f49e534e18d8cd5be896b1d644ec58567b1e334366b4baa24a10cade754,12,strict_flat,128,127,255,128,127,0,0.0,0,instrumented,True,True,False,7,7,5,5632417,True,True,True,
week10_contamination_full_20260728,flat_valid_n256_001,3,flat_valid,256,,cd095f49e534e18d8cd5be896b1d644ec58567b1e334366b4baa24a10cade754,12,strict_flat,128,127,255,128,127,0,0.0,0,minimal,False,False,False,8,8,1,5012917,True,True,True,
week10_contamination_full_20260728,flat_valid_n256_001,3,flat_valid,256,,cd095f49e534e18d8cd5be896b1d644ec58567b1e334366b4baa24a10cade754,12,strict_flat,128,127,255,128,127,0,0.0,0,trace_only,True,False,False,8,8,2,5498209,True,True,True,
week10_contamination_full_20260728,flat_valid_n256_001,3,flat_valid,256,,cd095f49e534e18d8cd5be896b1d644ec58567b1e334366b4baa24a10cade754,12,strict_flat,128,127,255,128,127,0,0.0,0,checked,True,True,True,8,8,3,5560208,True,True,True,
week10_contamination_full_20260728,flat_valid_n256_001,3,flat_valid,256,,cd095f49e534e18d8cd5be896b1d644ec58567b1e334366b4baa24a10cade754,12,strict_flat,128,127,255,128,127,0,0.0,0,instrumented,True,True,False,8,8,4,5759458,True,True,True,
week10_contamination_full_20260728,flat_valid_n256_001,3,flat_valid,256,,cd095f49e534e18d8cd5be896b1d644ec58567b1e334366b4baa24a10cade754,12,strict_flat,128,127,255,128,127,0,0.0,0,counters_only,False,True,False,8,8,5,4981417,True,True,True,
week10_contamination_full_20260728,flat_valid_n256_001,3,flat_valid,256,,cd095f49e534e18d8cd5be896b1d644ec58567b1e334366b4baa24a10cade754,12,strict_flat,128,127,255,128,127,0,0.0,0,trace_only,True,False,False,9,9,1,5548208,True,True,True,
week10_contamination_full_20260728,flat_valid_n256_001,3,flat_valid,256,,cd095f49e534e18d8cd5be896b1d644ec58567b1e334366b4baa24a10cade754,12,strict_flat,128,127,255,128,127,0,0.0,0,checked,True,True,True,9,9,2,5797333,True,True,True,
week10_contamination_full_20260728,flat_valid_n256_001,3,flat_valid,256,,cd095f49e534e18d8cd5be896b1d644ec58567b1e334366b4baa24a10cade754,12,strict_flat,128,127,255,128,127,0,0.0,0,instrumented,True,True,False,9,9,3,5750333,True,True,True,
week10_contamination_full_20260728,flat_valid_n256_001,3,flat_valid,256,,cd095f49e534e18d8cd5be896b1d644ec58567b1e334366b4baa24a10cade754,12,strict_flat,128,127,255,128,127,0,0.0,0,counters_only,False,True,False,9,9,4,4966625,True,True,True,
week10_contamination_full_20260728,flat_valid_n256_001,3,flat_valid,256,,cd095f49e534e18d8cd5be896b1d644ec58567b1e334366b4baa24a10cade754,12,strict_flat,128,127,255,128,127,0,0.0,0,minimal,False,False,False,9,9,5,4958084,True,True,True,
week10_contamination_full_20260728,flat_valid_n256_001,3,flat_valid,256,,cd095f49e534e18d8cd5be896b1d644ec58567b1e334366b4baa24a10cade754,12,strict_flat,128,127,255,128,127,0,0.0,0,checked,True,True,True,10,10,1,5732958,True,True,True,
week10_contamination_full_20260728,flat_valid_n256_001,3,flat_valid,256,,cd095f49e534e18d8cd5be896b1d644ec58567b1e334366b4baa24a10cade754,12,strict_flat,128,127,255,128,127,0,0.0,0,instrumented,True,True,False,10,10,2,5560709,True,True,True,
week10_contamination_full_20260728,flat_valid_n256_001,3,flat_valid,256,,cd095f49e534e18d8cd5be896b1d644ec58567b1e334366b4baa24a10cade754,12,strict_flat,128,127,255,128,127,0,0.0,0,counters_only,False,True,False,10,10,3,4894791,True,True,True,
week10_contamination_full_20260728,flat_valid_n256_001,3,flat_valid,256,,cd095f49e534e18d8cd5be896b1d644ec58567b1e334366b4baa24a10cade754,12,strict_flat,128,127,255,128,127,0,0.0,0,minimal,False,False,False,10,10,4,4978250,True,True,True,
week10_contamination_full_20260728,flat_valid_n256_001,3,flat_valid,256,,cd095f49e534e18d8cd5be896b1d644ec58567b1e334366b4baa24a10cade754,12,strict_flat,128,127,255,128,127,0,0.0,0,trace_only,True,False,False,10,10,5,5537084,True,True,True,
week10_contamination_full_20260728,flat_valid_n256_001,3,flat_valid,256,,cd095f49e534e18d8cd5be896b1d644ec58567b1e334366b4baa24a10cade754,12,strict_flat,128,127,255,128,127,0,0.0,0,instrumented,True,True,False,11,11,1,5672125,True,True,True,
week10_contamination_full_20260728,flat_valid_n256_001,3,flat_valid,256,,cd095f49e534e18d8cd5be896b1d644ec58567b1e334366b4baa24a10cade754,12,strict_flat,128,127,255,128,127,0,0.0,0,counters_only,False,True,False,11,11,2,5076042,True,True,True,
week10_contamination_full_20260728,flat_valid_n256_001,3,flat_valid,256,,cd095f49e534e18d8cd5be896b1d644ec58567b1e334366b4baa24a10cade754,12,strict_flat,128,127,255,128,127,0,0.0,0,minimal,False,False,False,11,11,3,4916792,True,True,True,
week10_contamination_full_20260728,flat_valid_n256_001,3,flat_valid,256,,cd095f49e534e18d8cd5be896b1d644ec58567b1e334366b4baa24a10cade754,12,strict_flat,128,127,255,128,127,0,0.0,0,trace_only,True,False,False,11,11,4,5534583,True,True,True,
week10_contamination_full_20260728,flat_valid_n256_001,3,flat_valid,256,,cd095f49e534e18d8cd5be896b1d644ec58567b1e334366b4baa24a10cade754,12,strict_flat,128,127,255,128,127,0,0.0,0,checked,True,True,True,11,11,5,5777458,True,True,True,
week10_contamination_full_20260728,flat_valid_n256_001,3,flat_valid,256,,cd095f49e534e18d8cd5be896b1d644ec58567b1e334366b4baa24a10cade754,12,strict_flat,128,127,255,128,127,0,0.0,0,counters_only,False,True,False,12,12,1,4956958,True,True,True,
week10_contamination_full_20260728,flat_valid_n256_001,3,flat_valid,256,,cd095f49e534e18d8cd5be896b1d644ec58567b1e334366b4baa24a10cade754,12,strict_flat,128,127,255,128,127,0,0.0,0,minimal,False,False,False,12,12,2,4907875,True,True,True,
week10_contamination_full_20260728,flat_valid_n256_001,3,flat_valid,256,,cd095f49e534e18d8cd5be896b1d644ec58567b1e334366b4baa24a10cade754,12,strict_flat,128,127,255,128,127,0,0.0,0,trace_only,True,False,False,12,12,3,5650000,True,True,True,
week10_contamination_full_20260728,flat_valid_n256_001,3,flat_valid,256,,cd095f49e534e18d8cd5be896b1d644ec58567b1e334366b4baa24a10cade754,12,strict_flat,128,127,255,128,127,0,0.0,0,checked,True,True,True,12,12,4,5678458,True,True,True,
week10_contamination_full_20260728,flat_valid_n256_001,3,flat_valid,256,,cd095f49e534e18d8cd5be896b1d644ec58567b1e334366b4baa24a10cade754,12,strict_flat,128,127,255,128,127,0,0.0,0,instrumented,True,True,False,12,12,5,5640542,True,True,True,
week10_contamination_full_20260728,flat_valid_n256_001,3,flat_valid,256,,cd095f49e534e18d8cd5be896b1d644ec58567b1e334366b4baa24a10cade754,12,strict_flat,128,127,255,128,127,0,0.0,0,minimal,False,False,False,13,13,1,5064542,True,True,True,
week10_contamination_full_20260728,flat_valid_n256_001,3,flat_valid,256,,cd095f49e534e18d8cd5be896b1d644ec58567b1e334366b4baa24a10cade754,12,strict_flat,128,127,255,128,127,0,0.0,0,trace_only,True,False,False,13,13,2,5560500,True,True,True,
week10_contamination_full_20260728,flat_valid_n256_001,3,flat_valid,256,,cd095f49e534e18d8cd5be896b1d644ec58567b1e334366b4baa24a10cade754,12,strict_flat,128,127,255,128,127,0,0.0,0,checked,True,True,True,13,13,3,5649209,True,True,True,
week10_contamination_full_20260728,flat_valid_n256_001,3,flat_valid,256,,cd095f49e534e18d8cd5be896b1d644ec58567b1e334366b4baa24a10cade754,12,strict_flat,128,127,255,128,127,0,0.0,0,instrumented,True,True,False,13,13,4,5808708,True,True,True,
week10_contamination_full_20260728,flat_valid_n256_001,3,flat_valid,256,,cd095f49e534e18d8cd5be896b1d644ec58567b1e334366b4baa24a10cade754,12,strict_flat,128,127,255,128,127,0,0.0,0,counters_only,False,True,False,13,13,5,4948125,True,True,True,
week10_contamination_full_20260728,flat_valid_n256_001,3,flat_valid,256,,cd095f49e534e18d8cd5be896b1d644ec58567b1e334366b4baa24a10cade754,12,strict_flat,128,127,255,128,127,0,0.0,0,trace_only,True,False,False,14,14,1,5396875,True,True,True,
week10_contamination_full_20260728,flat_valid_n256_001,3,flat_valid,256,,cd095f49e534e18d8cd5be896b1d644ec58567b1e334366b4baa24a10cade754,12,strict_flat,128,127,255,128,127,0,0.0,0,checked,True,True,True,14,14,2,5695167,True,True,True,
week10_contamination_full_20260728,flat_valid_n256_001,3,flat_valid,256,,cd095f49e534e18d8cd5be896b1d644ec58567b1e334366b4baa24a10cade754,12,strict_flat,128,127,255,128,127,0,0.0,0,instrumented,True,True,False,14,14,3,5671208,True,True,True,
week10_contamination_full_20260728,flat_valid_n256_001,3,flat_valid,256,,cd095f49e534e18d8cd5be896b1d644ec58567b1e334366b4baa24a10cade754,12,strict_flat,128,127,255,128,127,0,0.0,0,counters_only,False,True,False,14,14,4,4941500,True,True,True,
week10_contamination_full_20260728,flat_valid_n256_001,3,flat_valid,256,,cd095f49e534e18d8cd5be896b1d644ec58567b1e334366b4baa24a10cade754,12,strict_flat,128,127,255,128,127,0,0.0,0,minimal,False,False,False,14,14,5,5081792,True,True,True,
week10_contamination_full_20260728,flat_valid_n256_001,3,flat_valid,256,,cd095f49e534e18d8cd5be896b1d644ec58567b1e334366b4baa24a10cade754,12,strict_flat,128,127,255,128,127,0,0.0,0,checked,True,True,True,15,15,1,5710833,True,True,True,
week10_contamination_full_20260728,flat_valid_n256_001,3,flat_valid,256,,cd095f49e534e18d8cd5be896b1d644ec58567b1e334366b4baa24a10cade754,12,strict_flat,128,127,255,128,127,0,0.0,0,instrumented,True,True,False,15,15,2,5622583,True,True,True,
week10_contamination_full_20260728,flat_valid_n256_001,3,flat_valid,256,,cd095f49e534e18d8cd5be896b1d644ec58567b1e334366b4baa24a10cade754,12,strict_flat,128,127,255,128,127,0,0.0,0,counters_only,False,True,False,15,15,3,5118542,True,True,True,
week10_contamination_full_20260728,flat_valid_n256_001,3,flat_valid,256,,cd095f49e534e18d8cd5be896b1d644ec58567b1e334366b4baa24a10cade754,12,strict_flat,128,127,255,128,127,0,0.0,0,minimal,False,False,False,15,15,4,4965083,True,True,True,
week10_contamination_full_20260728,flat_valid_n256_001,3,flat_valid,256,,cd095f49e534e18d8cd5be896b1d644ec58567b1e334366b4baa24a10cade754,12,strict_flat,128,127,255,128,127,0,0.0,0,trace_only,True,False,False,15,15,5,5518292,True,True,True,
week10_contamination_full_20260728,incremental_valid_n32_001,8,incremental_valid,32,20292724,2e3349d34e1765676cac42380262a58bd6230e7c9c22789613db544f7500e52f,13,nested_heavy_valid,16,15,31,2,1,28,0.9032258064516129,11,counters_only,False,True,False,1,1,1,749500,True,True,True,
week10_contamination_full_20260728,incremental_valid_n32_001,8,incremental_valid,32,20292724,2e3349d34e1765676cac42380262a58bd6230e7c9c22789613db544f7500e52f,13,nested_heavy_valid,16,15,31,2,1,28,0.9032258064516129,11,checked,True,True,True,1,1,2,1115833,True,True,True,
week10_contamination_full_20260728,incremental_valid_n32_001,8,incremental_valid,32,20292724,2e3349d34e1765676cac42380262a58bd6230e7c9c22789613db544f7500e52f,13,nested_heavy_valid,16,15,31,2,1,28,0.9032258064516129,11,trace_only,True,False,False,1,1,3,814583,True,True,True,
week10_contamination_full_20260728,incremental_valid_n32_001,8,incremental_valid,32,20292724,2e3349d34e1765676cac42380262a58bd6230e7c9c22789613db544f7500e52f,13,nested_heavy_valid,16,15,31,2,1,28,0.9032258064516129,11,minimal,False,False,False,1,1,4,733209,True,True,True,
week10_contamination_full_20260728,incremental_valid_n32_001,8,incremental_valid,32,20292724,2e3349d34e1765676cac42380262a58bd6230e7c9c22789613db544f7500e52f,13,nested_heavy_valid,16,15,31,2,1,28,0.9032258064516129,11,instrumented,True,True,False,1,1,5,842500,True,True,True,
week10_contamination_full_20260728,incremental_valid_n32_001,8,incremental_valid,32,20292724,2e3349d34e1765676cac42380262a58bd6230e7c9c22789613db544f7500e52f,13,nested_heavy_valid,16,15,31,2,1,28,0.9032258064516129,11,checked,True,True,True,2,2,1,1137542,True,True,True,
week10_contamination_full_20260728,incremental_valid_n32_001,8,incremental_valid,32,20292724,2e3349d34e1765676cac42380262a58bd6230e7c9c22789613db544f7500e52f,13,nested_heavy_valid,16,15,31,2,1,28,0.9032258064516129,11,trace_only,True,False,False,2,2,2,832042,True,True,True,
week10_contamination_full_20260728,incremental_valid_n32_001,8,incremental_valid,32,20292724,2e3349d34e1765676cac42380262a58bd6230e7c9c22789613db544f7500e52f,13,nested_heavy_valid,16,15,31,2,1,28,0.9032258064516129,11,minimal,False,False,False,2,2,3,754416,True,True,True,
week10_contamination_full_20260728,incremental_valid_n32_001,8,incremental_valid,32,20292724,2e3349d34e1765676cac42380262a58bd6230e7c9c22789613db544f7500e52f,13,nested_heavy_valid,16,15,31,2,1,28,0.9032258064516129,11,instrumented,True,True,False,2,2,4,928042,True,True,True,
week10_contamination_full_20260728,incremental_valid_n32_001,8,incremental_valid,32,20292724,2e3349d34e1765676cac42380262a58bd6230e7c9c22789613db544f7500e52f,13,nested_heavy_valid,16,15,31,2,1,28,0.9032258064516129,11,counters_only,False,True,False,2,2,5,767542,True,True,True,
week10_contamination_full_20260728,incremental_valid_n32_001,8,incremental_valid,32,20292724,2e3349d34e1765676cac42380262a58bd6230e7c9c22789613db544f7500e52f,13,nested_heavy_valid,16,15,31,2,1,28,0.9032258064516129,11,trace_only,True,False,False,3,3,1,831958,True,True,True,
week10_contamination_full_20260728,incremental_valid_n32_001,8,incremental_valid,32,20292724,2e3349d34e1765676cac42380262a58bd6230e7c9c22789613db544f7500e52f,13,nested_heavy_valid,16,15,31,2,1,28,0.9032258064516129,11,minimal,False,False,False,3,3,2,736542,True,True,True,
week10_contamination_full_20260728,incremental_valid_n32_001,8,incremental_valid,32,20292724,2e3349d34e1765676cac42380262a58bd6230e7c9c22789613db544f7500e52f,13,nested_heavy_valid,16,15,31,2,1,28,0.9032258064516129,11,instrumented,True,True,False,3,3,3,882250,True,True,True,
week10_contamination_full_20260728,incremental_valid_n32_001,8,incremental_valid,32,20292724,2e3349d34e1765676cac42380262a58bd6230e7c9c22789613db544f7500e52f,13,nested_heavy_valid,16,15,31,2,1,28,0.9032258064516129,11,counters_only,False,True,False,3,3,4,767917,True,True,True,
week10_contamination_full_20260728,incremental_valid_n32_001,8,incremental_valid,32,20292724,2e3349d34e1765676cac42380262a58bd6230e7c9c22789613db544f7500e52f,13,nested_heavy_valid,16,15,31,2,1,28,0.9032258064516129,11,checked,True,True,True,3,3,5,1126791,True,True,True,
week10_contamination_full_20260728,incremental_valid_n32_001,8,incremental_valid,32,20292724,2e3349d34e1765676cac42380262a58bd6230e7c9c22789613db544f7500e52f,13,nested_heavy_valid,16,15,31,2,1,28,0.9032258064516129,11,minimal,False,False,False,4,4,1,741208,True,True,True,
week10_contamination_full_20260728,incremental_valid_n32_001,8,incremental_valid,32,20292724,2e3349d34e1765676cac42380262a58bd6230e7c9c22789613db544f7500e52f,13,nested_heavy_valid,16,15,31,2,1,28,0.9032258064516129,11,instrumented,True,True,False,4,4,2,839292,True,True,True,
week10_contamination_full_20260728,incremental_valid_n32_001,8,incremental_valid,32,20292724,2e3349d34e1765676cac42380262a58bd6230e7c9c22789613db544f7500e52f,13,nested_heavy_valid,16,15,31,2,1,28,0.9032258064516129,11,counters_only,False,True,False,4,4,3,764541,True,True,True,
week10_contamination_full_20260728,incremental_valid_n32_001,8,incremental_valid,32,20292724,2e3349d34e1765676cac42380262a58bd6230e7c9c22789613db544f7500e52f,13,nested_heavy_valid,16,15,31,2,1,28,0.9032258064516129,11,checked,True,True,True,4,4,4,1116917,True,True,True,
week10_contamination_full_20260728,incremental_valid_n32_001,8,incremental_valid,32,20292724,2e3349d34e1765676cac42380262a58bd6230e7c9c22789613db544f7500e52f,13,nested_heavy_valid,16,15,31,2,1,28,0.9032258064516129,11,trace_only,True,False,False,4,4,5,816584,True,True,True,
week10_contamination_full_20260728,incremental_valid_n32_001,8,incremental_valid,32,20292724,2e3349d34e1765676cac42380262a58bd6230e7c9c22789613db544f7500e52f,13,nested_heavy_valid,16,15,31,2,1,28,0.9032258064516129,11,instrumented,True,True,False,5,5,1,836334,True,True,True,
week10_contamination_full_20260728,incremental_valid_n32_001,8,incremental_valid,32,20292724,2e3349d34e1765676cac42380262a58bd6230e7c9c22789613db544f7500e52f,13,nested_heavy_valid,16,15,31,2,1,28,0.9032258064516129,11,counters_only,False,True,False,5,5,2,747833,True,True,True,
week10_contamination_full_20260728,incremental_valid_n32_001,8,incremental_valid,32,20292724,2e3349d34e1765676cac42380262a58bd6230e7c9c22789613db544f7500e52f,13,nested_heavy_valid,16,15,31,2,1,28,0.9032258064516129,11,checked,True,True,True,5,5,3,1110542,True,True,True,
week10_contamination_full_20260728,incremental_valid_n32_001,8,incremental_valid,32,20292724,2e3349d34e1765676cac42380262a58bd6230e7c9c22789613db544f7500e52f,13,nested_heavy_valid,16,15,31,2,1,28,0.9032258064516129,11,trace_only,True,False,False,5,5,4,826167,True,True,True,
week10_contamination_full_20260728,incremental_valid_n32_001,8,incremental_valid,32,20292724,2e3349d34e1765676cac42380262a58bd6230e7c9c22789613db544f7500e52f,13,nested_heavy_valid,16,15,31,2,1,28,0.9032258064516129,11,minimal,False,False,False,5,5,5,742625,True,True,True,
week10_contamination_full_20260728,incremental_valid_n32_001,8,incremental_valid,32,20292724,2e3349d34e1765676cac42380262a58bd6230e7c9c22789613db544f7500e52f,13,nested_heavy_valid,16,15,31,2,1,28,0.9032258064516129,11,counters_only,False,True,False,6,6,1,765292,True,True,True,
week10_contamination_full_20260728,incremental_valid_n32_001,8,incremental_valid,32,20292724,2e3349d34e1765676cac42380262a58bd6230e7c9c22789613db544f7500e52f,13,nested_heavy_valid,16,15,31,2,1,28,0.9032258064516129,11,checked,True,True,True,6,6,2,1121333,True,True,True,
week10_contamination_full_20260728,incremental_valid_n32_001,8,incremental_valid,32,20292724,2e3349d34e1765676cac42380262a58bd6230e7c9c22789613db544f7500e52f,13,nested_heavy_valid,16,15,31,2,1,28,0.9032258064516129,11,trace_only,True,False,False,6,6,3,917208,True,True,True,
week10_contamination_full_20260728,incremental_valid_n32_001,8,incremental_valid,32,20292724,2e3349d34e1765676cac42380262a58bd6230e7c9c22789613db544f7500e52f,13,nested_heavy_valid,16,15,31,2,1,28,0.9032258064516129,11,minimal,False,False,False,6,6,4,765000,True,True,True,
week10_contamination_full_20260728,incremental_valid_n32_001,8,incremental_valid,32,20292724,2e3349d34e1765676cac42380262a58bd6230e7c9c22789613db544f7500e52f,13,nested_heavy_valid,16,15,31,2,1,28,0.9032258064516129,11,instrumented,True,True,False,6,6,5,851792,True,True,True,
week10_contamination_full_20260728,incremental_valid_n32_001,8,incremental_valid,32,20292724,2e3349d34e1765676cac42380262a58bd6230e7c9c22789613db544f7500e52f,13,nested_heavy_valid,16,15,31,2,1,28,0.9032258064516129,11,checked,True,True,True,7,7,1,1124708,True,True,True,
week10_contamination_full_20260728,incremental_valid_n32_001,8,incremental_valid,32,20292724,2e3349d34e1765676cac42380262a58bd6230e7c9c22789613db544f7500e52f,13,nested_heavy_valid,16,15,31,2,1,28,0.9032258064516129,11,trace_only,True,False,False,7,7,2,821083,True,True,True,
week10_contamination_full_20260728,incremental_valid_n32_001,8,incremental_valid,32,20292724,2e3349d34e1765676cac42380262a58bd6230e7c9c22789613db544f7500e52f,13,nested_heavy_valid,16,15,31,2,1,28,0.9032258064516129,11,minimal,False,False,False,7,7,3,765750,True,True,True,
week10_contamination_full_20260728,incremental_valid_n32_001,8,incremental_valid,32,20292724,2e3349d34e1765676cac42380262a58bd6230e7c9c22789613db544f7500e52f,13,nested_heavy_valid,16,15,31,2,1,28,0.9032258064516129,11,instrumented,True,True,False,7,7,4,855542,True,True,True,
week10_contamination_full_20260728,incremental_valid_n32_001,8,incremental_valid,32,20292724,2e3349d34e1765676cac42380262a58bd6230e7c9c22789613db544f7500e52f,13,nested_heavy_valid,16,15,31,2,1,28,0.9032258064516129,11,counters_only,False,True,False,7,7,5,746000,True,True,True,
week10_contamination_full_20260728,incremental_valid_n32_001,8,incremental_valid,32,20292724,2e3349d34e1765676cac42380262a58bd6230e7c9c22789613db544f7500e52f,13,nested_heavy_valid,16,15,31,2,1,28,0.9032258064516129,11,trace_only,True,False,False,8,8,1,823375,True,True,True,
week10_contamination_full_20260728,incremental_valid_n32_001,8,incremental_valid,32,20292724,2e3349d34e1765676cac42380262a58bd6230e7c9c22789613db544f7500e52f,13,nested_heavy_valid,16,15,31,2,1,28,0.9032258064516129,11,minimal,False,False,False,8,8,2,745125,True,True,True,
week10_contamination_full_20260728,incremental_valid_n32_001,8,incremental_valid,32,20292724,2e3349d34e1765676cac42380262a58bd6230e7c9c22789613db544f7500e52f,13,nested_heavy_valid,16,15,31,2,1,28,0.9032258064516129,11,instrumented,True,True,False,8,8,3,838167,True,True,True,
week10_contamination_full_20260728,incremental_valid_n32_001,8,incremental_valid,32,20292724,2e3349d34e1765676cac42380262a58bd6230e7c9c22789613db544f7500e52f,13,nested_heavy_valid,16,15,31,2,1,28,0.9032258064516129,11,counters_only,False,True,False,8,8,4,753083,True,True,True,
week10_contamination_full_20260728,incremental_valid_n32_001,8,incremental_valid,32,20292724,2e3349d34e1765676cac42380262a58bd6230e7c9c22789613db544f7500e52f,13,nested_heavy_valid,16,15,31,2,1,28,0.9032258064516129,11,checked,True,True,True,8,8,5,1120625,True,True,True,
week10_contamination_full_20260728,incremental_valid_n32_001,8,incremental_valid,32,20292724,2e3349d34e1765676cac42380262a58bd6230e7c9c22789613db544f7500e52f,13,nested_heavy_valid,16,15,31,2,1,28,0.9032258064516129,11,minimal,False,False,False,9,9,1,742833,True,True,True,
week10_contamination_full_20260728,incremental_valid_n32_001,8,incremental_valid,32,20292724,2e3349d34e1765676cac42380262a58bd6230e7c9c22789613db544f7500e52f,13,nested_heavy_valid,16,15,31,2,1,28,0.9032258064516129,11,instrumented,True,True,False,9,9,2,833750,True,True,True,
week10_contamination_full_20260728,incremental_valid_n32_001,8,incremental_valid,32,20292724,2e3349d34e1765676cac42380262a58bd6230e7c9c22789613db544f7500e52f,13,nested_heavy_valid,16,15,31,2,1,28,0.9032258064516129,11,counters_only,False,True,False,9,9,3,747750,True,True,True,
week10_contamination_full_20260728,incremental_valid_n32_001,8,incremental_valid,32,20292724,2e3349d34e1765676cac42380262a58bd6230e7c9c22789613db544f7500e52f,13,nested_heavy_valid,16,15,31,2,1,28,0.9032258064516129,11,checked,True,True,True,9,9,4,1140833,True,True,True,
week10_contamination_full_20260728,incremental_valid_n32_001,8,incremental_valid,32,20292724,2e3349d34e1765676cac42380262a58bd6230e7c9c22789613db544f7500e52f,13,nested_heavy_valid,16,15,31,2,1,28,0.9032258064516129,11,trace_only,True,False,False,9,9,5,853291,True,True,True,
week10_contamination_full_20260728,incremental_valid_n32_001,8,incremental_valid,32,20292724,2e3349d34e1765676cac42380262a58bd6230e7c9c22789613db544f7500e52f,13,nested_heavy_valid,16,15,31,2,1,28,0.9032258064516129,11,instrumented,True,True,False,10,10,1,834625,True,True,True,
week10_contamination_full_20260728,incremental_valid_n32_001,8,incremental_valid,32,20292724,2e3349d34e1765676cac42380262a58bd6230e7c9c22789613db544f7500e52f,13,nested_heavy_valid,16,15,31,2,1,28,0.9032258064516129,11,counters_only,False,True,False,10,10,2,766750,True,True,True,
week10_contamination_full_20260728,incremental_valid_n32_001,8,incremental_valid,32,20292724,2e3349d34e1765676cac42380262a58bd6230e7c9c22789613db544f7500e52f,13,nested_heavy_valid,16,15,31,2,1,28,0.9032258064516129,11,checked,True,True,True,10,10,3,1198750,True,True,True,
week10_contamination_full_20260728,incremental_valid_n32_001,8,incremental_valid,32,20292724,2e3349d34e1765676cac42380262a58bd6230e7c9c22789613db544f7500e52f,13,nested_heavy_valid,16,15,31,2,1,28,0.9032258064516129,11,trace_only,True,False,False,10,10,4,828667,True,True,True,
week10_contamination_full_20260728,incremental_valid_n32_001,8,incremental_valid,32,20292724,2e3349d34e1765676cac42380262a58bd6230e7c9c22789613db544f7500e52f,13,nested_heavy_valid,16,15,31,2,1,28,0.9032258064516129,11,minimal,False,False,False,10,10,5,775250,True,True,True,
week10_contamination_full_20260728,incremental_valid_n32_001,8,incremental_valid,32,20292724,2e3349d34e1765676cac42380262a58bd6230e7c9c22789613db544f7500e52f,13,nested_heavy_valid,16,15,31,2,1,28,0.9032258064516129,11,counters_only,False,True,False,11,11,1,764708,True,True,True,
week10_contamination_full_20260728,incremental_valid_n32_001,8,incremental_valid,32,20292724,2e3349d34e1765676cac42380262a58bd6230e7c9c22789613db544f7500e52f,13,nested_heavy_valid,16,15,31,2,1,28,0.9032258064516129,11,checked,True,True,True,11,11,2,1123959,True,True,True,
week10_contamination_full_20260728,incremental_valid_n32_001,8,incremental_valid,32,20292724,2e3349d34e1765676cac42380262a58bd6230e7c9c22789613db544f7500e52f,13,nested_heavy_valid,16,15,31,2,1,28,0.9032258064516129,11,trace_only,True,False,False,11,11,3,821708,True,True,True,
week10_contamination_full_20260728,incremental_valid_n32_001,8,incremental_valid,32,20292724,2e3349d34e1765676cac42380262a58bd6230e7c9c22789613db544f7500e52f,13,nested_heavy_valid,16,15,31,2,1,28,0.9032258064516129,11,minimal,False,False,False,11,11,4,719917,True,True,True,
week10_contamination_full_20260728,incremental_valid_n32_001,8,incremental_valid,32,20292724,2e3349d34e1765676cac42380262a58bd6230e7c9c22789613db544f7500e52f,13,nested_heavy_valid,16,15,31,2,1,28,0.9032258064516129,11,instrumented,True,True,False,11,11,5,828208,True,True,True,
week10_contamination_full_20260728,incremental_valid_n32_001,8,incremental_valid,32,20292724,2e3349d34e1765676cac42380262a58bd6230e7c9c22789613db544f7500e52f,13,nested_heavy_valid,16,15,31,2,1,28,0.9032258064516129,11,checked,True,True,True,12,12,1,1104667,True,True,True,
week10_contamination_full_20260728,incremental_valid_n32_001,8,incremental_valid,32,20292724,2e3349d34e1765676cac42380262a58bd6230e7c9c22789613db544f7500e52f,13,nested_heavy_valid,16,15,31,2,1,28,0.9032258064516129,11,trace_only,True,False,False,12,12,2,799625,True,True,True,
week10_contamination_full_20260728,incremental_valid_n32_001,8,incremental_valid,32,20292724,2e3349d34e1765676cac42380262a58bd6230e7c9c22789613db544f7500e52f,13,nested_heavy_valid,16,15,31,2,1,28,0.9032258064516129,11,minimal,False,False,False,12,12,3,725417,True,True,True,
week10_contamination_full_20260728,incremental_valid_n32_001,8,incremental_valid,32,20292724,2e3349d34e1765676cac42380262a58bd6230e7c9c22789613db544f7500e52f,13,nested_heavy_valid,16,15,31,2,1,28,0.9032258064516129,11,instrumented,True,True,False,12,12,4,825416,True,True,True,
week10_contamination_full_20260728,incremental_valid_n32_001,8,incremental_valid,32,20292724,2e3349d34e1765676cac42380262a58bd6230e7c9c22789613db544f7500e52f,13,nested_heavy_valid,16,15,31,2,1,28,0.9032258064516129,11,counters_only,False,True,False,12,12,5,735625,True,True,True,
week10_contamination_full_20260728,incremental_valid_n32_001,8,incremental_valid,32,20292724,2e3349d34e1765676cac42380262a58bd6230e7c9c22789613db544f7500e52f,13,nested_heavy_valid,16,15,31,2,1,28,0.9032258064516129,11,trace_only,True,False,False,13,13,1,800542,True,True,True,
week10_contamination_full_20260728,incremental_valid_n32_001,8,incremental_valid,32,20292724,2e3349d34e1765676cac42380262a58bd6230e7c9c22789613db544f7500e52f,13,nested_heavy_valid,16,15,31,2,1,28,0.9032258064516129,11,minimal,False,False,False,13,13,2,724583,True,True,True,
week10_contamination_full_20260728,incremental_valid_n32_001,8,incremental_valid,32,20292724,2e3349d34e1765676cac42380262a58bd6230e7c9c22789613db544f7500e52f,13,nested_heavy_valid,16,15,31,2,1,28,0.9032258064516129,11,instrumented,True,True,False,13,13,3,833000,True,True,True,
week10_contamination_full_20260728,incremental_valid_n32_001,8,incremental_valid,32,20292724,2e3349d34e1765676cac42380262a58bd6230e7c9c22789613db544f7500e52f,13,nested_heavy_valid,16,15,31,2,1,28,0.9032258064516129,11,counters_only,False,True,False,13,13,4,738208,True,True,True,
week10_contamination_full_20260728,incremental_valid_n32_001,8,incremental_valid,32,20292724,2e3349d34e1765676cac42380262a58bd6230e7c9c22789613db544f7500e52f,13,nested_heavy_valid,16,15,31,2,1,28,0.9032258064516129,11,checked,True,True,True,13,13,5,1115417,True,True,True,
week10_contamination_full_20260728,incremental_valid_n32_001,8,incremental_valid,32,20292724,2e3349d34e1765676cac42380262a58bd6230e7c9c22789613db544f7500e52f,13,nested_heavy_valid,16,15,31,2,1,28,0.9032258064516129,11,minimal,False,False,False,14,14,1,728708,True,True,True,
week10_contamination_full_20260728,incremental_valid_n32_001,8,incremental_valid,32,20292724,2e3349d34e1765676cac42380262a58bd6230e7c9c22789613db544f7500e52f,13,nested_heavy_valid,16,15,31,2,1,28,0.9032258064516129,11,instrumented,True,True,False,14,14,2,954167,True,True,True,
week10_contamination_full_20260728,incremental_valid_n32_001,8,incremental_valid,32,20292724,2e3349d34e1765676cac42380262a58bd6230e7c9c22789613db544f7500e52f,13,nested_heavy_valid,16,15,31,2,1,28,0.9032258064516129,11,counters_only,False,True,False,14,14,3,747250,True,True,True,
week10_contamination_full_20260728,incremental_valid_n32_001,8,incremental_valid,32,20292724,2e3349d34e1765676cac42380262a58bd6230e7c9c22789613db544f7500e52f,13,nested_heavy_valid,16,15,31,2,1,28,0.9032258064516129,11,checked,True,True,True,14,14,4,1112458,True,True,True,
week10_contamination_full_20260728,incremental_valid_n32_001,8,incremental_valid,32,20292724,2e3349d34e1765676cac42380262a58bd6230e7c9c22789613db544f7500e52f,13,nested_heavy_valid,16,15,31,2,1,28,0.9032258064516129,11,trace_only,True,False,False,14,14,5,798333,True,True,True,
week10_contamination_full_20260728,incremental_valid_n32_001,8,incremental_valid,32,20292724,2e3349d34e1765676cac42380262a58bd6230e7c9c22789613db544f7500e52f,13,nested_heavy_valid,16,15,31,2,1,28,0.9032258064516129,11,instrumented,True,True,False,15,15,1,842416,True,True,True,
week10_contamination_full_20260728,incremental_valid_n32_001,8,incremental_valid,32,20292724,2e3349d34e1765676cac42380262a58bd6230e7c9c22789613db544f7500e52f,13,nested_heavy_valid,16,15,31,2,1,28,0.9032258064516129,11,counters_only,False,True,False,15,15,2,753042,True,True,True,
week10_contamination_full_20260728,incremental_valid_n32_001,8,incremental_valid,32,20292724,2e3349d34e1765676cac42380262a58bd6230e7c9c22789613db544f7500e52f,13,nested_heavy_valid,16,15,31,2,1,28,0.9032258064516129,11,checked,True,True,True,15,15,3,1127958,True,True,True,
week10_contamination_full_20260728,incremental_valid_n32_001,8,incremental_valid,32,20292724,2e3349d34e1765676cac42380262a58bd6230e7c9c22789613db544f7500e52f,13,nested_heavy_valid,16,15,31,2,1,28,0.9032258064516129,11,trace_only,True,False,False,15,15,4,815750,True,True,True,
week10_contamination_full_20260728,incremental_valid_n32_001,8,incremental_valid,32,20292724,2e3349d34e1765676cac42380262a58bd6230e7c9c22789613db544f7500e52f,13,nested_heavy_valid,16,15,31,2,1,28,0.9032258064516129,11,minimal,False,False,False,15,15,5,758583,True,True,True,
week10_contamination_full_20260728,nested_valid_n32_001,4,nested_valid,32,,c4ce843cb915959f6acab25ba8a3acf43bee7a477a9a8b49500ec9d597b318f8,14,nested_heavy_valid,16,15,31,1,1,29,0.9354838709677419,15,counters_only,False,True,False,1,1,1,645625,True,True,True,
week10_contamination_full_20260728,nested_valid_n32_001,4,nested_valid,32,,c4ce843cb915959f6acab25ba8a3acf43bee7a477a9a8b49500ec9d597b318f8,14,nested_heavy_valid,16,15,31,1,1,29,0.9354838709677419,15,minimal,False,False,False,1,1,2,651334,True,True,True,
week10_contamination_full_20260728,nested_valid_n32_001,4,nested_valid,32,,c4ce843cb915959f6acab25ba8a3acf43bee7a477a9a8b49500ec9d597b318f8,14,nested_heavy_valid,16,15,31,1,1,29,0.9354838709677419,15,checked,True,True,True,1,1,3,726875,True,True,True,
week10_contamination_full_20260728,nested_valid_n32_001,4,nested_valid,32,,c4ce843cb915959f6acab25ba8a3acf43bee7a477a9a8b49500ec9d597b318f8,14,nested_heavy_valid,16,15,31,1,1,29,0.9354838709677419,15,instrumented,True,True,False,1,1,4,715042,True,True,True,
week10_contamination_full_20260728,nested_valid_n32_001,4,nested_valid,32,,c4ce843cb915959f6acab25ba8a3acf43bee7a477a9a8b49500ec9d597b318f8,14,nested_heavy_valid,16,15,31,1,1,29,0.9354838709677419,15,trace_only,True,False,False,1,1,5,709750,True,True,True,
week10_contamination_full_20260728,nested_valid_n32_001,4,nested_valid,32,,c4ce843cb915959f6acab25ba8a3acf43bee7a477a9a8b49500ec9d597b318f8,14,nested_heavy_valid,16,15,31,1,1,29,0.9354838709677419,15,minimal,False,False,False,2,2,1,632250,True,True,True,
week10_contamination_full_20260728,nested_valid_n32_001,4,nested_valid,32,,c4ce843cb915959f6acab25ba8a3acf43bee7a477a9a8b49500ec9d597b318f8,14,nested_heavy_valid,16,15,31,1,1,29,0.9354838709677419,15,checked,True,True,True,2,2,2,723417,True,True,True,
week10_contamination_full_20260728,nested_valid_n32_001,4,nested_valid,32,,c4ce843cb915959f6acab25ba8a3acf43bee7a477a9a8b49500ec9d597b318f8,14,nested_heavy_valid,16,15,31,1,1,29,0.9354838709677419,15,instrumented,True,True,False,2,2,3,717959,True,True,True,
week10_contamination_full_20260728,nested_valid_n32_001,4,nested_valid,32,,c4ce843cb915959f6acab25ba8a3acf43bee7a477a9a8b49500ec9d597b318f8,14,nested_heavy_valid,16,15,31,1,1,29,0.9354838709677419,15,trace_only,True,False,False,2,2,4,715375,True,True,True,
week10_contamination_full_20260728,nested_valid_n32_001,4,nested_valid,32,,c4ce843cb915959f6acab25ba8a3acf43bee7a477a9a8b49500ec9d597b318f8,14,nested_heavy_valid,16,15,31,1,1,29,0.9354838709677419,15,counters_only,False,True,False,2,2,5,637208,True,True,True,
week10_contamination_full_20260728,nested_valid_n32_001,4,nested_valid,32,,c4ce843cb915959f6acab25ba8a3acf43bee7a477a9a8b49500ec9d597b318f8,14,nested_heavy_valid,16,15,31,1,1,29,0.9354838709677419,15,checked,True,True,True,3,3,1,725959,True,True,True,
week10_contamination_full_20260728,nested_valid_n32_001,4,nested_valid,32,,c4ce843cb915959f6acab25ba8a3acf43bee7a477a9a8b49500ec9d597b318f8,14,nested_heavy_valid,16,15,31,1,1,29,0.9354838709677419,15,instrumented,True,True,False,3,3,2,720166,True,True,True,
week10_contamination_full_20260728,nested_valid_n32_001,4,nested_valid,32,,c4ce843cb915959f6acab25ba8a3acf43bee7a477a9a8b49500ec9d597b318f8,14,nested_heavy_valid,16,15,31,1,1,29,0.9354838709677419,15,trace_only,True,False,False,3,3,3,702416,True,True,True,
week10_contamination_full_20260728,nested_valid_n32_001,4,nested_valid,32,,c4ce843cb915959f6acab25ba8a3acf43bee7a477a9a8b49500ec9d597b318f8,14,nested_heavy_valid,16,15,31,1,1,29,0.9354838709677419,15,counters_only,False,True,False,3,3,4,638584,True,True,True,
week10_contamination_full_20260728,nested_valid_n32_001,4,nested_valid,32,,c4ce843cb915959f6acab25ba8a3acf43bee7a477a9a8b49500ec9d597b318f8,14,nested_heavy_valid,16,15,31,1,1,29,0.9354838709677419,15,minimal,False,False,False,3,3,5,626708,True,True,True,
week10_contamination_full_20260728,nested_valid_n32_001,4,nested_valid,32,,c4ce843cb915959f6acab25ba8a3acf43bee7a477a9a8b49500ec9d597b318f8,14,nested_heavy_valid,16,15,31,1,1,29,0.9354838709677419,15,instrumented,True,True,False,4,4,1,715416,True,True,True,
week10_contamination_full_20260728,nested_valid_n32_001,4,nested_valid,32,,c4ce843cb915959f6acab25ba8a3acf43bee7a477a9a8b49500ec9d597b318f8,14,nested_heavy_valid,16,15,31,1,1,29,0.9354838709677419,15,trace_only,True,False,False,4,4,2,717750,True,True,True,
week10_contamination_full_20260728,nested_valid_n32_001,4,nested_valid,32,,c4ce843cb915959f6acab25ba8a3acf43bee7a477a9a8b49500ec9d597b318f8,14,nested_heavy_valid,16,15,31,1,1,29,0.9354838709677419,15,counters_only,False,True,False,4,4,3,647125,True,True,True,
week10_contamination_full_20260728,nested_valid_n32_001,4,nested_valid,32,,c4ce843cb915959f6acab25ba8a3acf43bee7a477a9a8b49500ec9d597b318f8,14,nested_heavy_valid,16,15,31,1,1,29,0.9354838709677419,15,minimal,False,False,False,4,4,4,653459,True,True,True,
week10_contamination_full_20260728,nested_valid_n32_001,4,nested_valid,32,,c4ce843cb915959f6acab25ba8a3acf43bee7a477a9a8b49500ec9d597b318f8,14,nested_heavy_valid,16,15,31,1,1,29,0.9354838709677419,15,checked,True,True,True,4,4,5,735625,True,True,True,
week10_contamination_full_20260728,nested_valid_n32_001,4,nested_valid,32,,c4ce843cb915959f6acab25ba8a3acf43bee7a477a9a8b49500ec9d597b318f8,14,nested_heavy_valid,16,15,31,1,1,29,0.9354838709677419,15,trace_only,True,False,False,5,5,1,706583,True,True,True,
week10_contamination_full_20260728,nested_valid_n32_001,4,nested_valid,32,,c4ce843cb915959f6acab25ba8a3acf43bee7a477a9a8b49500ec9d597b318f8,14,nested_heavy_valid,16,15,31,1,1,29,0.9354838709677419,15,counters_only,False,True,False,5,5,2,742791,True,True,True,
week10_contamination_full_20260728,nested_valid_n32_001,4,nested_valid,32,,c4ce843cb915959f6acab25ba8a3acf43bee7a477a9a8b49500ec9d597b318f8,14,nested_heavy_valid,16,15,31,1,1,29,0.9354838709677419,15,minimal,False,False,False,5,5,3,643292,True,True,True,
week10_contamination_full_20260728,nested_valid_n32_001,4,nested_valid,32,,c4ce843cb915959f6acab25ba8a3acf43bee7a477a9a8b49500ec9d597b318f8,14,nested_heavy_valid,16,15,31,1,1,29,0.9354838709677419,15,checked,True,True,True,5,5,4,738333,True,True,True,
week10_contamination_full_20260728,nested_valid_n32_001,4,nested_valid,32,,c4ce843cb915959f6acab25ba8a3acf43bee7a477a9a8b49500ec9d597b318f8,14,nested_heavy_valid,16,15,31,1,1,29,0.9354838709677419,15,instrumented,True,True,False,5,5,5,715917,True,True,True,
week10_contamination_full_20260728,nested_valid_n32_001,4,nested_valid,32,,c4ce843cb915959f6acab25ba8a3acf43bee7a477a9a8b49500ec9d597b318f8,14,nested_heavy_valid,16,15,31,1,1,29,0.9354838709677419,15,counters_only,False,True,False,6,6,1,639667,True,True,True,
week10_contamination_full_20260728,nested_valid_n32_001,4,nested_valid,32,,c4ce843cb915959f6acab25ba8a3acf43bee7a477a9a8b49500ec9d597b318f8,14,nested_heavy_valid,16,15,31,1,1,29,0.9354838709677419,15,minimal,False,False,False,6,6,2,646958,True,True,True,
week10_contamination_full_20260728,nested_valid_n32_001,4,nested_valid,32,,c4ce843cb915959f6acab25ba8a3acf43bee7a477a9a8b49500ec9d597b318f8,14,nested_heavy_valid,16,15,31,1,1,29,0.9354838709677419,15,checked,True,True,True,6,6,3,725917,True,True,True,
week10_contamination_full_20260728,nested_valid_n32_001,4,nested_valid,32,,c4ce843cb915959f6acab25ba8a3acf43bee7a477a9a8b49500ec9d597b318f8,14,nested_heavy_valid,16,15,31,1,1,29,0.9354838709677419,15,instrumented,True,True,False,6,6,4,715667,True,True,True,
week10_contamination_full_20260728,nested_valid_n32_001,4,nested_valid,32,,c4ce843cb915959f6acab25ba8a3acf43bee7a477a9a8b49500ec9d597b318f8,14,nested_heavy_valid,16,15,31,1,1,29,0.9354838709677419,15,trace_only,True,False,False,6,6,5,705291,True,True,True,
week10_contamination_full_20260728,nested_valid_n32_001,4,nested_valid,32,,c4ce843cb915959f6acab25ba8a3acf43bee7a477a9a8b49500ec9d597b318f8,14,nested_heavy_valid,16,15,31,1,1,29,0.9354838709677419,15,minimal,False,False,False,7,7,1,629583,True,True,True,
week10_contamination_full_20260728,nested_valid_n32_001,4,nested_valid,32,,c4ce843cb915959f6acab25ba8a3acf43bee7a477a9a8b49500ec9d597b318f8,14,nested_heavy_valid,16,15,31,1,1,29,0.9354838709677419,15,checked,True,True,True,7,7,2,734583,True,True,True,
week10_contamination_full_20260728,nested_valid_n32_001,4,nested_valid,32,,c4ce843cb915959f6acab25ba8a3acf43bee7a477a9a8b49500ec9d597b318f8,14,nested_heavy_valid,16,15,31,1,1,29,0.9354838709677419,15,instrumented,True,True,False,7,7,3,715334,True,True,True,
week10_contamination_full_20260728,nested_valid_n32_001,4,nested_valid,32,,c4ce843cb915959f6acab25ba8a3acf43bee7a477a9a8b49500ec9d597b318f8,14,nested_heavy_valid,16,15,31,1,1,29,0.9354838709677419,15,trace_only,True,False,False,7,7,4,701208,True,True,True,
week10_contamination_full_20260728,nested_valid_n32_001,4,nested_valid,32,,c4ce843cb915959f6acab25ba8a3acf43bee7a477a9a8b49500ec9d597b318f8,14,nested_heavy_valid,16,15,31,1,1,29,0.9354838709677419,15,counters_only,False,True,False,7,7,5,635625,True,True,True,
week10_contamination_full_20260728,nested_valid_n32_001,4,nested_valid,32,,c4ce843cb915959f6acab25ba8a3acf43bee7a477a9a8b49500ec9d597b318f8,14,nested_heavy_valid,16,15,31,1,1,29,0.9354838709677419,15,checked,True,True,True,8,8,1,725334,True,True,True,
week10_contamination_full_20260728,nested_valid_n32_001,4,nested_valid,32,,c4ce843cb915959f6acab25ba8a3acf43bee7a477a9a8b49500ec9d597b318f8,14,nested_heavy_valid,16,15,31,1,1,29,0.9354838709677419,15,instrumented,True,True,False,8,8,2,716500,True,True,True,
week10_contamination_full_20260728,nested_valid_n32_001,4,nested_valid,32,,c4ce843cb915959f6acab25ba8a3acf43bee7a477a9a8b49500ec9d597b318f8,14,nested_heavy_valid,16,15,31,1,1,29,0.9354838709677419,15,trace_only,True,False,False,8,8,3,701833,True,True,True,
week10_contamination_full_20260728,nested_valid_n32_001,4,nested_valid,32,,c4ce843cb915959f6acab25ba8a3acf43bee7a477a9a8b49500ec9d597b318f8,14,nested_heavy_valid,16,15,31,1,1,29,0.9354838709677419,15,counters_only,False,True,False,8,8,4,638959,True,True,True,
week10_contamination_full_20260728,nested_valid_n32_001,4,nested_valid,32,,c4ce843cb915959f6acab25ba8a3acf43bee7a477a9a8b49500ec9d597b318f8,14,nested_heavy_valid,16,15,31,1,1,29,0.9354838709677419,15,minimal,False,False,False,8,8,5,633291,True,True,True,
week10_contamination_full_20260728,nested_valid_n32_001,4,nested_valid,32,,c4ce843cb915959f6acab25ba8a3acf43bee7a477a9a8b49500ec9d597b318f8,14,nested_heavy_valid,16,15,31,1,1,29,0.9354838709677419,15,instrumented,True,True,False,9,9,1,732625,True,True,True,
week10_contamination_full_20260728,nested_valid_n32_001,4,nested_valid,32,,c4ce843cb915959f6acab25ba8a3acf43bee7a477a9a8b49500ec9d597b318f8,14,nested_heavy_valid,16,15,31,1,1,29,0.9354838709677419,15,trace_only,True,False,False,9,9,2,716750,True,True,True,
week10_contamination_full_20260728,nested_valid_n32_001,4,nested_valid,32,,c4ce843cb915959f6acab25ba8a3acf43bee7a477a9a8b49500ec9d597b318f8,14,nested_heavy_valid,16,15,31,1,1,29,0.9354838709677419,15,counters_only,False,True,False,9,9,3,655166,True,True,True,
week10_contamination_full_20260728,nested_valid_n32_001,4,nested_valid,32,,c4ce843cb915959f6acab25ba8a3acf43bee7a477a9a8b49500ec9d597b318f8,14,nested_heavy_valid,16,15,31,1,1,29,0.9354838709677419,15,minimal,False,False,False,9,9,4,644792,True,True,True,
week10_contamination_full_20260728,nested_valid_n32_001,4,nested_valid,32,,c4ce843cb915959f6acab25ba8a3acf43bee7a477a9a8b49500ec9d597b318f8,14,nested_heavy_valid,16,15,31,1,1,29,0.9354838709677419,15,checked,True,True,True,9,9,5,741042,True,True,True,
week10_contamination_full_20260728,nested_valid_n32_001,4,nested_valid,32,,c4ce843cb915959f6acab25ba8a3acf43bee7a477a9a8b49500ec9d597b318f8,14,nested_heavy_valid,16,15,31,1,1,29,0.9354838709677419,15,trace_only,True,False,False,10,10,1,780334,True,True,True,
week10_contamination_full_20260728,nested_valid_n32_001,4,nested_valid,32,,c4ce843cb915959f6acab25ba8a3acf43bee7a477a9a8b49500ec9d597b318f8,14,nested_heavy_valid,16,15,31,1,1,29,0.9354838709677419,15,counters_only,False,True,False,10,10,2,649291,True,True,True,
week10_contamination_full_20260728,nested_valid_n32_001,4,nested_valid,32,,c4ce843cb915959f6acab25ba8a3acf43bee7a477a9a8b49500ec9d597b318f8,14,nested_heavy_valid,16,15,31,1,1,29,0.9354838709677419,15,minimal,False,False,False,10,10,3,632334,True,True,True,
week10_contamination_full_20260728,nested_valid_n32_001,4,nested_valid,32,,c4ce843cb915959f6acab25ba8a3acf43bee7a477a9a8b49500ec9d597b318f8,14,nested_heavy_valid,16,15,31,1,1,29,0.9354838709677419,15,checked,True,True,True,10,10,4,725750,True,True,True,
week10_contamination_full_20260728,nested_valid_n32_001,4,nested_valid,32,,c4ce843cb915959f6acab25ba8a3acf43bee7a477a9a8b49500ec9d597b318f8,14,nested_heavy_valid,16,15,31,1,1,29,0.9354838709677419,15,instrumented,True,True,False,10,10,5,718375,True,True,True,
week10_contamination_full_20260728,nested_valid_n32_001,4,nested_valid,32,,c4ce843cb915959f6acab25ba8a3acf43bee7a477a9a8b49500ec9d597b318f8,14,nested_heavy_valid,16,15,31,1,1,29,0.9354838709677419,15,counters_only,False,True,False,11,11,1,652042,True,True,True,
week10_contamination_full_20260728,nested_valid_n32_001,4,nested_valid,32,,c4ce843cb915959f6acab25ba8a3acf43bee7a477a9a8b49500ec9d597b318f8,14,nested_heavy_valid,16,15,31,1,1,29,0.9354838709677419,15,minimal,False,False,False,11,11,2,641292,True,True,True,
week10_contamination_full_20260728,nested_valid_n32_001,4,nested_valid,32,,c4ce843cb915959f6acab25ba8a3acf43bee7a477a9a8b49500ec9d597b318f8,14,nested_heavy_valid,16,15,31,1,1,29,0.9354838709677419,15,checked,True,True,True,11,11,3,728417,True,True,True,
week10_contamination_full_20260728,nested_valid_n32_001,4,nested_valid,32,,c4ce843cb915959f6acab25ba8a3acf43bee7a477a9a8b49500ec9d597b318f8,14,nested_heavy_valid,16,15,31,1,1,29,0.9354838709677419,15,instrumented,True,True,False,11,11,4,719584,True,True,True,
week10_contamination_full_20260728,nested_valid_n32_001,4,nested_valid,32,,c4ce843cb915959f6acab25ba8a3acf43bee7a477a9a8b49500ec9d597b318f8,14,nested_heavy_valid,16,15,31,1,1,29,0.9354838709677419,15,trace_only,True,False,False,11,11,5,703542,True,True,True,
week10_contamination_full_20260728,nested_valid_n32_001,4,nested_valid,32,,c4ce843cb915959f6acab25ba8a3acf43bee7a477a9a8b49500ec9d597b318f8,14,nested_heavy_valid,16,15,31,1,1,29,0.9354838709677419,15,minimal,False,False,False,12,12,1,649916,True,True,True,
week10_contamination_full_20260728,nested_valid_n32_001,4,nested_valid,32,,c4ce843cb915959f6acab25ba8a3acf43bee7a477a9a8b49500ec9d597b318f8,14,nested_heavy_valid,16,15,31,1,1,29,0.9354838709677419,15,checked,True,True,True,12,12,2,723333,True,True,True,
week10_contamination_full_20260728,nested_valid_n32_001,4,nested_valid,32,,c4ce843cb915959f6acab25ba8a3acf43bee7a477a9a8b49500ec9d597b318f8,14,nested_heavy_valid,16,15,31,1,1,29,0.9354838709677419,15,instrumented,True,True,False,12,12,3,714541,True,True,True,
week10_contamination_full_20260728,nested_valid_n32_001,4,nested_valid,32,,c4ce843cb915959f6acab25ba8a3acf43bee7a477a9a8b49500ec9d597b318f8,14,nested_heavy_valid,16,15,31,1,1,29,0.9354838709677419,15,trace_only,True,False,False,12,12,4,703500,True,True,True,
week10_contamination_full_20260728,nested_valid_n32_001,4,nested_valid,32,,c4ce843cb915959f6acab25ba8a3acf43bee7a477a9a8b49500ec9d597b318f8,14,nested_heavy_valid,16,15,31,1,1,29,0.9354838709677419,15,counters_only,False,True,False,12,12,5,642000,True,True,True,
week10_contamination_full_20260728,nested_valid_n32_001,4,nested_valid,32,,c4ce843cb915959f6acab25ba8a3acf43bee7a477a9a8b49500ec9d597b318f8,14,nested_heavy_valid,16,15,31,1,1,29,0.9354838709677419,15,checked,True,True,True,13,13,1,725208,True,True,True,
week10_contamination_full_20260728,nested_valid_n32_001,4,nested_valid,32,,c4ce843cb915959f6acab25ba8a3acf43bee7a477a9a8b49500ec9d597b318f8,14,nested_heavy_valid,16,15,31,1,1,29,0.9354838709677419,15,instrumented,True,True,False,13,13,2,715959,True,True,True,
week10_contamination_full_20260728,nested_valid_n32_001,4,nested_valid,32,,c4ce843cb915959f6acab25ba8a3acf43bee7a477a9a8b49500ec9d597b318f8,14,nested_heavy_valid,16,15,31,1,1,29,0.9354838709677419,15,trace_only,True,False,False,13,13,3,700541,True,True,True,
week10_contamination_full_20260728,nested_valid_n32_001,4,nested_valid,32,,c4ce843cb915959f6acab25ba8a3acf43bee7a477a9a8b49500ec9d597b318f8,14,nested_heavy_valid,16,15,31,1,1,29,0.9354838709677419,15,counters_only,False,True,False,13,13,4,638667,True,True,True,
week10_contamination_full_20260728,nested_valid_n32_001,4,nested_valid,32,,c4ce843cb915959f6acab25ba8a3acf43bee7a477a9a8b49500ec9d597b318f8,14,nested_heavy_valid,16,15,31,1,1,29,0.9354838709677419,15,minimal,False,False,False,13,13,5,652833,True,True,True,
week10_contamination_full_20260728,nested_valid_n32_001,4,nested_valid,32,,c4ce843cb915959f6acab25ba8a3acf43bee7a477a9a8b49500ec9d597b318f8,14,nested_heavy_valid,16,15,31,1,1,29,0.9354838709677419,15,instrumented,True,True,False,14,14,1,717459,True,True,True,
week10_contamination_full_20260728,nested_valid_n32_001,4,nested_valid,32,,c4ce843cb915959f6acab25ba8a3acf43bee7a477a9a8b49500ec9d597b318f8,14,nested_heavy_valid,16,15,31,1,1,29,0.9354838709677419,15,trace_only,True,False,False,14,14,2,731584,True,True,True,
week10_contamination_full_20260728,nested_valid_n32_001,4,nested_valid,32,,c4ce843cb915959f6acab25ba8a3acf43bee7a477a9a8b49500ec9d597b318f8,14,nested_heavy_valid,16,15,31,1,1,29,0.9354838709677419,15,counters_only,False,True,False,14,14,3,644209,True,True,True,
week10_contamination_full_20260728,nested_valid_n32_001,4,nested_valid,32,,c4ce843cb915959f6acab25ba8a3acf43bee7a477a9a8b49500ec9d597b318f8,14,nested_heavy_valid,16,15,31,1,1,29,0.9354838709677419,15,minimal,False,False,False,14,14,4,663000,True,True,True,
week10_contamination_full_20260728,nested_valid_n32_001,4,nested_valid,32,,c4ce843cb915959f6acab25ba8a3acf43bee7a477a9a8b49500ec9d597b318f8,14,nested_heavy_valid,16,15,31,1,1,29,0.9354838709677419,15,checked,True,True,True,14,14,5,761000,True,True,True,
week10_contamination_full_20260728,nested_valid_n32_001,4,nested_valid,32,,c4ce843cb915959f6acab25ba8a3acf43bee7a477a9a8b49500ec9d597b318f8,14,nested_heavy_valid,16,15,31,1,1,29,0.9354838709677419,15,trace_only,True,False,False,15,15,1,710875,True,True,True,
week10_contamination_full_20260728,nested_valid_n32_001,4,nested_valid,32,,c4ce843cb915959f6acab25ba8a3acf43bee7a477a9a8b49500ec9d597b318f8,14,nested_heavy_valid,16,15,31,1,1,29,0.9354838709677419,15,counters_only,False,True,False,15,15,2,642750,True,True,True,
week10_contamination_full_20260728,nested_valid_n32_001,4,nested_valid,32,,c4ce843cb915959f6acab25ba8a3acf43bee7a477a9a8b49500ec9d597b318f8,14,nested_heavy_valid,16,15,31,1,1,29,0.9354838709677419,15,minimal,False,False,False,15,15,3,618166,True,True,True,
week10_contamination_full_20260728,nested_valid_n32_001,4,nested_valid,32,,c4ce843cb915959f6acab25ba8a3acf43bee7a477a9a8b49500ec9d597b318f8,14,nested_heavy_valid,16,15,31,1,1,29,0.9354838709677419,15,checked,True,True,True,15,15,4,713083,True,True,True,
week10_contamination_full_20260728,nested_valid_n32_001,4,nested_valid,32,,c4ce843cb915959f6acab25ba8a3acf43bee7a477a9a8b49500ec9d597b318f8,14,nested_heavy_valid,16,15,31,1,1,29,0.9354838709677419,15,instrumented,True,True,False,15,15,5,705167,True,True,True,
week10_contamination_full_20260728,flat_valid_n64_001,1,flat_valid,64,,083f2c24bd07c07802ed045dbd299caf03100e9506df8a8cae0aac89a6a32511,15,strict_flat,32,31,63,32,31,0,0.0,0,instrumented,True,True,False,1,1,1,1346042,True,True,True,
week10_contamination_full_20260728,flat_valid_n64_001,1,flat_valid,64,,083f2c24bd07c07802ed045dbd299caf03100e9506df8a8cae0aac89a6a32511,15,strict_flat,32,31,63,32,31,0,0.0,0,trace_only,True,False,False,1,1,2,1265750,True,True,True,
week10_contamination_full_20260728,flat_valid_n64_001,1,flat_valid,64,,083f2c24bd07c07802ed045dbd299caf03100e9506df8a8cae0aac89a6a32511,15,strict_flat,32,31,63,32,31,0,0.0,0,counters_only,False,True,False,1,1,3,1133833,True,True,True,
week10_contamination_full_20260728,flat_valid_n64_001,1,flat_valid,64,,083f2c24bd07c07802ed045dbd299caf03100e9506df8a8cae0aac89a6a32511,15,strict_flat,32,31,63,32,31,0,0.0,0,minimal,False,False,False,1,1,4,1115958,True,True,True,
week10_contamination_full_20260728,flat_valid_n64_001,1,flat_valid,64,,083f2c24bd07c07802ed045dbd299caf03100e9506df8a8cae0aac89a6a32511,15,strict_flat,32,31,63,32,31,0,0.0,0,checked,True,True,True,1,1,5,1309625,True,True,True,
week10_contamination_full_20260728,flat_valid_n64_001,1,flat_valid,64,,083f2c24bd07c07802ed045dbd299caf03100e9506df8a8cae0aac89a6a32511,15,strict_flat,32,31,63,32,31,0,0.0,0,trace_only,True,False,False,2,2,1,1304167,True,True,True,
week10_contamination_full_20260728,flat_valid_n64_001,1,flat_valid,64,,083f2c24bd07c07802ed045dbd299caf03100e9506df8a8cae0aac89a6a32511,15,strict_flat,32,31,63,32,31,0,0.0,0,counters_only,False,True,False,2,2,2,1135958,True,True,True,
week10_contamination_full_20260728,flat_valid_n64_001,1,flat_valid,64,,083f2c24bd07c07802ed045dbd299caf03100e9506df8a8cae0aac89a6a32511,15,strict_flat,32,31,63,32,31,0,0.0,0,minimal,False,False,False,2,2,3,1130041,True,True,True,
week10_contamination_full_20260728,flat_valid_n64_001,1,flat_valid,64,,083f2c24bd07c07802ed045dbd299caf03100e9506df8a8cae0aac89a6a32511,15,strict_flat,32,31,63,32,31,0,0.0,0,checked,True,True,True,2,2,4,1431792,True,True,True,
week10_contamination_full_20260728,flat_valid_n64_001,1,flat_valid,64,,083f2c24bd07c07802ed045dbd299caf03100e9506df8a8cae0aac89a6a32511,15,strict_flat,32,31,63,32,31,0,0.0,0,instrumented,True,True,False,2,2,5,1326208,True,True,True,
week10_contamination_full_20260728,flat_valid_n64_001,1,flat_valid,64,,083f2c24bd07c07802ed045dbd299caf03100e9506df8a8cae0aac89a6a32511,15,strict_flat,32,31,63,32,31,0,0.0,0,counters_only,False,True,False,3,3,1,1153875,True,True,True,
week10_contamination_full_20260728,flat_valid_n64_001,1,flat_valid,64,,083f2c24bd07c07802ed045dbd299caf03100e9506df8a8cae0aac89a6a32511,15,strict_flat,32,31,63,32,31,0,0.0,0,minimal,False,False,False,3,3,2,1120833,True,True,True,
week10_contamination_full_20260728,flat_valid_n64_001,1,flat_valid,64,,083f2c24bd07c07802ed045dbd299caf03100e9506df8a8cae0aac89a6a32511,15,strict_flat,32,31,63,32,31,0,0.0,0,checked,True,True,True,3,3,3,1304875,True,True,True,
week10_contamination_full_20260728,flat_valid_n64_001,1,flat_valid,64,,083f2c24bd07c07802ed045dbd299caf03100e9506df8a8cae0aac89a6a32511,15,strict_flat,32,31,63,32,31,0,0.0,0,instrumented,True,True,False,3,3,4,1328917,True,True,True,
week10_contamination_full_20260728,flat_valid_n64_001,1,flat_valid,64,,083f2c24bd07c07802ed045dbd299caf03100e9506df8a8cae0aac89a6a32511,15,strict_flat,32,31,63,32,31,0,0.0,0,trace_only,True,False,False,3,3,5,1269375,True,True,True,
week10_contamination_full_20260728,flat_valid_n64_001,1,flat_valid,64,,083f2c24bd07c07802ed045dbd299caf03100e9506df8a8cae0aac89a6a32511,15,strict_flat,32,31,63,32,31,0,0.0,0,minimal,False,False,False,4,4,1,1118125,True,True,True,
week10_contamination_full_20260728,flat_valid_n64_001,1,flat_valid,64,,083f2c24bd07c07802ed045dbd299caf03100e9506df8a8cae0aac89a6a32511,15,strict_flat,32,31,63,32,31,0,0.0,0,checked,True,True,True,4,4,2,1310084,True,True,True,
week10_contamination_full_20260728,flat_valid_n64_001,1,flat_valid,64,,083f2c24bd07c07802ed045dbd299caf03100e9506df8a8cae0aac89a6a32511,15,strict_flat,32,31,63,32,31,0,0.0,0,instrumented,True,True,False,4,4,3,1292709,True,True,True,
week10_contamination_full_20260728,flat_valid_n64_001,1,flat_valid,64,,083f2c24bd07c07802ed045dbd299caf03100e9506df8a8cae0aac89a6a32511,15,strict_flat,32,31,63,32,31,0,0.0,0,trace_only,True,False,False,4,4,4,1266333,True,True,True,
week10_contamination_full_20260728,flat_valid_n64_001,1,flat_valid,64,,083f2c24bd07c07802ed045dbd299caf03100e9506df8a8cae0aac89a6a32511,15,strict_flat,32,31,63,32,31,0,0.0,0,counters_only,False,True,False,4,4,5,1179084,True,True,True,
week10_contamination_full_20260728,flat_valid_n64_001,1,flat_valid,64,,083f2c24bd07c07802ed045dbd299caf03100e9506df8a8cae0aac89a6a32511,15,strict_flat,32,31,63,32,31,0,0.0,0,checked,True,True,True,5,5,1,1303125,True,True,True,
week10_contamination_full_20260728,flat_valid_n64_001,1,flat_valid,64,,083f2c24bd07c07802ed045dbd299caf03100e9506df8a8cae0aac89a6a32511,15,strict_flat,32,31,63,32,31,0,0.0,0,instrumented,True,True,False,5,5,2,1454667,True,True,True,
week10_contamination_full_20260728,flat_valid_n64_001,1,flat_valid,64,,083f2c24bd07c07802ed045dbd299caf03100e9506df8a8cae0aac89a6a32511,15,strict_flat,32,31,63,32,31,0,0.0,0,trace_only,True,False,False,5,5,3,1310416,True,True,True,
week10_contamination_full_20260728,flat_valid_n64_001,1,flat_valid,64,,083f2c24bd07c07802ed045dbd299caf03100e9506df8a8cae0aac89a6a32511,15,strict_flat,32,31,63,32,31,0,0.0,0,counters_only,False,True,False,5,5,4,1133042,True,True,True,
week10_contamination_full_20260728,flat_valid_n64_001,1,flat_valid,64,,083f2c24bd07c07802ed045dbd299caf03100e9506df8a8cae0aac89a6a32511,15,strict_flat,32,31,63,32,31,0,0.0,0,minimal,False,False,False,5,5,5,1152750,True,True,True,
week10_contamination_full_20260728,flat_valid_n64_001,1,flat_valid,64,,083f2c24bd07c07802ed045dbd299caf03100e9506df8a8cae0aac89a6a32511,15,strict_flat,32,31,63,32,31,0,0.0,0,instrumented,True,True,False,6,6,1,1321667,True,True,True,
week10_contamination_full_20260728,flat_valid_n64_001,1,flat_valid,64,,083f2c24bd07c07802ed045dbd299caf03100e9506df8a8cae0aac89a6a32511,15,strict_flat,32,31,63,32,31,0,0.0,0,trace_only,True,False,False,6,6,2,1283541,True,True,True,
week10_contamination_full_20260728,flat_valid_n64_001,1,flat_valid,64,,083f2c24bd07c07802ed045dbd299caf03100e9506df8a8cae0aac89a6a32511,15,strict_flat,32,31,63,32,31,0,0.0,0,counters_only,False,True,False,6,6,3,1131542,True,True,True,
week10_contamination_full_20260728,flat_valid_n64_001,1,flat_valid,64,,083f2c24bd07c07802ed045dbd299caf03100e9506df8a8cae0aac89a6a32511,15,strict_flat,32,31,63,32,31,0,0.0,0,minimal,False,False,False,6,6,4,1116583,True,True,True,
week10_contamination_full_20260728,flat_valid_n64_001,1,flat_valid,64,,083f2c24bd07c07802ed045dbd299caf03100e9506df8a8cae0aac89a6a32511,15,strict_flat,32,31,63,32,31,0,0.0,0,checked,True,True,True,6,6,5,1313958,True,True,True,
week10_contamination_full_20260728,flat_valid_n64_001,1,flat_valid,64,,083f2c24bd07c07802ed045dbd299caf03100e9506df8a8cae0aac89a6a32511,15,strict_flat,32,31,63,32,31,0,0.0,0,trace_only,True,False,False,7,7,1,1270792,True,True,True,
week10_contamination_full_20260728,flat_valid_n64_001,1,flat_valid,64,,083f2c24bd07c07802ed045dbd299caf03100e9506df8a8cae0aac89a6a32511,15,strict_flat,32,31,63,32,31,0,0.0,0,counters_only,False,True,False,7,7,2,1127959,True,True,True,
week10_contamination_full_20260728,flat_valid_n64_001,1,flat_valid,64,,083f2c24bd07c07802ed045dbd299caf03100e9506df8a8cae0aac89a6a32511,15,strict_flat,32,31,63,32,31,0,0.0,0,minimal,False,False,False,7,7,3,1134375,True,True,True,
week10_contamination_full_20260728,flat_valid_n64_001,1,flat_valid,64,,083f2c24bd07c07802ed045dbd299caf03100e9506df8a8cae0aac89a6a32511,15,strict_flat,32,31,63,32,31,0,0.0,0,checked,True,True,True,7,7,4,1343250,True,True,True,
week10_contamination_full_20260728,flat_valid_n64_001,1,flat_valid,64,,083f2c24bd07c07802ed045dbd299caf03100e9506df8a8cae0aac89a6a32511,15,strict_flat,32,31,63,32,31,0,0.0,0,instrumented,True,True,False,7,7,5,1382541,True,True,True,
week10_contamination_full_20260728,flat_valid_n64_001,1,flat_valid,64,,083f2c24bd07c07802ed045dbd299caf03100e9506df8a8cae0aac89a6a32511,15,strict_flat,32,31,63,32,31,0,0.0,0,counters_only,False,True,False,8,8,1,1138125,True,True,True,
week10_contamination_full_20260728,flat_valid_n64_001,1,flat_valid,64,,083f2c24bd07c07802ed045dbd299caf03100e9506df8a8cae0aac89a6a32511,15,strict_flat,32,31,63,32,31,0,0.0,0,minimal,False,False,False,8,8,2,1118500,True,True,True,
week10_contamination_full_20260728,flat_valid_n64_001,1,flat_valid,64,,083f2c24bd07c07802ed045dbd299caf03100e9506df8a8cae0aac89a6a32511,15,strict_flat,32,31,63,32,31,0,0.0,0,checked,True,True,True,8,8,3,1308208,True,True,True,
week10_contamination_full_20260728,flat_valid_n64_001,1,flat_valid,64,,083f2c24bd07c07802ed045dbd299caf03100e9506df8a8cae0aac89a6a32511,15,strict_flat,32,31,63,32,31,0,0.0,0,instrumented,True,True,False,8,8,4,1326375,True,True,True,
week10_contamination_full_20260728,flat_valid_n64_001,1,flat_valid,64,,083f2c24bd07c07802ed045dbd299caf03100e9506df8a8cae0aac89a6a32511,15,strict_flat,32,31,63,32,31,0,0.0,0,trace_only,True,False,False,8,8,5,1268583,True,True,True,
week10_contamination_full_20260728,flat_valid_n64_001,1,flat_valid,64,,083f2c24bd07c07802ed045dbd299caf03100e9506df8a8cae0aac89a6a32511,15,strict_flat,32,31,63,32,31,0,0.0,0,minimal,False,False,False,9,9,1,1136250,True,True,True,
week10_contamination_full_20260728,flat_valid_n64_001,1,flat_valid,64,,083f2c24bd07c07802ed045dbd299caf03100e9506df8a8cae0aac89a6a32511,15,strict_flat,32,31,63,32,31,0,0.0,0,checked,True,True,True,9,9,2,1304500,True,True,True,
week10_contamination_full_20260728,flat_valid_n64_001,1,flat_valid,64,,083f2c24bd07c07802ed045dbd299caf03100e9506df8a8cae0aac89a6a32511,15,strict_flat,32,31,63,32,31,0,0.0,0,instrumented,True,True,False,9,9,3,1294625,True,True,True,
week10_contamination_full_20260728,flat_valid_n64_001,1,flat_valid,64,,083f2c24bd07c07802ed045dbd299caf03100e9506df8a8cae0aac89a6a32511,15,strict_flat,32,31,63,32,31,0,0.0,0,trace_only,True,False,False,9,9,4,1270000,True,True,True,
week10_contamination_full_20260728,flat_valid_n64_001,1,flat_valid,64,,083f2c24bd07c07802ed045dbd299caf03100e9506df8a8cae0aac89a6a32511,15,strict_flat,32,31,63,32,31,0,0.0,0,counters_only,False,True,False,9,9,5,1133333,True,True,True,
week10_contamination_full_20260728,flat_valid_n64_001,1,flat_valid,64,,083f2c24bd07c07802ed045dbd299caf03100e9506df8a8cae0aac89a6a32511,15,strict_flat,32,31,63,32,31,0,0.0,0,checked,True,True,True,10,10,1,1326084,True,True,True,
week10_contamination_full_20260728,flat_valid_n64_001,1,flat_valid,64,,083f2c24bd07c07802ed045dbd299caf03100e9506df8a8cae0aac89a6a32511,15,strict_flat,32,31,63,32,31,0,0.0,0,instrumented,True,True,False,10,10,2,1317208,True,True,True,
week10_contamination_full_20260728,flat_valid_n64_001,1,flat_valid,64,,083f2c24bd07c07802ed045dbd299caf03100e9506df8a8cae0aac89a6a32511,15,strict_flat,32,31,63,32,31,0,0.0,0,trace_only,True,False,False,10,10,3,1395459,True,True,True,
week10_contamination_full_20260728,flat_valid_n64_001,1,flat_valid,64,,083f2c24bd07c07802ed045dbd299caf03100e9506df8a8cae0aac89a6a32511,15,strict_flat,32,31,63,32,31,0,0.0,0,counters_only,False,True,False,10,10,4,1141792,True,True,True,
week10_contamination_full_20260728,flat_valid_n64_001,1,flat_valid,64,,083f2c24bd07c07802ed045dbd299caf03100e9506df8a8cae0aac89a6a32511,15,strict_flat,32,31,63,32,31,0,0.0,0,minimal,False,False,False,10,10,5,1122042,True,True,True,
week10_contamination_full_20260728,flat_valid_n64_001,1,flat_valid,64,,083f2c24bd07c07802ed045dbd299caf03100e9506df8a8cae0aac89a6a32511,15,strict_flat,32,31,63,32,31,0,0.0,0,instrumented,True,True,False,11,11,1,1303125,True,True,True,
week10_contamination_full_20260728,flat_valid_n64_001,1,flat_valid,64,,083f2c24bd07c07802ed045dbd299caf03100e9506df8a8cae0aac89a6a32511,15,strict_flat,32,31,63,32,31,0,0.0,0,trace_only,True,False,False,11,11,2,1287875,True,True,True,
week10_contamination_full_20260728,flat_valid_n64_001,1,flat_valid,64,,083f2c24bd07c07802ed045dbd299caf03100e9506df8a8cae0aac89a6a32511,15,strict_flat,32,31,63,32,31,0,0.0,0,counters_only,False,True,False,11,11,3,1134750,True,True,True,
week10_contamination_full_20260728,flat_valid_n64_001,1,flat_valid,64,,083f2c24bd07c07802ed045dbd299caf03100e9506df8a8cae0aac89a6a32511,15,strict_flat,32,31,63,32,31,0,0.0,0,minimal,False,False,False,11,11,4,1131792,True,True,True,
week10_contamination_full_20260728,flat_valid_n64_001,1,flat_valid,64,,083f2c24bd07c07802ed045dbd299caf03100e9506df8a8cae0aac89a6a32511,15,strict_flat,32,31,63,32,31,0,0.0,0,checked,True,True,True,11,11,5,1311375,True,True,True,
week10_contamination_full_20260728,flat_valid_n64_001,1,flat_valid,64,,083f2c24bd07c07802ed045dbd299caf03100e9506df8a8cae0aac89a6a32511,15,strict_flat,32,31,63,32,31,0,0.0,0,trace_only,True,False,False,12,12,1,1272875,True,True,True,
week10_contamination_full_20260728,flat_valid_n64_001,1,flat_valid,64,,083f2c24bd07c07802ed045dbd299caf03100e9506df8a8cae0aac89a6a32511,15,strict_flat,32,31,63,32,31,0,0.0,0,counters_only,False,True,False,12,12,2,1132209,True,True,True,
week10_contamination_full_20260728,flat_valid_n64_001,1,flat_valid,64,,083f2c24bd07c07802ed045dbd299caf03100e9506df8a8cae0aac89a6a32511,15,strict_flat,32,31,63,32,31,0,0.0,0,minimal,False,False,False,12,12,3,1114667,True,True,True,
week10_contamination_full_20260728,flat_valid_n64_001,1,flat_valid,64,,083f2c24bd07c07802ed045dbd299caf03100e9506df8a8cae0aac89a6a32511,15,strict_flat,32,31,63,32,31,0,0.0,0,checked,True,True,True,12,12,4,1341708,True,True,True,
week10_contamination_full_20260728,flat_valid_n64_001,1,flat_valid,64,,083f2c24bd07c07802ed045dbd299caf03100e9506df8a8cae0aac89a6a32511,15,strict_flat,32,31,63,32,31,0,0.0,0,instrumented,True,True,False,12,12,5,1338875,True,True,True,
week10_contamination_full_20260728,flat_valid_n64_001,1,flat_valid,64,,083f2c24bd07c07802ed045dbd299caf03100e9506df8a8cae0aac89a6a32511,15,strict_flat,32,31,63,32,31,0,0.0,0,counters_only,False,True,False,13,13,1,1133125,True,True,True,
week10_contamination_full_20260728,flat_valid_n64_001,1,flat_valid,64,,083f2c24bd07c07802ed045dbd299caf03100e9506df8a8cae0aac89a6a32511,15,strict_flat,32,31,63,32,31,0,0.0,0,minimal,False,False,False,13,13,2,1208625,True,True,True,
week10_contamination_full_20260728,flat_valid_n64_001,1,flat_valid,64,,083f2c24bd07c07802ed045dbd299caf03100e9506df8a8cae0aac89a6a32511,15,strict_flat,32,31,63,32,31,0,0.0,0,checked,True,True,True,13,13,3,1312041,True,True,True,
week10_contamination_full_20260728,flat_valid_n64_001,1,flat_valid,64,,083f2c24bd07c07802ed045dbd299caf03100e9506df8a8cae0aac89a6a32511,15,strict_flat,32,31,63,32,31,0,0.0,0,instrumented,True,True,False,13,13,4,1273334,True,True,True,
week10_contamination_full_20260728,flat_valid_n64_001,1,flat_valid,64,,083f2c24bd07c07802ed045dbd299caf03100e9506df8a8cae0aac89a6a32511,15,strict_flat,32,31,63,32,31,0,0.0,0,trace_only,True,False,False,13,13,5,1257166,True,True,True,
week10_contamination_full_20260728,flat_valid_n64_001,1,flat_valid,64,,083f2c24bd07c07802ed045dbd299caf03100e9506df8a8cae0aac89a6a32511,15,strict_flat,32,31,63,32,31,0,0.0,0,minimal,False,False,False,14,14,1,1115792,True,True,True,
week10_contamination_full_20260728,flat_valid_n64_001,1,flat_valid,64,,083f2c24bd07c07802ed045dbd299caf03100e9506df8a8cae0aac89a6a32511,15,strict_flat,32,31,63,32,31,0,0.0,0,checked,True,True,True,14,14,2,1282625,True,True,True,
week10_contamination_full_20260728,flat_valid_n64_001,1,flat_valid,64,,083f2c24bd07c07802ed045dbd299caf03100e9506df8a8cae0aac89a6a32511,15,strict_flat,32,31,63,32,31,0,0.0,0,instrumented,True,True,False,14,14,3,1295583,True,True,True,
week10_contamination_full_20260728,flat_valid_n64_001,1,flat_valid,64,,083f2c24bd07c07802ed045dbd299caf03100e9506df8a8cae0aac89a6a32511,15,strict_flat,32,31,63,32,31,0,0.0,0,trace_only,True,False,False,14,14,4,1264084,True,True,True,
week10_contamination_full_20260728,flat_valid_n64_001,1,flat_valid,64,,083f2c24bd07c07802ed045dbd299caf03100e9506df8a8cae0aac89a6a32511,15,strict_flat,32,31,63,32,31,0,0.0,0,counters_only,False,True,False,14,14,5,1135959,True,True,True,
week10_contamination_full_20260728,flat_valid_n64_001,1,flat_valid,64,,083f2c24bd07c07802ed045dbd299caf03100e9506df8a8cae0aac89a6a32511,15,strict_flat,32,31,63,32,31,0,0.0,0,checked,True,True,True,15,15,1,1306917,True,True,True,
week10_contamination_full_20260728,flat_valid_n64_001,1,flat_valid,64,,083f2c24bd07c07802ed045dbd299caf03100e9506df8a8cae0aac89a6a32511,15,strict_flat,32,31,63,32,31,0,0.0,0,instrumented,True,True,False,15,15,2,1306542,True,True,True,
week10_contamination_full_20260728,flat_valid_n64_001,1,flat_valid,64,,083f2c24bd07c07802ed045dbd299caf03100e9506df8a8cae0aac89a6a32511,15,strict_flat,32,31,63,32,31,0,0.0,0,trace_only,True,False,False,15,15,3,1309583,True,True,True,
week10_contamination_full_20260728,flat_valid_n64_001,1,flat_valid,64,,083f2c24bd07c07802ed045dbd299caf03100e9506df8a8cae0aac89a6a32511,15,strict_flat,32,31,63,32,31,0,0.0,0,counters_only,False,True,False,15,15,4,1134625,True,True,True,
week10_contamination_full_20260728,flat_valid_n64_001,1,flat_valid,64,,083f2c24bd07c07802ed045dbd299caf03100e9506df8a8cae0aac89a6a32511,15,strict_flat,32,31,63,32,31,0,0.0,0,minimal,False,False,False,15,15,5,1206917,True,True,True,
week10_contamination_full_20260728,nested_valid_n64_001,5,nested_valid,64,,ea059a873c98f3c61b9df811763c08bfca2290d8372a4983505916ba09df8e37,16,nested_heavy_valid,32,31,63,1,1,61,0.9682539682539683,31,counters_only,False,True,False,1,1,1,1424000,True,True,True,
week10_contamination_full_20260728,nested_valid_n64_001,5,nested_valid,64,,ea059a873c98f3c61b9df811763c08bfca2290d8372a4983505916ba09df8e37,16,nested_heavy_valid,32,31,63,1,1,61,0.9682539682539683,31,trace_only,True,False,False,1,1,2,1558542,True,True,True,
week10_contamination_full_20260728,nested_valid_n64_001,5,nested_valid,64,,ea059a873c98f3c61b9df811763c08bfca2290d8372a4983505916ba09df8e37,16,nested_heavy_valid,32,31,63,1,1,61,0.9682539682539683,31,checked,True,True,True,1,1,3,1601042,True,True,True,
week10_contamination_full_20260728,nested_valid_n64_001,5,nested_valid,64,,ea059a873c98f3c61b9df811763c08bfca2290d8372a4983505916ba09df8e37,16,nested_heavy_valid,32,31,63,1,1,61,0.9682539682539683,31,instrumented,True,True,False,1,1,4,1591792,True,True,True,
week10_contamination_full_20260728,nested_valid_n64_001,5,nested_valid,64,,ea059a873c98f3c61b9df811763c08bfca2290d8372a4983505916ba09df8e37,16,nested_heavy_valid,32,31,63,1,1,61,0.9682539682539683,31,minimal,False,False,False,1,1,5,1453167,True,True,True,
week10_contamination_full_20260728,nested_valid_n64_001,5,nested_valid,64,,ea059a873c98f3c61b9df811763c08bfca2290d8372a4983505916ba09df8e37,16,nested_heavy_valid,32,31,63,1,1,61,0.9682539682539683,31,trace_only,True,False,False,2,2,1,1562083,True,True,True,
week10_contamination_full_20260728,nested_valid_n64_001,5,nested_valid,64,,ea059a873c98f3c61b9df811763c08bfca2290d8372a4983505916ba09df8e37,16,nested_heavy_valid,32,31,63,1,1,61,0.9682539682539683,31,checked,True,True,True,2,2,2,1734250,True,True,True,
week10_contamination_full_20260728,nested_valid_n64_001,5,nested_valid,64,,ea059a873c98f3c61b9df811763c08bfca2290d8372a4983505916ba09df8e37,16,nested_heavy_valid,32,31,63,1,1,61,0.9682539682539683,31,instrumented,True,True,False,2,2,3,1604125,True,True,True,
week10_contamination_full_20260728,nested_valid_n64_001,5,nested_valid,64,,ea059a873c98f3c61b9df811763c08bfca2290d8372a4983505916ba09df8e37,16,nested_heavy_valid,32,31,63,1,1,61,0.9682539682539683,31,minimal,False,False,False,2,2,4,1418958,True,True,True,
week10_contamination_full_20260728,nested_valid_n64_001,5,nested_valid,64,,ea059a873c98f3c61b9df811763c08bfca2290d8372a4983505916ba09df8e37,16,nested_heavy_valid,32,31,63,1,1,61,0.9682539682539683,31,counters_only,False,True,False,2,2,5,1427291,True,True,True,
week10_contamination_full_20260728,nested_valid_n64_001,5,nested_valid,64,,ea059a873c98f3c61b9df811763c08bfca2290d8372a4983505916ba09df8e37,16,nested_heavy_valid,32,31,63,1,1,61,0.9682539682539683,31,checked,True,True,True,3,3,1,1618250,True,True,True,
week10_contamination_full_20260728,nested_valid_n64_001,5,nested_valid,64,,ea059a873c98f3c61b9df811763c08bfca2290d8372a4983505916ba09df8e37,16,nested_heavy_valid,32,31,63,1,1,61,0.9682539682539683,31,instrumented,True,True,False,3,3,2,1589875,True,True,True,
week10_contamination_full_20260728,nested_valid_n64_001,5,nested_valid,64,,ea059a873c98f3c61b9df811763c08bfca2290d8372a4983505916ba09df8e37,16,nested_heavy_valid,32,31,63,1,1,61,0.9682539682539683,31,minimal,False,False,False,3,3,3,1410417,True,True,True,
week10_contamination_full_20260728,nested_valid_n64_001,5,nested_valid,64,,ea059a873c98f3c61b9df811763c08bfca2290d8372a4983505916ba09df8e37,16,nested_heavy_valid,32,31,63,1,1,61,0.9682539682539683,31,counters_only,False,True,False,3,3,4,1422166,True,True,True,
week10_contamination_full_20260728,nested_valid_n64_001,5,nested_valid,64,,ea059a873c98f3c61b9df811763c08bfca2290d8372a4983505916ba09df8e37,16,nested_heavy_valid,32,31,63,1,1,61,0.9682539682539683,31,trace_only,True,False,False,3,3,5,1567542,True,True,True,
week10_contamination_full_20260728,nested_valid_n64_001,5,nested_valid,64,,ea059a873c98f3c61b9df811763c08bfca2290d8372a4983505916ba09df8e37,16,nested_heavy_valid,32,31,63,1,1,61,0.9682539682539683,31,instrumented,True,True,False,4,4,1,1637459,True,True,True,
week10_contamination_full_20260728,nested_valid_n64_001,5,nested_valid,64,,ea059a873c98f3c61b9df811763c08bfca2290d8372a4983505916ba09df8e37,16,nested_heavy_valid,32,31,63,1,1,61,0.9682539682539683,31,minimal,False,False,False,4,4,2,1458500,True,True,True,
week10_contamination_full_20260728,nested_valid_n64_001,5,nested_valid,64,,ea059a873c98f3c61b9df811763c08bfca2290d8372a4983505916ba09df8e37,16,nested_heavy_valid,32,31,63,1,1,61,0.9682539682539683,31,counters_only,False,True,False,4,4,3,1479667,True,True,True,
week10_contamination_full_20260728,nested_valid_n64_001,5,nested_valid,64,,ea059a873c98f3c61b9df811763c08bfca2290d8372a4983505916ba09df8e37,16,nested_heavy_valid,32,31,63,1,1,61,0.9682539682539683,31,trace_only,True,False,False,4,4,4,1583208,True,True,True,
week10_contamination_full_20260728,nested_valid_n64_001,5,nested_valid,64,,ea059a873c98f3c61b9df811763c08bfca2290d8372a4983505916ba09df8e37,16,nested_heavy_valid,32,31,63,1,1,61,0.9682539682539683,31,checked,True,True,True,4,4,5,1623083,True,True,True,
week10_contamination_full_20260728,nested_valid_n64_001,5,nested_valid,64,,ea059a873c98f3c61b9df811763c08bfca2290d8372a4983505916ba09df8e37,16,nested_heavy_valid,32,31,63,1,1,61,0.9682539682539683,31,minimal,False,False,False,5,5,1,1420375,True,True,True,
week10_contamination_full_20260728,nested_valid_n64_001,5,nested_valid,64,,ea059a873c98f3c61b9df811763c08bfca2290d8372a4983505916ba09df8e37,16,nested_heavy_valid,32,31,63,1,1,61,0.9682539682539683,31,counters_only,False,True,False,5,5,2,1444875,True,True,True,
week10_contamination_full_20260728,nested_valid_n64_001,5,nested_valid,64,,ea059a873c98f3c61b9df811763c08bfca2290d8372a4983505916ba09df8e37,16,nested_heavy_valid,32,31,63,1,1,61,0.9682539682539683,31,trace_only,True,False,False,5,5,3,1560167,True,True,True,
week10_contamination_full_20260728,nested_valid_n64_001,5,nested_valid,64,,ea059a873c98f3c61b9df811763c08bfca2290d8372a4983505916ba09df8e37,16,nested_heavy_valid,32,31,63,1,1,61,0.9682539682539683,31,checked,True,True,True,5,5,4,1593334,True,True,True,
week10_contamination_full_20260728,nested_valid_n64_001,5,nested_valid,64,,ea059a873c98f3c61b9df811763c08bfca2290d8372a4983505916ba09df8e37,16,nested_heavy_valid,32,31,63,1,1,61,0.9682539682539683,31,instrumented,True,True,False,5,5,5,1588083,True,True,True,
week10_contamination_full_20260728,nested_valid_n64_001,5,nested_valid,64,,ea059a873c98f3c61b9df811763c08bfca2290d8372a4983505916ba09df8e37,16,nested_heavy_valid,32,31,63,1,1,61,0.9682539682539683,31,counters_only,False,True,False,6,6,1,1441417,True,True,True,
week10_contamination_full_20260728,nested_valid_n64_001,5,nested_valid,64,,ea059a873c98f3c61b9df811763c08bfca2290d8372a4983505916ba09df8e37,16,nested_heavy_valid,32,31,63,1,1,61,0.9682539682539683,31,trace_only,True,False,False,6,6,2,1593625,True,True,True,
week10_contamination_full_20260728,nested_valid_n64_001,5,nested_valid,64,,ea059a873c98f3c61b9df811763c08bfca2290d8372a4983505916ba09df8e37,16,nested_heavy_valid,32,31,63,1,1,61,0.9682539682539683,31,checked,True,True,True,6,6,3,1692792,True,True,True,
week10_contamination_full_20260728,nested_valid_n64_001,5,nested_valid,64,,ea059a873c98f3c61b9df811763c08bfca2290d8372a4983505916ba09df8e37,16,nested_heavy_valid,32,31,63,1,1,61,0.9682539682539683,31,instrumented,True,True,False,6,6,4,1602791,True,True,True,
week10_contamination_full_20260728,nested_valid_n64_001,5,nested_valid,64,,ea059a873c98f3c61b9df811763c08bfca2290d8372a4983505916ba09df8e37,16,nested_heavy_valid,32,31,63,1,1,61,0.9682539682539683,31,minimal,False,False,False,6,6,5,1412209,True,True,True,
week10_contamination_full_20260728,nested_valid_n64_001,5,nested_valid,64,,ea059a873c98f3c61b9df811763c08bfca2290d8372a4983505916ba09df8e37,16,nested_heavy_valid,32,31,63,1,1,61,0.9682539682539683,31,trace_only,True,False,False,7,7,1,1539166,True,True,True,
week10_contamination_full_20260728,nested_valid_n64_001,5,nested_valid,64,,ea059a873c98f3c61b9df811763c08bfca2290d8372a4983505916ba09df8e37,16,nested_heavy_valid,32,31,63,1,1,61,0.9682539682539683,31,checked,True,True,True,7,7,2,1567958,True,True,True,
week10_contamination_full_20260728,nested_valid_n64_001,5,nested_valid,64,,ea059a873c98f3c61b9df811763c08bfca2290d8372a4983505916ba09df8e37,16,nested_heavy_valid,32,31,63,1,1,61,0.9682539682539683,31,instrumented,True,True,False,7,7,3,1571500,True,True,True,
week10_contamination_full_20260728,nested_valid_n64_001,5,nested_valid,64,,ea059a873c98f3c61b9df811763c08bfca2290d8372a4983505916ba09df8e37,16,nested_heavy_valid,32,31,63,1,1,61,0.9682539682539683,31,minimal,False,False,False,7,7,4,1383625,True,True,True,
week10_contamination_full_20260728,nested_valid_n64_001,5,nested_valid,64,,ea059a873c98f3c61b9df811763c08bfca2290d8372a4983505916ba09df8e37,16,nested_heavy_valid,32,31,63,1,1,61,0.9682539682539683,31,counters_only,False,True,False,7,7,5,1401959,True,True,True,
week10_contamination_full_20260728,nested_valid_n64_001,5,nested_valid,64,,ea059a873c98f3c61b9df811763c08bfca2290d8372a4983505916ba09df8e37,16,nested_heavy_valid,32,31,63,1,1,61,0.9682539682539683,31,checked,True,True,True,8,8,1,1568792,True,True,True,
week10_contamination_full_20260728,nested_valid_n64_001,5,nested_valid,64,,ea059a873c98f3c61b9df811763c08bfca2290d8372a4983505916ba09df8e37,16,nested_heavy_valid,32,31,63,1,1,61,0.9682539682539683,31,instrumented,True,True,False,8,8,2,1588416,True,True,True,
week10_contamination_full_20260728,nested_valid_n64_001,5,nested_valid,64,,ea059a873c98f3c61b9df811763c08bfca2290d8372a4983505916ba09df8e37,16,nested_heavy_valid,32,31,63,1,1,61,0.9682539682539683,31,minimal,False,False,False,8,8,3,1444125,True,True,True,
week10_contamination_full_20260728,nested_valid_n64_001,5,nested_valid,64,,ea059a873c98f3c61b9df811763c08bfca2290d8372a4983505916ba09df8e37,16,nested_heavy_valid,32,31,63,1,1,61,0.9682539682539683,31,counters_only,False,True,False,8,8,4,1498666,True,True,True,
week10_contamination_full_20260728,nested_valid_n64_001,5,nested_valid,64,,ea059a873c98f3c61b9df811763c08bfca2290d8372a4983505916ba09df8e37,16,nested_heavy_valid,32,31,63,1,1,61,0.9682539682539683,31,trace_only,True,False,False,8,8,5,1565292,True,True,True,
week10_contamination_full_20260728,nested_valid_n64_001,5,nested_valid,64,,ea059a873c98f3c61b9df811763c08bfca2290d8372a4983505916ba09df8e37,16,nested_heavy_valid,32,31,63,1,1,61,0.9682539682539683,31,instrumented,True,True,False,9,9,1,1601541,True,True,True,
week10_contamination_full_20260728,nested_valid_n64_001,5,nested_valid,64,,ea059a873c98f3c61b9df811763c08bfca2290d8372a4983505916ba09df8e37,16,nested_heavy_valid,32,31,63,1,1,61,0.9682539682539683,31,minimal,False,False,False,9,9,2,1413417,True,True,True,
week10_contamination_full_20260728,nested_valid_n64_001,5,nested_valid,64,,ea059a873c98f3c61b9df811763c08bfca2290d8372a4983505916ba09df8e37,16,nested_heavy_valid,32,31,63,1,1,61,0.9682539682539683,31,counters_only,False,True,False,9,9,3,1444584,True,True,True,
week10_contamination_full_20260728,nested_valid_n64_001,5,nested_valid,64,,ea059a873c98f3c61b9df811763c08bfca2290d8372a4983505916ba09df8e37,16,nested_heavy_valid,32,31,63,1,1,61,0.9682539682539683,31,trace_only,True,False,False,9,9,4,1565000,True,True,True,
week10_contamination_full_20260728,nested_valid_n64_001,5,nested_valid,64,,ea059a873c98f3c61b9df811763c08bfca2290d8372a4983505916ba09df8e37,16,nested_heavy_valid,32,31,63,1,1,61,0.9682539682539683,31,checked,True,True,True,9,9,5,1597459,True,True,True,
week10_contamination_full_20260728,nested_valid_n64_001,5,nested_valid,64,,ea059a873c98f3c61b9df811763c08bfca2290d8372a4983505916ba09df8e37,16,nested_heavy_valid,32,31,63,1,1,61,0.9682539682539683,31,minimal,False,False,False,10,10,1,1413333,True,True,True,
week10_contamination_full_20260728,nested_valid_n64_001,5,nested_valid,64,,ea059a873c98f3c61b9df811763c08bfca2290d8372a4983505916ba09df8e37,16,nested_heavy_valid,32,31,63,1,1,61,0.9682539682539683,31,counters_only,False,True,False,10,10,2,1424792,True,True,True,
week10_contamination_full_20260728,nested_valid_n64_001,5,nested_valid,64,,ea059a873c98f3c61b9df811763c08bfca2290d8372a4983505916ba09df8e37,16,nested_heavy_valid,32,31,63,1,1,61,0.9682539682539683,31,trace_only,True,False,False,10,10,3,1576417,True,True,True,
week10_contamination_full_20260728,nested_valid_n64_001,5,nested_valid,64,,ea059a873c98f3c61b9df811763c08bfca2290d8372a4983505916ba09df8e37,16,nested_heavy_valid,32,31,63,1,1,61,0.9682539682539683,31,checked,True,True,True,10,10,4,1635208,True,True,True,
week10_contamination_full_20260728,nested_valid_n64_001,5,nested_valid,64,,ea059a873c98f3c61b9df811763c08bfca2290d8372a4983505916ba09df8e37,16,nested_heavy_valid,32,31,63,1,1,61,0.9682539682539683,31,instrumented,True,True,False,10,10,5,1676167,True,True,True,
week10_contamination_full_20260728,nested_valid_n64_001,5,nested_valid,64,,ea059a873c98f3c61b9df811763c08bfca2290d8372a4983505916ba09df8e37,16,nested_heavy_valid,32,31,63,1,1,61,0.9682539682539683,31,counters_only,False,True,False,11,11,1,1435250,True,True,True,
week10_contamination_full_20260728,nested_valid_n64_001,5,nested_valid,64,,ea059a873c98f3c61b9df811763c08bfca2290d8372a4983505916ba09df8e37,16,nested_heavy_valid,32,31,63,1,1,61,0.9682539682539683,31,trace_only,True,False,False,11,11,2,1565291,True,True,True,
week10_contamination_full_20260728,nested_valid_n64_001,5,nested_valid,64,,ea059a873c98f3c61b9df811763c08bfca2290d8372a4983505916ba09df8e37,16,nested_heavy_valid,32,31,63,1,1,61,0.9682539682539683,31,checked,True,True,True,11,11,3,1606417,True,True,True,
week10_contamination_full_20260728,nested_valid_n64_001,5,nested_valid,64,,ea059a873c98f3c61b9df811763c08bfca2290d8372a4983505916ba09df8e37,16,nested_heavy_valid,32,31,63,1,1,61,0.9682539682539683,31,instrumented,True,True,False,11,11,4,1614708,True,True,True,
week10_contamination_full_20260728,nested_valid_n64_001,5,nested_valid,64,,ea059a873c98f3c61b9df811763c08bfca2290d8372a4983505916ba09df8e37,16,nested_heavy_valid,32,31,63,1,1,61,0.9682539682539683,31,minimal,False,False,False,11,11,5,1425875,True,True,True,
week10_contamination_full_20260728,nested_valid_n64_001,5,nested_valid,64,,ea059a873c98f3c61b9df811763c08bfca2290d8372a4983505916ba09df8e37,16,nested_heavy_valid,32,31,63,1,1,61,0.9682539682539683,31,trace_only,True,False,False,12,12,1,1559250,True,True,True,
week10_contamination_full_20260728,nested_valid_n64_001,5,nested_valid,64,,ea059a873c98f3c61b9df811763c08bfca2290d8372a4983505916ba09df8e37,16,nested_heavy_valid,32,31,63,1,1,61,0.9682539682539683,31,checked,True,True,True,12,12,2,1596625,True,True,True,
week10_contamination_full_20260728,nested_valid_n64_001,5,nested_valid,64,,ea059a873c98f3c61b9df811763c08bfca2290d8372a4983505916ba09df8e37,16,nested_heavy_valid,32,31,63,1,1,61,0.9682539682539683,31,instrumented,True,True,False,12,12,3,1598792,True,True,True,
week10_contamination_full_20260728,nested_valid_n64_001,5,nested_valid,64,,ea059a873c98f3c61b9df811763c08bfca2290d8372a4983505916ba09df8e37,16,nested_heavy_valid,32,31,63,1,1,61,0.9682539682539683,31,minimal,False,False,False,12,12,4,1444208,True,True,True,
week10_contamination_full_20260728,nested_valid_n64_001,5,nested_valid,64,,ea059a873c98f3c61b9df811763c08bfca2290d8372a4983505916ba09df8e37,16,nested_heavy_valid,32,31,63,1,1,61,0.9682539682539683,31,counters_only,False,True,False,12,12,5,1441500,True,True,True,
week10_contamination_full_20260728,nested_valid_n64_001,5,nested_valid,64,,ea059a873c98f3c61b9df811763c08bfca2290d8372a4983505916ba09df8e37,16,nested_heavy_valid,32,31,63,1,1,61,0.9682539682539683,31,checked,True,True,True,13,13,1,1694125,True,True,True,
week10_contamination_full_20260728,nested_valid_n64_001,5,nested_valid,64,,ea059a873c98f3c61b9df811763c08bfca2290d8372a4983505916ba09df8e37,16,nested_heavy_valid,32,31,63,1,1,61,0.9682539682539683,31,instrumented,True,True,False,13,13,2,1593083,True,True,True,
week10_contamination_full_20260728,nested_valid_n64_001,5,nested_valid,64,,ea059a873c98f3c61b9df811763c08bfca2290d8372a4983505916ba09df8e37,16,nested_heavy_valid,32,31,63,1,1,61,0.9682539682539683,31,minimal,False,False,False,13,13,3,1426417,True,True,True,
week10_contamination_full_20260728,nested_valid_n64_001,5,nested_valid,64,,ea059a873c98f3c61b9df811763c08bfca2290d8372a4983505916ba09df8e37,16,nested_heavy_valid,32,31,63,1,1,61,0.9682539682539683,31,counters_only,False,True,False,13,13,4,1422625,True,True,True,
week10_contamination_full_20260728,nested_valid_n64_001,5,nested_valid,64,,ea059a873c98f3c61b9df811763c08bfca2290d8372a4983505916ba09df8e37,16,nested_heavy_valid,32,31,63,1,1,61,0.9682539682539683,31,trace_only,True,False,False,13,13,5,1616333,True,True,True,
week10_contamination_full_20260728,nested_valid_n64_001,5,nested_valid,64,,ea059a873c98f3c61b9df811763c08bfca2290d8372a4983505916ba09df8e37,16,nested_heavy_valid,32,31,63,1,1,61,0.9682539682539683,31,instrumented,True,True,False,14,14,1,1586208,True,True,True,
week10_contamination_full_20260728,nested_valid_n64_001,5,nested_valid,64,,ea059a873c98f3c61b9df811763c08bfca2290d8372a4983505916ba09df8e37,16,nested_heavy_valid,32,31,63,1,1,61,0.9682539682539683,31,minimal,False,False,False,14,14,2,1414667,True,True,True,
week10_contamination_full_20260728,nested_valid_n64_001,5,nested_valid,64,,ea059a873c98f3c61b9df811763c08bfca2290d8372a4983505916ba09df8e37,16,nested_heavy_valid,32,31,63,1,1,61,0.9682539682539683,31,counters_only,False,True,False,14,14,3,1422166,True,True,True,
week10_contamination_full_20260728,nested_valid_n64_001,5,nested_valid,64,,ea059a873c98f3c61b9df811763c08bfca2290d8372a4983505916ba09df8e37,16,nested_heavy_valid,32,31,63,1,1,61,0.9682539682539683,31,trace_only,True,False,False,14,14,4,1570916,True,True,True,
week10_contamination_full_20260728,nested_valid_n64_001,5,nested_valid,64,,ea059a873c98f3c61b9df811763c08bfca2290d8372a4983505916ba09df8e37,16,nested_heavy_valid,32,31,63,1,1,61,0.9682539682539683,31,checked,True,True,True,14,14,5,1629084,True,True,True,
week10_contamination_full_20260728,nested_valid_n64_001,5,nested_valid,64,,ea059a873c98f3c61b9df811763c08bfca2290d8372a4983505916ba09df8e37,16,nested_heavy_valid,32,31,63,1,1,61,0.9682539682539683,31,minimal,False,False,False,15,15,1,1528750,True,True,True,
week10_contamination_full_20260728,nested_valid_n64_001,5,nested_valid,64,,ea059a873c98f3c61b9df811763c08bfca2290d8372a4983505916ba09df8e37,16,nested_heavy_valid,32,31,63,1,1,61,0.9682539682539683,31,counters_only,False,True,False,15,15,2,1438791,True,True,True,
week10_contamination_full_20260728,nested_valid_n64_001,5,nested_valid,64,,ea059a873c98f3c61b9df811763c08bfca2290d8372a4983505916ba09df8e37,16,nested_heavy_valid,32,31,63,1,1,61,0.9682539682539683,31,trace_only,True,False,False,15,15,3,1567166,True,True,True,
week10_contamination_full_20260728,nested_valid_n64_001,5,nested_valid,64,,ea059a873c98f3c61b9df811763c08bfca2290d8372a4983505916ba09df8e37,16,nested_heavy_valid,32,31,63,1,1,61,0.9682539682539683,31,checked,True,True,True,15,15,4,1622125,True,True,True,
week10_contamination_full_20260728,nested_valid_n64_001,5,nested_valid,64,,ea059a873c98f3c61b9df811763c08bfca2290d8372a4983505916ba09df8e37,16,nested_heavy_valid,32,31,63,1,1,61,0.9682539682539683,31,instrumented,True,True,False,15,15,5,1589833,True,True,True,
week10_contamination_full_20260728,incremental_valid_n64_003,13,incremental_valid,64,20324726,2fc264d341fb0a1f94f743f3fb81658d99a2404488d7a473ccaf6ca3ba657974,17,nested_heavy_valid,32,31,63,2,1,60,0.9523809523809523,13,counters_only,False,True,False,1,1,1,1695542,True,True,True,
week10_contamination_full_20260728,incremental_valid_n64_003,13,incremental_valid,64,20324726,2fc264d341fb0a1f94f743f3fb81658d99a2404488d7a473ccaf6ca3ba657974,17,nested_heavy_valid,32,31,63,2,1,60,0.9523809523809523,13,minimal,False,False,False,1,1,2,1657541,True,True,True,
week10_contamination_full_20260728,incremental_valid_n64_003,13,incremental_valid,64,20324726,2fc264d341fb0a1f94f743f3fb81658d99a2404488d7a473ccaf6ca3ba657974,17,nested_heavy_valid,32,31,63,2,1,60,0.9523809523809523,13,instrumented,True,True,False,1,1,3,1920334,True,True,True,
week10_contamination_full_20260728,incremental_valid_n64_003,13,incremental_valid,64,20324726,2fc264d341fb0a1f94f743f3fb81658d99a2404488d7a473ccaf6ca3ba657974,17,nested_heavy_valid,32,31,63,2,1,60,0.9523809523809523,13,trace_only,True,False,False,1,1,4,1902625,True,True,True,
week10_contamination_full_20260728,incremental_valid_n64_003,13,incremental_valid,64,20324726,2fc264d341fb0a1f94f743f3fb81658d99a2404488d7a473ccaf6ca3ba657974,17,nested_heavy_valid,32,31,63,2,1,60,0.9523809523809523,13,checked,True,True,True,1,1,5,4504875,True,True,True,
week10_contamination_full_20260728,incremental_valid_n64_003,13,incremental_valid,64,20324726,2fc264d341fb0a1f94f743f3fb81658d99a2404488d7a473ccaf6ca3ba657974,17,nested_heavy_valid,32,31,63,2,1,60,0.9523809523809523,13,minimal,False,False,False,2,2,1,1765375,True,True,True,
week10_contamination_full_20260728,incremental_valid_n64_003,13,incremental_valid,64,20324726,2fc264d341fb0a1f94f743f3fb81658d99a2404488d7a473ccaf6ca3ba657974,17,nested_heavy_valid,32,31,63,2,1,60,0.9523809523809523,13,instrumented,True,True,False,2,2,2,1922417,True,True,True,
week10_contamination_full_20260728,incremental_valid_n64_003,13,incremental_valid,64,20324726,2fc264d341fb0a1f94f743f3fb81658d99a2404488d7a473ccaf6ca3ba657974,17,nested_heavy_valid,32,31,63,2,1,60,0.9523809523809523,13,trace_only,True,False,False,2,2,3,1869750,True,True,True,
week10_contamination_full_20260728,incremental_valid_n64_003,13,incremental_valid,64,20324726,2fc264d341fb0a1f94f743f3fb81658d99a2404488d7a473ccaf6ca3ba657974,17,nested_heavy_valid,32,31,63,2,1,60,0.9523809523809523,13,checked,True,True,True,2,2,4,4448917,True,True,True,
week10_contamination_full_20260728,incremental_valid_n64_003,13,incremental_valid,64,20324726,2fc264d341fb0a1f94f743f3fb81658d99a2404488d7a473ccaf6ca3ba657974,17,nested_heavy_valid,32,31,63,2,1,60,0.9523809523809523,13,counters_only,False,True,False,2,2,5,1768292,True,True,True,
week10_contamination_full_20260728,incremental_valid_n64_003,13,incremental_valid,64,20324726,2fc264d341fb0a1f94f743f3fb81658d99a2404488d7a473ccaf6ca3ba657974,17,nested_heavy_valid,32,31,63,2,1,60,0.9523809523809523,13,instrumented,True,True,False,3,3,1,2045042,True,True,True,
week10_contamination_full_20260728,incremental_valid_n64_003,13,incremental_valid,64,20324726,2fc264d341fb0a1f94f743f3fb81658d99a2404488d7a473ccaf6ca3ba657974,17,nested_heavy_valid,32,31,63,2,1,60,0.9523809523809523,13,trace_only,True,False,False,3,3,2,1880458,True,True,True,
week10_contamination_full_20260728,incremental_valid_n64_003,13,incremental_valid,64,20324726,2fc264d341fb0a1f94f743f3fb81658d99a2404488d7a473ccaf6ca3ba657974,17,nested_heavy_valid,32,31,63,2,1,60,0.9523809523809523,13,checked,True,True,True,3,3,3,4454958,True,True,True,
week10_contamination_full_20260728,incremental_valid_n64_003,13,incremental_valid,64,20324726,2fc264d341fb0a1f94f743f3fb81658d99a2404488d7a473ccaf6ca3ba657974,17,nested_heavy_valid,32,31,63,2,1,60,0.9523809523809523,13,counters_only,False,True,False,3,3,4,1738167,True,True,True,
week10_contamination_full_20260728,incremental_valid_n64_003,13,incremental_valid,64,20324726,2fc264d341fb0a1f94f743f3fb81658d99a2404488d7a473ccaf6ca3ba657974,17,nested_heavy_valid,32,31,63,2,1,60,0.9523809523809523,13,minimal,False,False,False,3,3,5,1687500,True,True,True,
week10_contamination_full_20260728,incremental_valid_n64_003,13,incremental_valid,64,20324726,2fc264d341fb0a1f94f743f3fb81658d99a2404488d7a473ccaf6ca3ba657974,17,nested_heavy_valid,32,31,63,2,1,60,0.9523809523809523,13,trace_only,True,False,False,4,4,1,1853916,True,True,True,
week10_contamination_full_20260728,incremental_valid_n64_003,13,incremental_valid,64,20324726,2fc264d341fb0a1f94f743f3fb81658d99a2404488d7a473ccaf6ca3ba657974,17,nested_heavy_valid,32,31,63,2,1,60,0.9523809523809523,13,checked,True,True,True,4,4,2,4558375,True,True,True,
week10_contamination_full_20260728,incremental_valid_n64_003,13,incremental_valid,64,20324726,2fc264d341fb0a1f94f743f3fb81658d99a2404488d7a473ccaf6ca3ba657974,17,nested_heavy_valid,32,31,63,2,1,60,0.9523809523809523,13,counters_only,False,True,False,4,4,3,1736000,True,True,True,
week10_contamination_full_20260728,incremental_valid_n64_003,13,incremental_valid,64,20324726,2fc264d341fb0a1f94f743f3fb81658d99a2404488d7a473ccaf6ca3ba657974,17,nested_heavy_valid,32,31,63,2,1,60,0.9523809523809523,13,minimal,False,False,False,4,4,4,1729125,True,True,True,
week10_contamination_full_20260728,incremental_valid_n64_003,13,incremental_valid,64,20324726,2fc264d341fb0a1f94f743f3fb81658d99a2404488d7a473ccaf6ca3ba657974,17,nested_heavy_valid,32,31,63,2,1,60,0.9523809523809523,13,instrumented,True,True,False,4,4,5,1920584,True,True,True,
week10_contamination_full_20260728,incremental_valid_n64_003,13,incremental_valid,64,20324726,2fc264d341fb0a1f94f743f3fb81658d99a2404488d7a473ccaf6ca3ba657974,17,nested_heavy_valid,32,31,63,2,1,60,0.9523809523809523,13,checked,True,True,True,5,5,1,4426166,True,True,True,
week10_contamination_full_20260728,incremental_valid_n64_003,13,incremental_valid,64,20324726,2fc264d341fb0a1f94f743f3fb81658d99a2404488d7a473ccaf6ca3ba657974,17,nested_heavy_valid,32,31,63,2,1,60,0.9523809523809523,13,counters_only,False,True,False,5,5,2,1724500,True,True,True,
week10_contamination_full_20260728,incremental_valid_n64_003,13,incremental_valid,64,20324726,2fc264d341fb0a1f94f743f3fb81658d99a2404488d7a473ccaf6ca3ba657974,17,nested_heavy_valid,32,31,63,2,1,60,0.9523809523809523,13,minimal,False,False,False,5,5,3,1689417,True,True,True,
week10_contamination_full_20260728,incremental_valid_n64_003,13,incremental_valid,64,20324726,2fc264d341fb0a1f94f743f3fb81658d99a2404488d7a473ccaf6ca3ba657974,17,nested_heavy_valid,32,31,63,2,1,60,0.9523809523809523,13,instrumented,True,True,False,5,5,4,1909667,True,True,True,
week10_contamination_full_20260728,incremental_valid_n64_003,13,incremental_valid,64,20324726,2fc264d341fb0a1f94f743f3fb81658d99a2404488d7a473ccaf6ca3ba657974,17,nested_heavy_valid,32,31,63,2,1,60,0.9523809523809523,13,trace_only,True,False,False,5,5,5,1987291,True,True,True,
week10_contamination_full_20260728,incremental_valid_n64_003,13,incremental_valid,64,20324726,2fc264d341fb0a1f94f743f3fb81658d99a2404488d7a473ccaf6ca3ba657974,17,nested_heavy_valid,32,31,63,2,1,60,0.9523809523809523,13,counters_only,False,True,False,6,6,1,1734917,True,True,True,
week10_contamination_full_20260728,incremental_valid_n64_003,13,incremental_valid,64,20324726,2fc264d341fb0a1f94f743f3fb81658d99a2404488d7a473ccaf6ca3ba657974,17,nested_heavy_valid,32,31,63,2,1,60,0.9523809523809523,13,minimal,False,False,False,6,6,2,1704375,True,True,True,
week10_contamination_full_20260728,incremental_valid_n64_003,13,incremental_valid,64,20324726,2fc264d341fb0a1f94f743f3fb81658d99a2404488d7a473ccaf6ca3ba657974,17,nested_heavy_valid,32,31,63,2,1,60,0.9523809523809523,13,instrumented,True,True,False,6,6,3,1909166,True,True,True,
week10_contamination_full_20260728,incremental_valid_n64_003,13,incremental_valid,64,20324726,2fc264d341fb0a1f94f743f3fb81658d99a2404488d7a473ccaf6ca3ba657974,17,nested_heavy_valid,32,31,63,2,1,60,0.9523809523809523,13,trace_only,True,False,False,6,6,4,1867667,True,True,True,
week10_contamination_full_20260728,incremental_valid_n64_003,13,incremental_valid,64,20324726,2fc264d341fb0a1f94f743f3fb81658d99a2404488d7a473ccaf6ca3ba657974,17,nested_heavy_valid,32,31,63,2,1,60,0.9523809523809523,13,checked,True,True,True,6,6,5,4422833,True,True,True,
week10_contamination_full_20260728,incremental_valid_n64_003,13,incremental_valid,64,20324726,2fc264d341fb0a1f94f743f3fb81658d99a2404488d7a473ccaf6ca3ba657974,17,nested_heavy_valid,32,31,63,2,1,60,0.9523809523809523,13,minimal,False,False,False,7,7,1,1711292,True,True,True,
week10_contamination_full_20260728,incremental_valid_n64_003,13,incremental_valid,64,20324726,2fc264d341fb0a1f94f743f3fb81658d99a2404488d7a473ccaf6ca3ba657974,17,nested_heavy_valid,32,31,63,2,1,60,0.9523809523809523,13,instrumented,True,True,False,7,7,2,1917833,True,True,True,
week10_contamination_full_20260728,incremental_valid_n64_003,13,incremental_valid,64,20324726,2fc264d341fb0a1f94f743f3fb81658d99a2404488d7a473ccaf6ca3ba657974,17,nested_heavy_valid,32,31,63,2,1,60,0.9523809523809523,13,trace_only,True,False,False,7,7,3,1960083,True,True,True,
week10_contamination_full_20260728,incremental_valid_n64_003,13,incremental_valid,64,20324726,2fc264d341fb0a1f94f743f3fb81658d99a2404488d7a473ccaf6ca3ba657974,17,nested_heavy_valid,32,31,63,2,1,60,0.9523809523809523,13,checked,True,True,True,7,7,4,4457209,True,True,True,
week10_contamination_full_20260728,incremental_valid_n64_003,13,incremental_valid,64,20324726,2fc264d341fb0a1f94f743f3fb81658d99a2404488d7a473ccaf6ca3ba657974,17,nested_heavy_valid,32,31,63,2,1,60,0.9523809523809523,13,counters_only,False,True,False,7,7,5,1725167,True,True,True,
week10_contamination_full_20260728,incremental_valid_n64_003,13,incremental_valid,64,20324726,2fc264d341fb0a1f94f743f3fb81658d99a2404488d7a473ccaf6ca3ba657974,17,nested_heavy_valid,32,31,63,2,1,60,0.9523809523809523,13,instrumented,True,True,False,8,8,1,1905542,True,True,True,
week10_contamination_full_20260728,incremental_valid_n64_003,13,incremental_valid,64,20324726,2fc264d341fb0a1f94f743f3fb81658d99a2404488d7a473ccaf6ca3ba657974,17,nested_heavy_valid,32,31,63,2,1,60,0.9523809523809523,13,trace_only,True,False,False,8,8,2,1856792,True,True,True,
week10_contamination_full_20260728,incremental_valid_n64_003,13,incremental_valid,64,20324726,2fc264d341fb0a1f94f743f3fb81658d99a2404488d7a473ccaf6ca3ba657974,17,nested_heavy_valid,32,31,63,2,1,60,0.9523809523809523,13,checked,True,True,True,8,8,3,4435375,True,True,True,
week10_contamination_full_20260728,incremental_valid_n64_003,13,incremental_valid,64,20324726,2fc264d341fb0a1f94f743f3fb81658d99a2404488d7a473ccaf6ca3ba657974,17,nested_heavy_valid,32,31,63,2,1,60,0.9523809523809523,13,counters_only,False,True,False,8,8,4,1845667,True,True,True,
week10_contamination_full_20260728,incremental_valid_n64_003,13,incremental_valid,64,20324726,2fc264d341fb0a1f94f743f3fb81658d99a2404488d7a473ccaf6ca3ba657974,17,nested_heavy_valid,32,31,63,2,1,60,0.9523809523809523,13,minimal,False,False,False,8,8,5,1706084,True,True,True,
week10_contamination_full_20260728,incremental_valid_n64_003,13,incremental_valid,64,20324726,2fc264d341fb0a1f94f743f3fb81658d99a2404488d7a473ccaf6ca3ba657974,17,nested_heavy_valid,32,31,63,2,1,60,0.9523809523809523,13,trace_only,True,False,False,9,9,1,1892709,True,True,True,
week10_contamination_full_20260728,incremental_valid_n64_003,13,incremental_valid,64,20324726,2fc264d341fb0a1f94f743f3fb81658d99a2404488d7a473ccaf6ca3ba657974,17,nested_heavy_valid,32,31,63,2,1,60,0.9523809523809523,13,checked,True,True,True,9,9,2,4360208,True,True,True,
week10_contamination_full_20260728,incremental_valid_n64_003,13,incremental_valid,64,20324726,2fc264d341fb0a1f94f743f3fb81658d99a2404488d7a473ccaf6ca3ba657974,17,nested_heavy_valid,32,31,63,2,1,60,0.9523809523809523,13,counters_only,False,True,False,9,9,3,1699209,True,True,True,
week10_contamination_full_20260728,incremental_valid_n64_003,13,incremental_valid,64,20324726,2fc264d341fb0a1f94f743f3fb81658d99a2404488d7a473ccaf6ca3ba657974,17,nested_heavy_valid,32,31,63,2,1,60,0.9523809523809523,13,minimal,False,False,False,9,9,4,1649792,True,True,True,
week10_contamination_full_20260728,incremental_valid_n64_003,13,incremental_valid,64,20324726,2fc264d341fb0a1f94f743f3fb81658d99a2404488d7a473ccaf6ca3ba657974,17,nested_heavy_valid,32,31,63,2,1,60,0.9523809523809523,13,instrumented,True,True,False,9,9,5,1910417,True,True,True,
week10_contamination_full_20260728,incremental_valid_n64_003,13,incremental_valid,64,20324726,2fc264d341fb0a1f94f743f3fb81658d99a2404488d7a473ccaf6ca3ba657974,17,nested_heavy_valid,32,31,63,2,1,60,0.9523809523809523,13,checked,True,True,True,10,10,1,4605250,True,True,True,
week10_contamination_full_20260728,incremental_valid_n64_003,13,incremental_valid,64,20324726,2fc264d341fb0a1f94f743f3fb81658d99a2404488d7a473ccaf6ca3ba657974,17,nested_heavy_valid,32,31,63,2,1,60,0.9523809523809523,13,counters_only,False,True,False,10,10,2,1707875,True,True,True,
week10_contamination_full_20260728,incremental_valid_n64_003,13,incremental_valid,64,20324726,2fc264d341fb0a1f94f743f3fb81658d99a2404488d7a473ccaf6ca3ba657974,17,nested_heavy_valid,32,31,63,2,1,60,0.9523809523809523,13,minimal,False,False,False,10,10,3,1690333,True,True,True,
week10_contamination_full_20260728,incremental_valid_n64_003,13,incremental_valid,64,20324726,2fc264d341fb0a1f94f743f3fb81658d99a2404488d7a473ccaf6ca3ba657974,17,nested_heavy_valid,32,31,63,2,1,60,0.9523809523809523,13,instrumented,True,True,False,10,10,4,1891000,True,True,True,
week10_contamination_full_20260728,incremental_valid_n64_003,13,incremental_valid,64,20324726,2fc264d341fb0a1f94f743f3fb81658d99a2404488d7a473ccaf6ca3ba657974,17,nested_heavy_valid,32,31,63,2,1,60,0.9523809523809523,13,trace_only,True,False,False,10,10,5,1846000,True,True,True,
week10_contamination_full_20260728,incremental_valid_n64_003,13,incremental_valid,64,20324726,2fc264d341fb0a1f94f743f3fb81658d99a2404488d7a473ccaf6ca3ba657974,17,nested_heavy_valid,32,31,63,2,1,60,0.9523809523809523,13,counters_only,False,True,False,11,11,1,1726833,True,True,True,
week10_contamination_full_20260728,incremental_valid_n64_003,13,incremental_valid,64,20324726,2fc264d341fb0a1f94f743f3fb81658d99a2404488d7a473ccaf6ca3ba657974,17,nested_heavy_valid,32,31,63,2,1,60,0.9523809523809523,13,minimal,False,False,False,11,11,2,1679459,True,True,True,
week10_contamination_full_20260728,incremental_valid_n64_003,13,incremental_valid,64,20324726,2fc264d341fb0a1f94f743f3fb81658d99a2404488d7a473ccaf6ca3ba657974,17,nested_heavy_valid,32,31,63,2,1,60,0.9523809523809523,13,instrumented,True,True,False,11,11,3,1955917,True,True,True,
week10_contamination_full_20260728,incremental_valid_n64_003,13,incremental_valid,64,20324726,2fc264d341fb0a1f94f743f3fb81658d99a2404488d7a473ccaf6ca3ba657974,17,nested_heavy_valid,32,31,63,2,1,60,0.9523809523809523,13,trace_only,True,False,False,11,11,4,1975000,True,True,True,
week10_contamination_full_20260728,incremental_valid_n64_003,13,incremental_valid,64,20324726,2fc264d341fb0a1f94f743f3fb81658d99a2404488d7a473ccaf6ca3ba657974,17,nested_heavy_valid,32,31,63,2,1,60,0.9523809523809523,13,checked,True,True,True,11,11,5,4456042,True,True,True,
week10_contamination_full_20260728,incremental_valid_n64_003,13,incremental_valid,64,20324726,2fc264d341fb0a1f94f743f3fb81658d99a2404488d7a473ccaf6ca3ba657974,17,nested_heavy_valid,32,31,63,2,1,60,0.9523809523809523,13,minimal,False,False,False,12,12,1,1707000,True,True,True,
week10_contamination_full_20260728,incremental_valid_n64_003,13,incremental_valid,64,20324726,2fc264d341fb0a1f94f743f3fb81658d99a2404488d7a473ccaf6ca3ba657974,17,nested_heavy_valid,32,31,63,2,1,60,0.9523809523809523,13,instrumented,True,True,False,12,12,2,1929292,True,True,True,
week10_contamination_full_20260728,incremental_valid_n64_003,13,incremental_valid,64,20324726,2fc264d341fb0a1f94f743f3fb81658d99a2404488d7a473ccaf6ca3ba657974,17,nested_heavy_valid,32,31,63,2,1,60,0.9523809523809523,13,trace_only,True,False,False,12,12,3,1862000,True,True,True,
week10_contamination_full_20260728,incremental_valid_n64_003,13,incremental_valid,64,20324726,2fc264d341fb0a1f94f743f3fb81658d99a2404488d7a473ccaf6ca3ba657974,17,nested_heavy_valid,32,31,63,2,1,60,0.9523809523809523,13,checked,True,True,True,12,12,4,4432709,True,True,True,
week10_contamination_full_20260728,incremental_valid_n64_003,13,incremental_valid,64,20324726,2fc264d341fb0a1f94f743f3fb81658d99a2404488d7a473ccaf6ca3ba657974,17,nested_heavy_valid,32,31,63,2,1,60,0.9523809523809523,13,counters_only,False,True,False,12,12,5,1855375,True,True,True,
week10_contamination_full_20260728,incremental_valid_n64_003,13,incremental_valid,64,20324726,2fc264d341fb0a1f94f743f3fb81658d99a2404488d7a473ccaf6ca3ba657974,17,nested_heavy_valid,32,31,63,2,1,60,0.9523809523809523,13,instrumented,True,True,False,13,13,1,1935875,True,True,True,
week10_contamination_full_20260728,incremental_valid_n64_003,13,incremental_valid,64,20324726,2fc264d341fb0a1f94f743f3fb81658d99a2404488d7a473ccaf6ca3ba657974,17,nested_heavy_valid,32,31,63,2,1,60,0.9523809523809523,13,trace_only,True,False,False,13,13,2,1869166,True,True,True,
week10_contamination_full_20260728,incremental_valid_n64_003,13,incremental_valid,64,20324726,2fc264d341fb0a1f94f743f3fb81658d99a2404488d7a473ccaf6ca3ba657974,17,nested_heavy_valid,32,31,63,2,1,60,0.9523809523809523,13,checked,True,True,True,13,13,3,4450500,True,True,True,
week10_contamination_full_20260728,incremental_valid_n64_003,13,incremental_valid,64,20324726,2fc264d341fb0a1f94f743f3fb81658d99a2404488d7a473ccaf6ca3ba657974,17,nested_heavy_valid,32,31,63,2,1,60,0.9523809523809523,13,counters_only,False,True,False,13,13,4,1723833,True,True,True,
week10_contamination_full_20260728,incremental_valid_n64_003,13,incremental_valid,64,20324726,2fc264d341fb0a1f94f743f3fb81658d99a2404488d7a473ccaf6ca3ba657974,17,nested_heavy_valid,32,31,63,2,1,60,0.9523809523809523,13,minimal,False,False,False,13,13,5,1689875,True,True,True,
week10_contamination_full_20260728,incremental_valid_n64_003,13,incremental_valid,64,20324726,2fc264d341fb0a1f94f743f3fb81658d99a2404488d7a473ccaf6ca3ba657974,17,nested_heavy_valid,32,31,63,2,1,60,0.9523809523809523,13,trace_only,True,False,False,14,14,1,1887667,True,True,True,
week10_contamination_full_20260728,incremental_valid_n64_003,13,incremental_valid,64,20324726,2fc264d341fb0a1f94f743f3fb81658d99a2404488d7a473ccaf6ca3ba657974,17,nested_heavy_valid,32,31,63,2,1,60,0.9523809523809523,13,checked,True,True,True,14,14,2,4593916,True,True,True,
week10_contamination_full_20260728,incremental_valid_n64_003,13,incremental_valid,64,20324726,2fc264d341fb0a1f94f743f3fb81658d99a2404488d7a473ccaf6ca3ba657974,17,nested_heavy_valid,32,31,63,2,1,60,0.9523809523809523,13,counters_only,False,True,False,14,14,3,1760208,True,True,True,
week10_contamination_full_20260728,incremental_valid_n64_003,13,incremental_valid,64,20324726,2fc264d341fb0a1f94f743f3fb81658d99a2404488d7a473ccaf6ca3ba657974,17,nested_heavy_valid,32,31,63,2,1,60,0.9523809523809523,13,minimal,False,False,False,14,14,4,1691959,True,True,True,
week10_contamination_full_20260728,incremental_valid_n64_003,13,incremental_valid,64,20324726,2fc264d341fb0a1f94f743f3fb81658d99a2404488d7a473ccaf6ca3ba657974,17,nested_heavy_valid,32,31,63,2,1,60,0.9523809523809523,13,instrumented,True,True,False,14,14,5,1932083,True,True,True,
week10_contamination_full_20260728,incremental_valid_n64_003,13,incremental_valid,64,20324726,2fc264d341fb0a1f94f743f3fb81658d99a2404488d7a473ccaf6ca3ba657974,17,nested_heavy_valid,32,31,63,2,1,60,0.9523809523809523,13,checked,True,True,True,15,15,1,4442792,True,True,True,
week10_contamination_full_20260728,incremental_valid_n64_003,13,incremental_valid,64,20324726,2fc264d341fb0a1f94f743f3fb81658d99a2404488d7a473ccaf6ca3ba657974,17,nested_heavy_valid,32,31,63,2,1,60,0.9523809523809523,13,counters_only,False,True,False,15,15,2,1729167,True,True,True,
week10_contamination_full_20260728,incremental_valid_n64_003,13,incremental_valid,64,20324726,2fc264d341fb0a1f94f743f3fb81658d99a2404488d7a473ccaf6ca3ba657974,17,nested_heavy_valid,32,31,63,2,1,60,0.9523809523809523,13,minimal,False,False,False,15,15,3,1751833,True,True,True,
week10_contamination_full_20260728,incremental_valid_n64_003,13,incremental_valid,64,20324726,2fc264d341fb0a1f94f743f3fb81658d99a2404488d7a473ccaf6ca3ba657974,17,nested_heavy_valid,32,31,63,2,1,60,0.9523809523809523,13,instrumented,True,True,False,15,15,4,2044291,True,True,True,
week10_contamination_full_20260728,incremental_valid_n64_003,13,incremental_valid,64,20324726,2fc264d341fb0a1f94f743f3fb81658d99a2404488d7a473ccaf6ca3ba657974,17,nested_heavy_valid,32,31,63,2,1,60,0.9523809523809523,13,trace_only,True,False,False,15,15,5,1926584,True,True,True,
week10_contamination_full_20260728,incremental_valid_n64_001,11,incremental_valid,64,20324724,69a611c797b1724c0560c500e23b6d20d9af16c0bbfb7f59d473e6e683536f2b,18,nested_heavy_valid,32,31,63,2,1,60,0.9523809523809523,14,checked,True,True,True,1,1,1,4392250,True,True,True,
week10_contamination_full_20260728,incremental_valid_n64_001,11,incremental_valid,64,20324724,69a611c797b1724c0560c500e23b6d20d9af16c0bbfb7f59d473e6e683536f2b,18,nested_heavy_valid,32,31,63,2,1,60,0.9523809523809523,14,counters_only,False,True,False,1,1,2,1712333,True,True,True,
week10_contamination_full_20260728,incremental_valid_n64_001,11,incremental_valid,64,20324724,69a611c797b1724c0560c500e23b6d20d9af16c0bbfb7f59d473e6e683536f2b,18,nested_heavy_valid,32,31,63,2,1,60,0.9523809523809523,14,instrumented,True,True,False,1,1,3,1903916,True,True,True,
week10_contamination_full_20260728,incremental_valid_n64_001,11,incremental_valid,64,20324724,69a611c797b1724c0560c500e23b6d20d9af16c0bbfb7f59d473e6e683536f2b,18,nested_heavy_valid,32,31,63,2,1,60,0.9523809523809523,14,trace_only,True,False,False,1,1,4,1870125,True,True,True,
week10_contamination_full_20260728,incremental_valid_n64_001,11,incremental_valid,64,20324724,69a611c797b1724c0560c500e23b6d20d9af16c0bbfb7f59d473e6e683536f2b,18,nested_heavy_valid,32,31,63,2,1,60,0.9523809523809523,14,minimal,False,False,False,1,1,5,1723209,True,True,True,
week10_contamination_full_20260728,incremental_valid_n64_001,11,incremental_valid,64,20324724,69a611c797b1724c0560c500e23b6d20d9af16c0bbfb7f59d473e6e683536f2b,18,nested_heavy_valid,32,31,63,2,1,60,0.9523809523809523,14,counters_only,False,True,False,2,2,1,1909375,True,True,True,
week10_contamination_full_20260728,incremental_valid_n64_001,11,incremental_valid,64,20324724,69a611c797b1724c0560c500e23b6d20d9af16c0bbfb7f59d473e6e683536f2b,18,nested_heavy_valid,32,31,63,2,1,60,0.9523809523809523,14,instrumented,True,True,False,2,2,2,1935291,True,True,True,
week10_contamination_full_20260728,incremental_valid_n64_001,11,incremental_valid,64,20324724,69a611c797b1724c0560c500e23b6d20d9af16c0bbfb7f59d473e6e683536f2b,18,nested_heavy_valid,32,31,63,2,1,60,0.9523809523809523,14,trace_only,True,False,False,2,2,3,1912375,True,True,True,
week10_contamination_full_20260728,incremental_valid_n64_001,11,incremental_valid,64,20324724,69a611c797b1724c0560c500e23b6d20d9af16c0bbfb7f59d473e6e683536f2b,18,nested_heavy_valid,32,31,63,2,1,60,0.9523809523809523,14,minimal,False,False,False,2,2,4,1681875,True,True,True,
week10_contamination_full_20260728,incremental_valid_n64_001,11,incremental_valid,64,20324724,69a611c797b1724c0560c500e23b6d20d9af16c0bbfb7f59d473e6e683536f2b,18,nested_heavy_valid,32,31,63,2,1,60,0.9523809523809523,14,checked,True,True,True,2,2,5,4389584,True,True,True,
week10_contamination_full_20260728,incremental_valid_n64_001,11,incremental_valid,64,20324724,69a611c797b1724c0560c500e23b6d20d9af16c0bbfb7f59d473e6e683536f2b,18,nested_heavy_valid,32,31,63,2,1,60,0.9523809523809523,14,instrumented,True,True,False,3,3,1,1902792,True,True,True,
week10_contamination_full_20260728,incremental_valid_n64_001,11,incremental_valid,64,20324724,69a611c797b1724c0560c500e23b6d20d9af16c0bbfb7f59d473e6e683536f2b,18,nested_heavy_valid,32,31,63,2,1,60,0.9523809523809523,14,trace_only,True,False,False,3,3,2,1916667,True,True,True,
week10_contamination_full_20260728,incremental_valid_n64_001,11,incremental_valid,64,20324724,69a611c797b1724c0560c500e23b6d20d9af16c0bbfb7f59d473e6e683536f2b,18,nested_heavy_valid,32,31,63,2,1,60,0.9523809523809523,14,minimal,False,False,False,3,3,3,1863834,True,True,True,
week10_contamination_full_20260728,incremental_valid_n64_001,11,incremental_valid,64,20324724,69a611c797b1724c0560c500e23b6d20d9af16c0bbfb7f59d473e6e683536f2b,18,nested_heavy_valid,32,31,63,2,1,60,0.9523809523809523,14,checked,True,True,True,3,3,4,4463167,True,True,True,
week10_contamination_full_20260728,incremental_valid_n64_001,11,incremental_valid,64,20324724,69a611c797b1724c0560c500e23b6d20d9af16c0bbfb7f59d473e6e683536f2b,18,nested_heavy_valid,32,31,63,2,1,60,0.9523809523809523,14,counters_only,False,True,False,3,3,5,1708917,True,True,True,
week10_contamination_full_20260728,incremental_valid_n64_001,11,incremental_valid,64,20324724,69a611c797b1724c0560c500e23b6d20d9af16c0bbfb7f59d473e6e683536f2b,18,nested_heavy_valid,32,31,63,2,1,60,0.9523809523809523,14,trace_only,True,False,False,4,4,1,1868334,True,True,True,
week10_contamination_full_20260728,incremental_valid_n64_001,11,incremental_valid,64,20324724,69a611c797b1724c0560c500e23b6d20d9af16c0bbfb7f59d473e6e683536f2b,18,nested_heavy_valid,32,31,63,2,1,60,0.9523809523809523,14,minimal,False,False,False,4,4,2,1678375,True,True,True,
week10_contamination_full_20260728,incremental_valid_n64_001,11,incremental_valid,64,20324724,69a611c797b1724c0560c500e23b6d20d9af16c0bbfb7f59d473e6e683536f2b,18,nested_heavy_valid,32,31,63,2,1,60,0.9523809523809523,14,checked,True,True,True,4,4,3,4385750,True,True,True,
week10_contamination_full_20260728,incremental_valid_n64_001,11,incremental_valid,64,20324724,69a611c797b1724c0560c500e23b6d20d9af16c0bbfb7f59d473e6e683536f2b,18,nested_heavy_valid,32,31,63,2,1,60,0.9523809523809523,14,counters_only,False,True,False,4,4,4,1717042,True,True,True,
week10_contamination_full_20260728,incremental_valid_n64_001,11,incremental_valid,64,20324724,69a611c797b1724c0560c500e23b6d20d9af16c0bbfb7f59d473e6e683536f2b,18,nested_heavy_valid,32,31,63,2,1,60,0.9523809523809523,14,instrumented,True,True,False,4,4,5,2054791,True,True,True,
week10_contamination_full_20260728,incremental_valid_n64_001,11,incremental_valid,64,20324724,69a611c797b1724c0560c500e23b6d20d9af16c0bbfb7f59d473e6e683536f2b,18,nested_heavy_valid,32,31,63,2,1,60,0.9523809523809523,14,minimal,False,False,False,5,5,1,1739417,True,True,True,
week10_contamination_full_20260728,incremental_valid_n64_001,11,incremental_valid,64,20324724,69a611c797b1724c0560c500e23b6d20d9af16c0bbfb7f59d473e6e683536f2b,18,nested_heavy_valid,32,31,63,2,1,60,0.9523809523809523,14,checked,True,True,True,5,5,2,4413625,True,True,True,
week10_contamination_full_20260728,incremental_valid_n64_001,11,incremental_valid,64,20324724,69a611c797b1724c0560c500e23b6d20d9af16c0bbfb7f59d473e6e683536f2b,18,nested_heavy_valid,32,31,63,2,1,60,0.9523809523809523,14,counters_only,False,True,False,5,5,3,1713083,True,True,True,
week10_contamination_full_20260728,incremental_valid_n64_001,11,incremental_valid,64,20324724,69a611c797b1724c0560c500e23b6d20d9af16c0bbfb7f59d473e6e683536f2b,18,nested_heavy_valid,32,31,63,2,1,60,0.9523809523809523,14,instrumented,True,True,False,5,5,4,1901125,True,True,True,
week10_contamination_full_20260728,incremental_valid_n64_001,11,incremental_valid,64,20324724,69a611c797b1724c0560c500e23b6d20d9af16c0bbfb7f59d473e6e683536f2b,18,nested_heavy_valid,32,31,63,2,1,60,0.9523809523809523,14,trace_only,True,False,False,5,5,5,1849458,True,True,True,
week10_contamination_full_20260728,incremental_valid_n64_001,11,incremental_valid,64,20324724,69a611c797b1724c0560c500e23b6d20d9af16c0bbfb7f59d473e6e683536f2b,18,nested_heavy_valid,32,31,63,2,1,60,0.9523809523809523,14,checked,True,True,True,6,6,1,4534125,True,True,True,
week10_contamination_full_20260728,incremental_valid_n64_001,11,incremental_valid,64,20324724,69a611c797b1724c0560c500e23b6d20d9af16c0bbfb7f59d473e6e683536f2b,18,nested_heavy_valid,32,31,63,2,1,60,0.9523809523809523,14,counters_only,False,True,False,6,6,2,1755125,True,True,True,
week10_contamination_full_20260728,incremental_valid_n64_001,11,incremental_valid,64,20324724,69a611c797b1724c0560c500e23b6d20d9af16c0bbfb7f59d473e6e683536f2b,18,nested_heavy_valid,32,31,63,2,1,60,0.9523809523809523,14,instrumented,True,True,False,6,6,3,1907875,True,True,True,
week10_contamination_full_20260728,incremental_valid_n64_001,11,incremental_valid,64,20324724,69a611c797b1724c0560c500e23b6d20d9af16c0bbfb7f59d473e6e683536f2b,18,nested_heavy_valid,32,31,63,2,1,60,0.9523809523809523,14,trace_only,True,False,False,6,6,4,1817250,True,True,True,
week10_contamination_full_20260728,incremental_valid_n64_001,11,incremental_valid,64,20324724,69a611c797b1724c0560c500e23b6d20d9af16c0bbfb7f59d473e6e683536f2b,18,nested_heavy_valid,32,31,63,2,1,60,0.9523809523809523,14,minimal,False,False,False,6,6,5,1669125,True,True,True,
week10_contamination_full_20260728,incremental_valid_n64_001,11,incremental_valid,64,20324724,69a611c797b1724c0560c500e23b6d20d9af16c0bbfb7f59d473e6e683536f2b,18,nested_heavy_valid,32,31,63,2,1,60,0.9523809523809523,14,counters_only,False,True,False,7,7,1,1681666,True,True,True,
week10_contamination_full_20260728,incremental_valid_n64_001,11,incremental_valid,64,20324724,69a611c797b1724c0560c500e23b6d20d9af16c0bbfb7f59d473e6e683536f2b,18,nested_heavy_valid,32,31,63,2,1,60,0.9523809523809523,14,instrumented,True,True,False,7,7,2,1858625,True,True,True,
week10_contamination_full_20260728,incremental_valid_n64_001,11,incremental_valid,64,20324724,69a611c797b1724c0560c500e23b6d20d9af16c0bbfb7f59d473e6e683536f2b,18,nested_heavy_valid,32,31,63,2,1,60,0.9523809523809523,14,trace_only,True,False,False,7,7,3,1814792,True,True,True,
week10_contamination_full_20260728,incremental_valid_n64_001,11,incremental_valid,64,20324724,69a611c797b1724c0560c500e23b6d20d9af16c0bbfb7f59d473e6e683536f2b,18,nested_heavy_valid,32,31,63,2,1,60,0.9523809523809523,14,minimal,False,False,False,7,7,4,1695417,True,True,True,
week10_contamination_full_20260728,incremental_valid_n64_001,11,incremental_valid,64,20324724,69a611c797b1724c0560c500e23b6d20d9af16c0bbfb7f59d473e6e683536f2b,18,nested_heavy_valid,32,31,63,2,1,60,0.9523809523809523,14,checked,True,True,True,7,7,5,4400375,True,True,True,
week10_contamination_full_20260728,incremental_valid_n64_001,11,incremental_valid,64,20324724,69a611c797b1724c0560c500e23b6d20d9af16c0bbfb7f59d473e6e683536f2b,18,nested_heavy_valid,32,31,63,2,1,60,0.9523809523809523,14,instrumented,True,True,False,8,8,1,1869042,True,True,True,
week10_contamination_full_20260728,incremental_valid_n64_001,11,incremental_valid,64,20324724,69a611c797b1724c0560c500e23b6d20d9af16c0bbfb7f59d473e6e683536f2b,18,nested_heavy_valid,32,31,63,2,1,60,0.9523809523809523,14,trace_only,True,False,False,8,8,2,1819667,True,True,True,
week10_contamination_full_20260728,incremental_valid_n64_001,11,incremental_valid,64,20324724,69a611c797b1724c0560c500e23b6d20d9af16c0bbfb7f59d473e6e683536f2b,18,nested_heavy_valid,32,31,63,2,1,60,0.9523809523809523,14,minimal,False,False,False,8,8,3,1686833,True,True,True,
week10_contamination_full_20260728,incremental_valid_n64_001,11,incremental_valid,64,20324724,69a611c797b1724c0560c500e23b6d20d9af16c0bbfb7f59d473e6e683536f2b,18,nested_heavy_valid,32,31,63,2,1,60,0.9523809523809523,14,checked,True,True,True,8,8,4,4362042,True,True,True,
week10_contamination_full_20260728,incremental_valid_n64_001,11,incremental_valid,64,20324724,69a611c797b1724c0560c500e23b6d20d9af16c0bbfb7f59d473e6e683536f2b,18,nested_heavy_valid,32,31,63,2,1,60,0.9523809523809523,14,counters_only,False,True,False,8,8,5,1739916,True,True,True,
week10_contamination_full_20260728,incremental_valid_n64_001,11,incremental_valid,64,20324724,69a611c797b1724c0560c500e23b6d20d9af16c0bbfb7f59d473e6e683536f2b,18,nested_heavy_valid,32,31,63,2,1,60,0.9523809523809523,14,trace_only,True,False,False,9,9,1,1951583,True,True,True,
week10_contamination_full_20260728,incremental_valid_n64_001,11,incremental_valid,64,20324724,69a611c797b1724c0560c500e23b6d20d9af16c0bbfb7f59d473e6e683536f2b,18,nested_heavy_valid,32,31,63,2,1,60,0.9523809523809523,14,minimal,False,False,False,9,9,2,1723458,True,True,True,
week10_contamination_full_20260728,incremental_valid_n64_001,11,incremental_valid,64,20324724,69a611c797b1724c0560c500e23b6d20d9af16c0bbfb7f59d473e6e683536f2b,18,nested_heavy_valid,32,31,63,2,1,60,0.9523809523809523,14,checked,True,True,True,9,9,3,4391333,True,True,True,
week10_contamination_full_20260728,incremental_valid_n64_001,11,incremental_valid,64,20324724,69a611c797b1724c0560c500e23b6d20d9af16c0bbfb7f59d473e6e683536f2b,18,nested_heavy_valid,32,31,63,2,1,60,0.9523809523809523,14,counters_only,False,True,False,9,9,4,1724709,True,True,True,
week10_contamination_full_20260728,incremental_valid_n64_001,11,incremental_valid,64,20324724,69a611c797b1724c0560c500e23b6d20d9af16c0bbfb7f59d473e6e683536f2b,18,nested_heavy_valid,32,31,63,2,1,60,0.9523809523809523,14,instrumented,True,True,False,9,9,5,1905416,True,True,True,
week10_contamination_full_20260728,incremental_valid_n64_001,11,incremental_valid,64,20324724,69a611c797b1724c0560c500e23b6d20d9af16c0bbfb7f59d473e6e683536f2b,18,nested_heavy_valid,32,31,63,2,1,60,0.9523809523809523,14,minimal,False,False,False,10,10,1,1674167,True,True,True,
week10_contamination_full_20260728,incremental_valid_n64_001,11,incremental_valid,64,20324724,69a611c797b1724c0560c500e23b6d20d9af16c0bbfb7f59d473e6e683536f2b,18,nested_heavy_valid,32,31,63,2,1,60,0.9523809523809523,14,checked,True,True,True,10,10,2,4404042,True,True,True,
week10_contamination_full_20260728,incremental_valid_n64_001,11,incremental_valid,64,20324724,69a611c797b1724c0560c500e23b6d20d9af16c0bbfb7f59d473e6e683536f2b,18,nested_heavy_valid,32,31,63,2,1,60,0.9523809523809523,14,counters_only,False,True,False,10,10,3,1811458,True,True,True,
week10_contamination_full_20260728,incremental_valid_n64_001,11,incremental_valid,64,20324724,69a611c797b1724c0560c500e23b6d20d9af16c0bbfb7f59d473e6e683536f2b,18,nested_heavy_valid,32,31,63,2,1,60,0.9523809523809523,14,instrumented,True,True,False,10,10,4,1906667,True,True,True,
week10_contamination_full_20260728,incremental_valid_n64_001,11,incremental_valid,64,20324724,69a611c797b1724c0560c500e23b6d20d9af16c0bbfb7f59d473e6e683536f2b,18,nested_heavy_valid,32,31,63,2,1,60,0.9523809523809523,14,trace_only,True,False,False,10,10,5,1879833,True,True,True,
week10_contamination_full_20260728,incremental_valid_n64_001,11,incremental_valid,64,20324724,69a611c797b1724c0560c500e23b6d20d9af16c0bbfb7f59d473e6e683536f2b,18,nested_heavy_valid,32,31,63,2,1,60,0.9523809523809523,14,checked,True,True,True,11,11,1,4358667,True,True,True,
week10_contamination_full_20260728,incremental_valid_n64_001,11,incremental_valid,64,20324724,69a611c797b1724c0560c500e23b6d20d9af16c0bbfb7f59d473e6e683536f2b,18,nested_heavy_valid,32,31,63,2,1,60,0.9523809523809523,14,counters_only,False,True,False,11,11,2,1715042,True,True,True,
week10_contamination_full_20260728,incremental_valid_n64_001,11,incremental_valid,64,20324724,69a611c797b1724c0560c500e23b6d20d9af16c0bbfb7f59d473e6e683536f2b,18,nested_heavy_valid,32,31,63,2,1,60,0.9523809523809523,14,instrumented,True,True,False,11,11,3,1894667,True,True,True,
week10_contamination_full_20260728,incremental_valid_n64_001,11,incremental_valid,64,20324724,69a611c797b1724c0560c500e23b6d20d9af16c0bbfb7f59d473e6e683536f2b,18,nested_heavy_valid,32,31,63,2,1,60,0.9523809523809523,14,trace_only,True,False,False,11,11,4,1868125,True,True,True,
week10_contamination_full_20260728,incremental_valid_n64_001,11,incremental_valid,64,20324724,69a611c797b1724c0560c500e23b6d20d9af16c0bbfb7f59d473e6e683536f2b,18,nested_heavy_valid,32,31,63,2,1,60,0.9523809523809523,14,minimal,False,False,False,11,11,5,1728500,True,True,True,
week10_contamination_full_20260728,incremental_valid_n64_001,11,incremental_valid,64,20324724,69a611c797b1724c0560c500e23b6d20d9af16c0bbfb7f59d473e6e683536f2b,18,nested_heavy_valid,32,31,63,2,1,60,0.9523809523809523,14,counters_only,False,True,False,12,12,1,1778417,True,True,True,
week10_contamination_full_20260728,incremental_valid_n64_001,11,incremental_valid,64,20324724,69a611c797b1724c0560c500e23b6d20d9af16c0bbfb7f59d473e6e683536f2b,18,nested_heavy_valid,32,31,63,2,1,60,0.9523809523809523,14,instrumented,True,True,False,12,12,2,1905750,True,True,True,
week10_contamination_full_20260728,incremental_valid_n64_001,11,incremental_valid,64,20324724,69a611c797b1724c0560c500e23b6d20d9af16c0bbfb7f59d473e6e683536f2b,18,nested_heavy_valid,32,31,63,2,1,60,0.9523809523809523,14,trace_only,True,False,False,12,12,3,1853625,True,True,True,
week10_contamination_full_20260728,incremental_valid_n64_001,11,incremental_valid,64,20324724,69a611c797b1724c0560c500e23b6d20d9af16c0bbfb7f59d473e6e683536f2b,18,nested_heavy_valid,32,31,63,2,1,60,0.9523809523809523,14,minimal,False,False,False,12,12,4,1688417,True,True,True,
week10_contamination_full_20260728,incremental_valid_n64_001,11,incremental_valid,64,20324724,69a611c797b1724c0560c500e23b6d20d9af16c0bbfb7f59d473e6e683536f2b,18,nested_heavy_valid,32,31,63,2,1,60,0.9523809523809523,14,checked,True,True,True,12,12,5,4383708,True,True,True,
week10_contamination_full_20260728,incremental_valid_n64_001,11,incremental_valid,64,20324724,69a611c797b1724c0560c500e23b6d20d9af16c0bbfb7f59d473e6e683536f2b,18,nested_heavy_valid,32,31,63,2,1,60,0.9523809523809523,14,instrumented,True,True,False,13,13,1,1909458,True,True,True,
week10_contamination_full_20260728,incremental_valid_n64_001,11,incremental_valid,64,20324724,69a611c797b1724c0560c500e23b6d20d9af16c0bbfb7f59d473e6e683536f2b,18,nested_heavy_valid,32,31,63,2,1,60,0.9523809523809523,14,trace_only,True,False,False,13,13,2,1873625,True,True,True,
week10_contamination_full_20260728,incremental_valid_n64_001,11,incremental_valid,64,20324724,69a611c797b1724c0560c500e23b6d20d9af16c0bbfb7f59d473e6e683536f2b,18,nested_heavy_valid,32,31,63,2,1,60,0.9523809523809523,14,minimal,False,False,False,13,13,3,1785292,True,True,True,
week10_contamination_full_20260728,incremental_valid_n64_001,11,incremental_valid,64,20324724,69a611c797b1724c0560c500e23b6d20d9af16c0bbfb7f59d473e6e683536f2b,18,nested_heavy_valid,32,31,63,2,1,60,0.9523809523809523,14,checked,True,True,True,13,13,4,4374958,True,True,True,
week10_contamination_full_20260728,incremental_valid_n64_001,11,incremental_valid,64,20324724,69a611c797b1724c0560c500e23b6d20d9af16c0bbfb7f59d473e6e683536f2b,18,nested_heavy_valid,32,31,63,2,1,60,0.9523809523809523,14,counters_only,False,True,False,13,13,5,1743125,True,True,True,
week10_contamination_full_20260728,incremental_valid_n64_001,11,incremental_valid,64,20324724,69a611c797b1724c0560c500e23b6d20d9af16c0bbfb7f59d473e6e683536f2b,18,nested_heavy_valid,32,31,63,2,1,60,0.9523809523809523,14,trace_only,True,False,False,14,14,1,1902167,True,True,True,
week10_contamination_full_20260728,incremental_valid_n64_001,11,incremental_valid,64,20324724,69a611c797b1724c0560c500e23b6d20d9af16c0bbfb7f59d473e6e683536f2b,18,nested_heavy_valid,32,31,63,2,1,60,0.9523809523809523,14,minimal,False,False,False,14,14,2,1676709,True,True,True,
week10_contamination_full_20260728,incremental_valid_n64_001,11,incremental_valid,64,20324724,69a611c797b1724c0560c500e23b6d20d9af16c0bbfb7f59d473e6e683536f2b,18,nested_heavy_valid,32,31,63,2,1,60,0.9523809523809523,14,checked,True,True,True,14,14,3,4412709,True,True,True,
week10_contamination_full_20260728,incremental_valid_n64_001,11,incremental_valid,64,20324724,69a611c797b1724c0560c500e23b6d20d9af16c0bbfb7f59d473e6e683536f2b,18,nested_heavy_valid,32,31,63,2,1,60,0.9523809523809523,14,counters_only,False,True,False,14,14,4,1730500,True,True,True,
week10_contamination_full_20260728,incremental_valid_n64_001,11,incremental_valid,64,20324724,69a611c797b1724c0560c500e23b6d20d9af16c0bbfb7f59d473e6e683536f2b,18,nested_heavy_valid,32,31,63,2,1,60,0.9523809523809523,14,instrumented,True,True,False,14,14,5,1976209,True,True,True,
week10_contamination_full_20260728,incremental_valid_n64_001,11,incremental_valid,64,20324724,69a611c797b1724c0560c500e23b6d20d9af16c0bbfb7f59d473e6e683536f2b,18,nested_heavy_valid,32,31,63,2,1,60,0.9523809523809523,14,minimal,False,False,False,15,15,1,1696458,True,True,True,
week10_contamination_full_20260728,incremental_valid_n64_001,11,incremental_valid,64,20324724,69a611c797b1724c0560c500e23b6d20d9af16c0bbfb7f59d473e6e683536f2b,18,nested_heavy_valid,32,31,63,2,1,60,0.9523809523809523,14,checked,True,True,True,15,15,2,4395167,True,True,True,
week10_contamination_full_20260728,incremental_valid_n64_001,11,incremental_valid,64,20324724,69a611c797b1724c0560c500e23b6d20d9af16c0bbfb7f59d473e6e683536f2b,18,nested_heavy_valid,32,31,63,2,1,60,0.9523809523809523,14,counters_only,False,True,False,15,15,3,1723208,True,True,True,
week10_contamination_full_20260728,incremental_valid_n64_001,11,incremental_valid,64,20324724,69a611c797b1724c0560c500e23b6d20d9af16c0bbfb7f59d473e6e683536f2b,18,nested_heavy_valid,32,31,63,2,1,60,0.9523809523809523,14,instrumented,True,True,False,15,15,4,1920375,True,True,True,
week10_contamination_full_20260728,incremental_valid_n64_001,11,incremental_valid,64,20324724,69a611c797b1724c0560c500e23b6d20d9af16c0bbfb7f59d473e6e683536f2b,18,nested_heavy_valid,32,31,63,2,1,60,0.9523809523809523,14,trace_only,True,False,False,15,15,5,1862917,True,True,True,
week10_contamination_full_20260728,incremental_valid_n128_001,14,incremental_valid,128,20388724,96c9ddf6b53e8581cae8b2e8ac84990c20bf51a2058ff10873b3e0129af52acd,19,nested_heavy_valid,64,63,127,2,2,123,0.968503937007874,22,minimal,False,False,False,1,1,1,3662083,True,True,True,
week10_contamination_full_20260728,incremental_valid_n128_001,14,incremental_valid,128,20388724,96c9ddf6b53e8581cae8b2e8ac84990c20bf51a2058ff10873b3e0129af52acd,19,nested_heavy_valid,64,63,127,2,2,123,0.968503937007874,22,trace_only,True,False,False,1,1,2,4067584,True,True,True,
week10_contamination_full_20260728,incremental_valid_n128_001,14,incremental_valid,128,20388724,96c9ddf6b53e8581cae8b2e8ac84990c20bf51a2058ff10873b3e0129af52acd,19,nested_heavy_valid,64,63,127,2,2,123,0.968503937007874,22,instrumented,True,True,False,1,1,3,4246125,True,True,True,
week10_contamination_full_20260728,incremental_valid_n128_001,14,incremental_valid,128,20388724,96c9ddf6b53e8581cae8b2e8ac84990c20bf51a2058ff10873b3e0129af52acd,19,nested_heavy_valid,64,63,127,2,2,123,0.968503937007874,22,checked,True,True,True,1,1,4,15747917,True,True,True,
week10_contamination_full_20260728,incremental_valid_n128_001,14,incremental_valid,128,20388724,96c9ddf6b53e8581cae8b2e8ac84990c20bf51a2058ff10873b3e0129af52acd,19,nested_heavy_valid,64,63,127,2,2,123,0.968503937007874,22,counters_only,False,True,False,1,1,5,3747458,True,True,True,
week10_contamination_full_20260728,incremental_valid_n128_001,14,incremental_valid,128,20388724,96c9ddf6b53e8581cae8b2e8ac84990c20bf51a2058ff10873b3e0129af52acd,19,nested_heavy_valid,64,63,127,2,2,123,0.968503937007874,22,trace_only,True,False,False,2,2,1,4015792,True,True,True,
week10_contamination_full_20260728,incremental_valid_n128_001,14,incremental_valid,128,20388724,96c9ddf6b53e8581cae8b2e8ac84990c20bf51a2058ff10873b3e0129af52acd,19,nested_heavy_valid,64,63,127,2,2,123,0.968503937007874,22,instrumented,True,True,False,2,2,2,4117791,True,True,True,
week10_contamination_full_20260728,incremental_valid_n128_001,14,incremental_valid,128,20388724,96c9ddf6b53e8581cae8b2e8ac84990c20bf51a2058ff10873b3e0129af52acd,19,nested_heavy_valid,64,63,127,2,2,123,0.968503937007874,22,checked,True,True,True,2,2,3,15855334,True,True,True,
week10_contamination_full_20260728,incremental_valid_n128_001,14,incremental_valid,128,20388724,96c9ddf6b53e8581cae8b2e8ac84990c20bf51a2058ff10873b3e0129af52acd,19,nested_heavy_valid,64,63,127,2,2,123,0.968503937007874,22,counters_only,False,True,False,2,2,4,3941083,True,True,True,
week10_contamination_full_20260728,incremental_valid_n128_001,14,incremental_valid,128,20388724,96c9ddf6b53e8581cae8b2e8ac84990c20bf51a2058ff10873b3e0129af52acd,19,nested_heavy_valid,64,63,127,2,2,123,0.968503937007874,22,minimal,False,False,False,2,2,5,3677542,True,True,True,
week10_contamination_full_20260728,incremental_valid_n128_001,14,incremental_valid,128,20388724,96c9ddf6b53e8581cae8b2e8ac84990c20bf51a2058ff10873b3e0129af52acd,19,nested_heavy_valid,64,63,127,2,2,123,0.968503937007874,22,instrumented,True,True,False,3,3,1,4149500,True,True,True,
week10_contamination_full_20260728,incremental_valid_n128_001,14,incremental_valid,128,20388724,96c9ddf6b53e8581cae8b2e8ac84990c20bf51a2058ff10873b3e0129af52acd,19,nested_heavy_valid,64,63,127,2,2,123,0.968503937007874,22,checked,True,True,True,3,3,2,15661708,True,True,True,
week10_contamination_full_20260728,incremental_valid_n128_001,14,incremental_valid,128,20388724,96c9ddf6b53e8581cae8b2e8ac84990c20bf51a2058ff10873b3e0129af52acd,19,nested_heavy_valid,64,63,127,2,2,123,0.968503937007874,22,counters_only,False,True,False,3,3,3,3668875,True,True,True,
week10_contamination_full_20260728,incremental_valid_n128_001,14,incremental_valid,128,20388724,96c9ddf6b53e8581cae8b2e8ac84990c20bf51a2058ff10873b3e0129af52acd,19,nested_heavy_valid,64,63,127,2,2,123,0.968503937007874,22,minimal,False,False,False,3,3,4,3625791,True,True,True,
week10_contamination_full_20260728,incremental_valid_n128_001,14,incremental_valid,128,20388724,96c9ddf6b53e8581cae8b2e8ac84990c20bf51a2058ff10873b3e0129af52acd,19,nested_heavy_valid,64,63,127,2,2,123,0.968503937007874,22,trace_only,True,False,False,3,3,5,4081667,True,True,True,
week10_contamination_full_20260728,incremental_valid_n128_001,14,incremental_valid,128,20388724,96c9ddf6b53e8581cae8b2e8ac84990c20bf51a2058ff10873b3e0129af52acd,19,nested_heavy_valid,64,63,127,2,2,123,0.968503937007874,22,checked,True,True,True,4,4,1,15904666,True,True,True,
week10_contamination_full_20260728,incremental_valid_n128_001,14,incremental_valid,128,20388724,96c9ddf6b53e8581cae8b2e8ac84990c20bf51a2058ff10873b3e0129af52acd,19,nested_heavy_valid,64,63,127,2,2,123,0.968503937007874,22,counters_only,False,True,False,4,4,2,3767375,True,True,True,
week10_contamination_full_20260728,incremental_valid_n128_001,14,incremental_valid,128,20388724,96c9ddf6b53e8581cae8b2e8ac84990c20bf51a2058ff10873b3e0129af52acd,19,nested_heavy_valid,64,63,127,2,2,123,0.968503937007874,22,minimal,False,False,False,4,4,3,3664625,True,True,True,
week10_contamination_full_20260728,incremental_valid_n128_001,14,incremental_valid,128,20388724,96c9ddf6b53e8581cae8b2e8ac84990c20bf51a2058ff10873b3e0129af52acd,19,nested_heavy_valid,64,63,127,2,2,123,0.968503937007874,22,trace_only,True,False,False,4,4,4,4032000,True,True,True,
week10_contamination_full_20260728,incremental_valid_n128_001,14,incremental_valid,128,20388724,96c9ddf6b53e8581cae8b2e8ac84990c20bf51a2058ff10873b3e0129af52acd,19,nested_heavy_valid,64,63,127,2,2,123,0.968503937007874,22,instrumented,True,True,False,4,4,5,4315250,True,True,True,
week10_contamination_full_20260728,incremental_valid_n128_001,14,incremental_valid,128,20388724,96c9ddf6b53e8581cae8b2e8ac84990c20bf51a2058ff10873b3e0129af52acd,19,nested_heavy_valid,64,63,127,2,2,123,0.968503937007874,22,counters_only,False,True,False,5,5,1,3754042,True,True,True,
week10_contamination_full_20260728,incremental_valid_n128_001,14,incremental_valid,128,20388724,96c9ddf6b53e8581cae8b2e8ac84990c20bf51a2058ff10873b3e0129af52acd,19,nested_heavy_valid,64,63,127,2,2,123,0.968503937007874,22,minimal,False,False,False,5,5,2,3690083,True,True,True,
week10_contamination_full_20260728,incremental_valid_n128_001,14,incremental_valid,128,20388724,96c9ddf6b53e8581cae8b2e8ac84990c20bf51a2058ff10873b3e0129af52acd,19,nested_heavy_valid,64,63,127,2,2,123,0.968503937007874,22,trace_only,True,False,False,5,5,3,4012958,True,True,True,
week10_contamination_full_20260728,incremental_valid_n128_001,14,incremental_valid,128,20388724,96c9ddf6b53e8581cae8b2e8ac84990c20bf51a2058ff10873b3e0129af52acd,19,nested_heavy_valid,64,63,127,2,2,123,0.968503937007874,22,instrumented,True,True,False,5,5,4,4530208,True,True,True,
week10_contamination_full_20260728,incremental_valid_n128_001,14,incremental_valid,128,20388724,96c9ddf6b53e8581cae8b2e8ac84990c20bf51a2058ff10873b3e0129af52acd,19,nested_heavy_valid,64,63,127,2,2,123,0.968503937007874,22,checked,True,True,True,5,5,5,15685458,True,True,True,
week10_contamination_full_20260728,incremental_valid_n128_001,14,incremental_valid,128,20388724,96c9ddf6b53e8581cae8b2e8ac84990c20bf51a2058ff10873b3e0129af52acd,19,nested_heavy_valid,64,63,127,2,2,123,0.968503937007874,22,minimal,False,False,False,6,6,1,3929583,True,True,True,
week10_contamination_full_20260728,incremental_valid_n128_001,14,incremental_valid,128,20388724,96c9ddf6b53e8581cae8b2e8ac84990c20bf51a2058ff10873b3e0129af52acd,19,nested_heavy_valid,64,63,127,2,2,123,0.968503937007874,22,trace_only,True,False,False,6,6,2,4083708,True,True,True,
week10_contamination_full_20260728,incremental_valid_n128_001,14,incremental_valid,128,20388724,96c9ddf6b53e8581cae8b2e8ac84990c20bf51a2058ff10873b3e0129af52acd,19,nested_heavy_valid,64,63,127,2,2,123,0.968503937007874,22,instrumented,True,True,False,6,6,3,4113084,True,True,True,
week10_contamination_full_20260728,incremental_valid_n128_001,14,incremental_valid,128,20388724,96c9ddf6b53e8581cae8b2e8ac84990c20bf51a2058ff10873b3e0129af52acd,19,nested_heavy_valid,64,63,127,2,2,123,0.968503937007874,22,checked,True,True,True,6,6,4,15802292,True,True,True,
week10_contamination_full_20260728,incremental_valid_n128_001,14,incremental_valid,128,20388724,96c9ddf6b53e8581cae8b2e8ac84990c20bf51a2058ff10873b3e0129af52acd,19,nested_heavy_valid,64,63,127,2,2,123,0.968503937007874,22,counters_only,False,True,False,6,6,5,3794667,True,True,True,
week10_contamination_full_20260728,incremental_valid_n128_001,14,incremental_valid,128,20388724,96c9ddf6b53e8581cae8b2e8ac84990c20bf51a2058ff10873b3e0129af52acd,19,nested_heavy_valid,64,63,127,2,2,123,0.968503937007874,22,trace_only,True,False,False,7,7,1,4231458,True,True,True,
week10_contamination_full_20260728,incremental_valid_n128_001,14,incremental_valid,128,20388724,96c9ddf6b53e8581cae8b2e8ac84990c20bf51a2058ff10873b3e0129af52acd,19,nested_heavy_valid,64,63,127,2,2,123,0.968503937007874,22,instrumented,True,True,False,7,7,2,4057416,True,True,True,
week10_contamination_full_20260728,incremental_valid_n128_001,14,incremental_valid,128,20388724,96c9ddf6b53e8581cae8b2e8ac84990c20bf51a2058ff10873b3e0129af52acd,19,nested_heavy_valid,64,63,127,2,2,123,0.968503937007874,22,checked,True,True,True,7,7,3,15468917,True,True,True,
week10_contamination_full_20260728,incremental_valid_n128_001,14,incremental_valid,128,20388724,96c9ddf6b53e8581cae8b2e8ac84990c20bf51a2058ff10873b3e0129af52acd,19,nested_heavy_valid,64,63,127,2,2,123,0.968503937007874,22,counters_only,False,True,False,7,7,4,3675834,True,True,True,
week10_contamination_full_20260728,incremental_valid_n128_001,14,incremental_valid,128,20388724,96c9ddf6b53e8581cae8b2e8ac84990c20bf51a2058ff10873b3e0129af52acd,19,nested_heavy_valid,64,63,127,2,2,123,0.968503937007874,22,minimal,False,False,False,7,7,5,3629167,True,True,True,
week10_contamination_full_20260728,incremental_valid_n128_001,14,incremental_valid,128,20388724,96c9ddf6b53e8581cae8b2e8ac84990c20bf51a2058ff10873b3e0129af52acd,19,nested_heavy_valid,64,63,127,2,2,123,0.968503937007874,22,instrumented,True,True,False,8,8,1,4323916,True,True,True,
week10_contamination_full_20260728,incremental_valid_n128_001,14,incremental_valid,128,20388724,96c9ddf6b53e8581cae8b2e8ac84990c20bf51a2058ff10873b3e0129af52acd,19,nested_heavy_valid,64,63,127,2,2,123,0.968503937007874,22,checked,True,True,True,8,8,2,15701417,True,True,True,
week10_contamination_full_20260728,incremental_valid_n128_001,14,incremental_valid,128,20388724,96c9ddf6b53e8581cae8b2e8ac84990c20bf51a2058ff10873b3e0129af52acd,19,nested_heavy_valid,64,63,127,2,2,123,0.968503937007874,22,counters_only,False,True,False,8,8,3,3912375,True,True,True,
week10_contamination_full_20260728,incremental_valid_n128_001,14,incremental_valid,128,20388724,96c9ddf6b53e8581cae8b2e8ac84990c20bf51a2058ff10873b3e0129af52acd,19,nested_heavy_valid,64,63,127,2,2,123,0.968503937007874,22,minimal,False,False,False,8,8,4,3608417,True,True,True,
week10_contamination_full_20260728,incremental_valid_n128_001,14,incremental_valid,128,20388724,96c9ddf6b53e8581cae8b2e8ac84990c20bf51a2058ff10873b3e0129af52acd,19,nested_heavy_valid,64,63,127,2,2,123,0.968503937007874,22,trace_only,True,False,False,8,8,5,3954584,True,True,True,
week10_contamination_full_20260728,incremental_valid_n128_001,14,incremental_valid,128,20388724,96c9ddf6b53e8581cae8b2e8ac84990c20bf51a2058ff10873b3e0129af52acd,19,nested_heavy_valid,64,63,127,2,2,123,0.968503937007874,22,checked,True,True,True,9,9,1,15701750,True,True,True,
week10_contamination_full_20260728,incremental_valid_n128_001,14,incremental_valid,128,20388724,96c9ddf6b53e8581cae8b2e8ac84990c20bf51a2058ff10873b3e0129af52acd,19,nested_heavy_valid,64,63,127,2,2,123,0.968503937007874,22,counters_only,False,True,False,9,9,2,3761542,True,True,True,
week10_contamination_full_20260728,incremental_valid_n128_001,14,incremental_valid,128,20388724,96c9ddf6b53e8581cae8b2e8ac84990c20bf51a2058ff10873b3e0129af52acd,19,nested_heavy_valid,64,63,127,2,2,123,0.968503937007874,22,minimal,False,False,False,9,9,3,3915625,True,True,True,
week10_contamination_full_20260728,incremental_valid_n128_001,14,incremental_valid,128,20388724,96c9ddf6b53e8581cae8b2e8ac84990c20bf51a2058ff10873b3e0129af52acd,19,nested_heavy_valid,64,63,127,2,2,123,0.968503937007874,22,trace_only,True,False,False,9,9,4,4058000,True,True,True,
week10_contamination_full_20260728,incremental_valid_n128_001,14,incremental_valid,128,20388724,96c9ddf6b53e8581cae8b2e8ac84990c20bf51a2058ff10873b3e0129af52acd,19,nested_heavy_valid,64,63,127,2,2,123,0.968503937007874,22,instrumented,True,True,False,9,9,5,4166167,True,True,True,
week10_contamination_full_20260728,incremental_valid_n128_001,14,incremental_valid,128,20388724,96c9ddf6b53e8581cae8b2e8ac84990c20bf51a2058ff10873b3e0129af52acd,19,nested_heavy_valid,64,63,127,2,2,123,0.968503937007874,22,counters_only,False,True,False,10,10,1,3753375,True,True,True,
week10_contamination_full_20260728,incremental_valid_n128_001,14,incremental_valid,128,20388724,96c9ddf6b53e8581cae8b2e8ac84990c20bf51a2058ff10873b3e0129af52acd,19,nested_heavy_valid,64,63,127,2,2,123,0.968503937007874,22,minimal,False,False,False,10,10,2,3819875,True,True,True,
week10_contamination_full_20260728,incremental_valid_n128_001,14,incremental_valid,128,20388724,96c9ddf6b53e8581cae8b2e8ac84990c20bf51a2058ff10873b3e0129af52acd,19,nested_heavy_valid,64,63,127,2,2,123,0.968503937007874,22,trace_only,True,False,False,10,10,3,4018333,True,True,True,
week10_contamination_full_20260728,incremental_valid_n128_001,14,incremental_valid,128,20388724,96c9ddf6b53e8581cae8b2e8ac84990c20bf51a2058ff10873b3e0129af52acd,19,nested_heavy_valid,64,63,127,2,2,123,0.968503937007874,22,instrumented,True,True,False,10,10,4,4073500,True,True,True,
week10_contamination_full_20260728,incremental_valid_n128_001,14,incremental_valid,128,20388724,96c9ddf6b53e8581cae8b2e8ac84990c20bf51a2058ff10873b3e0129af52acd,19,nested_heavy_valid,64,63,127,2,2,123,0.968503937007874,22,checked,True,True,True,10,10,5,15758375,True,True,True,
week10_contamination_full_20260728,incremental_valid_n128_001,14,incremental_valid,128,20388724,96c9ddf6b53e8581cae8b2e8ac84990c20bf51a2058ff10873b3e0129af52acd,19,nested_heavy_valid,64,63,127,2,2,123,0.968503937007874,22,minimal,False,False,False,11,11,1,3672958,True,True,True,
week10_contamination_full_20260728,incremental_valid_n128_001,14,incremental_valid,128,20388724,96c9ddf6b53e8581cae8b2e8ac84990c20bf51a2058ff10873b3e0129af52acd,19,nested_heavy_valid,64,63,127,2,2,123,0.968503937007874,22,trace_only,True,False,False,11,11,2,4070083,True,True,True,
week10_contamination_full_20260728,incremental_valid_n128_001,14,incremental_valid,128,20388724,96c9ddf6b53e8581cae8b2e8ac84990c20bf51a2058ff10873b3e0129af52acd,19,nested_heavy_valid,64,63,127,2,2,123,0.968503937007874,22,instrumented,True,True,False,11,11,3,4245291,True,True,True,
week10_contamination_full_20260728,incremental_valid_n128_001,14,incremental_valid,128,20388724,96c9ddf6b53e8581cae8b2e8ac84990c20bf51a2058ff10873b3e0129af52acd,19,nested_heavy_valid,64,63,127,2,2,123,0.968503937007874,22,checked,True,True,True,11,11,4,15865917,True,True,True,
week10_contamination_full_20260728,incremental_valid_n128_001,14,incremental_valid,128,20388724,96c9ddf6b53e8581cae8b2e8ac84990c20bf51a2058ff10873b3e0129af52acd,19,nested_heavy_valid,64,63,127,2,2,123,0.968503937007874,22,counters_only,False,True,False,11,11,5,3745750,True,True,True,
week10_contamination_full_20260728,incremental_valid_n128_001,14,incremental_valid,128,20388724,96c9ddf6b53e8581cae8b2e8ac84990c20bf51a2058ff10873b3e0129af52acd,19,nested_heavy_valid,64,63,127,2,2,123,0.968503937007874,22,trace_only,True,False,False,12,12,1,4034458,True,True,True,
week10_contamination_full_20260728,incremental_valid_n128_001,14,incremental_valid,128,20388724,96c9ddf6b53e8581cae8b2e8ac84990c20bf51a2058ff10873b3e0129af52acd,19,nested_heavy_valid,64,63,127,2,2,123,0.968503937007874,22,instrumented,True,True,False,12,12,2,4151042,True,True,True,
week10_contamination_full_20260728,incremental_valid_n128_001,14,incremental_valid,128,20388724,96c9ddf6b53e8581cae8b2e8ac84990c20bf51a2058ff10873b3e0129af52acd,19,nested_heavy_valid,64,63,127,2,2,123,0.968503937007874,22,checked,True,True,True,12,12,3,15873083,True,True,True,
week10_contamination_full_20260728,incremental_valid_n128_001,14,incremental_valid,128,20388724,96c9ddf6b53e8581cae8b2e8ac84990c20bf51a2058ff10873b3e0129af52acd,19,nested_heavy_valid,64,63,127,2,2,123,0.968503937007874,22,counters_only,False,True,False,12,12,4,3869542,True,True,True,
week10_contamination_full_20260728,incremental_valid_n128_001,14,incremental_valid,128,20388724,96c9ddf6b53e8581cae8b2e8ac84990c20bf51a2058ff10873b3e0129af52acd,19,nested_heavy_valid,64,63,127,2,2,123,0.968503937007874,22,minimal,False,False,False,12,12,5,3696625,True,True,True,
week10_contamination_full_20260728,incremental_valid_n128_001,14,incremental_valid,128,20388724,96c9ddf6b53e8581cae8b2e8ac84990c20bf51a2058ff10873b3e0129af52acd,19,nested_heavy_valid,64,63,127,2,2,123,0.968503937007874,22,instrumented,True,True,False,13,13,1,4075917,True,True,True,
week10_contamination_full_20260728,incremental_valid_n128_001,14,incremental_valid,128,20388724,96c9ddf6b53e8581cae8b2e8ac84990c20bf51a2058ff10873b3e0129af52acd,19,nested_heavy_valid,64,63,127,2,2,123,0.968503937007874,22,checked,True,True,True,13,13,2,15497583,True,True,True,
week10_contamination_full_20260728,incremental_valid_n128_001,14,incremental_valid,128,20388724,96c9ddf6b53e8581cae8b2e8ac84990c20bf51a2058ff10873b3e0129af52acd,19,nested_heavy_valid,64,63,127,2,2,123,0.968503937007874,22,counters_only,False,True,False,13,13,3,3716708,True,True,True,
week10_contamination_full_20260728,incremental_valid_n128_001,14,incremental_valid,128,20388724,96c9ddf6b53e8581cae8b2e8ac84990c20bf51a2058ff10873b3e0129af52acd,19,nested_heavy_valid,64,63,127,2,2,123,0.968503937007874,22,minimal,False,False,False,13,13,4,3718625,True,True,True,
week10_contamination_full_20260728,incremental_valid_n128_001,14,incremental_valid,128,20388724,96c9ddf6b53e8581cae8b2e8ac84990c20bf51a2058ff10873b3e0129af52acd,19,nested_heavy_valid,64,63,127,2,2,123,0.968503937007874,22,trace_only,True,False,False,13,13,5,4160375,True,True,True,
week10_contamination_full_20260728,incremental_valid_n128_001,14,incremental_valid,128,20388724,96c9ddf6b53e8581cae8b2e8ac84990c20bf51a2058ff10873b3e0129af52acd,19,nested_heavy_valid,64,63,127,2,2,123,0.968503937007874,22,checked,True,True,True,14,14,1,15745916,True,True,True,
week10_contamination_full_20260728,incremental_valid_n128_001,14,incremental_valid,128,20388724,96c9ddf6b53e8581cae8b2e8ac84990c20bf51a2058ff10873b3e0129af52acd,19,nested_heavy_valid,64,63,127,2,2,123,0.968503937007874,22,counters_only,False,True,False,14,14,2,3799125,True,True,True,
week10_contamination_full_20260728,incremental_valid_n128_001,14,incremental_valid,128,20388724,96c9ddf6b53e8581cae8b2e8ac84990c20bf51a2058ff10873b3e0129af52acd,19,nested_heavy_valid,64,63,127,2,2,123,0.968503937007874,22,minimal,False,False,False,14,14,3,3672708,True,True,True,
week10_contamination_full_20260728,incremental_valid_n128_001,14,incremental_valid,128,20388724,96c9ddf6b53e8581cae8b2e8ac84990c20bf51a2058ff10873b3e0129af52acd,19,nested_heavy_valid,64,63,127,2,2,123,0.968503937007874,22,trace_only,True,False,False,14,14,4,4006958,True,True,True,
week10_contamination_full_20260728,incremental_valid_n128_001,14,incremental_valid,128,20388724,96c9ddf6b53e8581cae8b2e8ac84990c20bf51a2058ff10873b3e0129af52acd,19,nested_heavy_valid,64,63,127,2,2,123,0.968503937007874,22,instrumented,True,True,False,14,14,5,4277125,True,True,True,
week10_contamination_full_20260728,incremental_valid_n128_001,14,incremental_valid,128,20388724,96c9ddf6b53e8581cae8b2e8ac84990c20bf51a2058ff10873b3e0129af52acd,19,nested_heavy_valid,64,63,127,2,2,123,0.968503937007874,22,counters_only,False,True,False,15,15,1,3755292,True,True,True,
week10_contamination_full_20260728,incremental_valid_n128_001,14,incremental_valid,128,20388724,96c9ddf6b53e8581cae8b2e8ac84990c20bf51a2058ff10873b3e0129af52acd,19,nested_heavy_valid,64,63,127,2,2,123,0.968503937007874,22,minimal,False,False,False,15,15,2,3665209,True,True,True,
week10_contamination_full_20260728,incremental_valid_n128_001,14,incremental_valid,128,20388724,96c9ddf6b53e8581cae8b2e8ac84990c20bf51a2058ff10873b3e0129af52acd,19,nested_heavy_valid,64,63,127,2,2,123,0.968503937007874,22,trace_only,True,False,False,15,15,3,4010083,True,True,True,
week10_contamination_full_20260728,incremental_valid_n128_001,14,incremental_valid,128,20388724,96c9ddf6b53e8581cae8b2e8ac84990c20bf51a2058ff10873b3e0129af52acd,19,nested_heavy_valid,64,63,127,2,2,123,0.968503937007874,22,instrumented,True,True,False,15,15,4,4264208,True,True,True,
week10_contamination_full_20260728,incremental_valid_n128_001,14,incremental_valid,128,20388724,96c9ddf6b53e8581cae8b2e8ac84990c20bf51a2058ff10873b3e0129af52acd,19,nested_heavy_valid,64,63,127,2,2,123,0.968503937007874,22,checked,True,True,True,15,15,5,15582375,True,True,True,
week10_contamination_full_20260728,flat_valid_n32_001,0,flat_valid,32,,4d459b563c403474d2f85cbb867d86fd52e6f44fff3cd9448aaa3ff4efb3f2b7,20,strict_flat,16,15,31,16,15,0,0.0,0,trace_only,True,False,False,1,1,1,616792,True,True,True,
week10_contamination_full_20260728,flat_valid_n32_001,0,flat_valid,32,,4d459b563c403474d2f85cbb867d86fd52e6f44fff3cd9448aaa3ff4efb3f2b7,20,strict_flat,16,15,31,16,15,0,0.0,0,minimal,False,False,False,1,1,2,541584,True,True,True,
week10_contamination_full_20260728,flat_valid_n32_001,0,flat_valid,32,,4d459b563c403474d2f85cbb867d86fd52e6f44fff3cd9448aaa3ff4efb3f2b7,20,strict_flat,16,15,31,16,15,0,0.0,0,checked,True,True,True,1,1,3,635458,True,True,True,
week10_contamination_full_20260728,flat_valid_n32_001,0,flat_valid,32,,4d459b563c403474d2f85cbb867d86fd52e6f44fff3cd9448aaa3ff4efb3f2b7,20,strict_flat,16,15,31,16,15,0,0.0,0,counters_only,False,True,False,1,1,4,548125,True,True,True,
week10_contamination_full_20260728,flat_valid_n32_001,0,flat_valid,32,,4d459b563c403474d2f85cbb867d86fd52e6f44fff3cd9448aaa3ff4efb3f2b7,20,strict_flat,16,15,31,16,15,0,0.0,0,instrumented,True,True,False,1,1,5,622875,True,True,True,
week10_contamination_full_20260728,flat_valid_n32_001,0,flat_valid,32,,4d459b563c403474d2f85cbb867d86fd52e6f44fff3cd9448aaa3ff4efb3f2b7,20,strict_flat,16,15,31,16,15,0,0.0,0,minimal,False,False,False,2,2,1,545167,True,True,True,
week10_contamination_full_20260728,flat_valid_n32_001,0,flat_valid,32,,4d459b563c403474d2f85cbb867d86fd52e6f44fff3cd9448aaa3ff4efb3f2b7,20,strict_flat,16,15,31,16,15,0,0.0,0,checked,True,True,True,2,2,2,632042,True,True,True,
week10_contamination_full_20260728,flat_valid_n32_001,0,flat_valid,32,,4d459b563c403474d2f85cbb867d86fd52e6f44fff3cd9448aaa3ff4efb3f2b7,20,strict_flat,16,15,31,16,15,0,0.0,0,counters_only,False,True,False,2,2,3,549750,True,True,True,
week10_contamination_full_20260728,flat_valid_n32_001,0,flat_valid,32,,4d459b563c403474d2f85cbb867d86fd52e6f44fff3cd9448aaa3ff4efb3f2b7,20,strict_flat,16,15,31,16,15,0,0.0,0,instrumented,True,True,False,2,2,4,653208,True,True,True,
week10_contamination_full_20260728,flat_valid_n32_001,0,flat_valid,32,,4d459b563c403474d2f85cbb867d86fd52e6f44fff3cd9448aaa3ff4efb3f2b7,20,strict_flat,16,15,31,16,15,0,0.0,0,trace_only,True,False,False,2,2,5,617500,True,True,True,
week10_contamination_full_20260728,flat_valid_n32_001,0,flat_valid,32,,4d459b563c403474d2f85cbb867d86fd52e6f44fff3cd9448aaa3ff4efb3f2b7,20,strict_flat,16,15,31,16,15,0,0.0,0,checked,True,True,True,3,3,1,664875,True,True,True,
week10_contamination_full_20260728,flat_valid_n32_001,0,flat_valid,32,,4d459b563c403474d2f85cbb867d86fd52e6f44fff3cd9448aaa3ff4efb3f2b7,20,strict_flat,16,15,31,16,15,0,0.0,0,counters_only,False,True,False,3,3,2,549541,True,True,True,
week10_contamination_full_20260728,flat_valid_n32_001,0,flat_valid,32,,4d459b563c403474d2f85cbb867d86fd52e6f44fff3cd9448aaa3ff4efb3f2b7,20,strict_flat,16,15,31,16,15,0,0.0,0,instrumented,True,True,False,3,3,3,626000,True,True,True,
week10_contamination_full_20260728,flat_valid_n32_001,0,flat_valid,32,,4d459b563c403474d2f85cbb867d86fd52e6f44fff3cd9448aaa3ff4efb3f2b7,20,strict_flat,16,15,31,16,15,0,0.0,0,trace_only,True,False,False,3,3,4,699250,True,True,True,
week10_contamination_full_20260728,flat_valid_n32_001,0,flat_valid,32,,4d459b563c403474d2f85cbb867d86fd52e6f44fff3cd9448aaa3ff4efb3f2b7,20,strict_flat,16,15,31,16,15,0,0.0,0,minimal,False,False,False,3,3,5,585500,True,True,True,
week10_contamination_full_20260728,flat_valid_n32_001,0,flat_valid,32,,4d459b563c403474d2f85cbb867d86fd52e6f44fff3cd9448aaa3ff4efb3f2b7,20,strict_flat,16,15,31,16,15,0,0.0,0,counters_only,False,True,False,4,4,1,550834,True,True,True,
week10_contamination_full_20260728,flat_valid_n32_001,0,flat_valid,32,,4d459b563c403474d2f85cbb867d86fd52e6f44fff3cd9448aaa3ff4efb3f2b7,20,strict_flat,16,15,31,16,15,0,0.0,0,instrumented,True,True,False,4,4,2,635708,True,True,True,
week10_contamination_full_20260728,flat_valid_n32_001,0,flat_valid,32,,4d459b563c403474d2f85cbb867d86fd52e6f44fff3cd9448aaa3ff4efb3f2b7,20,strict_flat,16,15,31,16,15,0,0.0,0,trace_only,True,False,False,4,4,3,612500,True,True,True,
week10_contamination_full_20260728,flat_valid_n32_001,0,flat_valid,32,,4d459b563c403474d2f85cbb867d86fd52e6f44fff3cd9448aaa3ff4efb3f2b7,20,strict_flat,16,15,31,16,15,0,0.0,0,minimal,False,False,False,4,4,4,544166,True,True,True,
week10_contamination_full_20260728,flat_valid_n32_001,0,flat_valid,32,,4d459b563c403474d2f85cbb867d86fd52e6f44fff3cd9448aaa3ff4efb3f2b7,20,strict_flat,16,15,31,16,15,0,0.0,0,checked,True,True,True,4,4,5,629708,True,True,True,
week10_contamination_full_20260728,flat_valid_n32_001,0,flat_valid,32,,4d459b563c403474d2f85cbb867d86fd52e6f44fff3cd9448aaa3ff4efb3f2b7,20,strict_flat,16,15,31,16,15,0,0.0,0,instrumented,True,True,False,5,5,1,629000,True,True,True,
week10_contamination_full_20260728,flat_valid_n32_001,0,flat_valid,32,,4d459b563c403474d2f85cbb867d86fd52e6f44fff3cd9448aaa3ff4efb3f2b7,20,strict_flat,16,15,31,16,15,0,0.0,0,trace_only,True,False,False,5,5,2,615667,True,True,True,
week10_contamination_full_20260728,flat_valid_n32_001,0,flat_valid,32,,4d459b563c403474d2f85cbb867d86fd52e6f44fff3cd9448aaa3ff4efb3f2b7,20,strict_flat,16,15,31,16,15,0,0.0,0,minimal,False,False,False,5,5,3,539459,True,True,True,
week10_contamination_full_20260728,flat_valid_n32_001,0,flat_valid,32,,4d459b563c403474d2f85cbb867d86fd52e6f44fff3cd9448aaa3ff4efb3f2b7,20,strict_flat,16,15,31,16,15,0,0.0,0,checked,True,True,True,5,5,4,643333,True,True,True,
week10_contamination_full_20260728,flat_valid_n32_001,0,flat_valid,32,,4d459b563c403474d2f85cbb867d86fd52e6f44fff3cd9448aaa3ff4efb3f2b7,20,strict_flat,16,15,31,16,15,0,0.0,0,counters_only,False,True,False,5,5,5,548416,True,True,True,
week10_contamination_full_20260728,flat_valid_n32_001,0,flat_valid,32,,4d459b563c403474d2f85cbb867d86fd52e6f44fff3cd9448aaa3ff4efb3f2b7,20,strict_flat,16,15,31,16,15,0,0.0,0,trace_only,True,False,False,6,6,1,648292,True,True,True,
week10_contamination_full_20260728,flat_valid_n32_001,0,flat_valid,32,,4d459b563c403474d2f85cbb867d86fd52e6f44fff3cd9448aaa3ff4efb3f2b7,20,strict_flat,16,15,31,16,15,0,0.0,0,minimal,False,False,False,6,6,2,543958,True,True,True,
week10_contamination_full_20260728,flat_valid_n32_001,0,flat_valid,32,,4d459b563c403474d2f85cbb867d86fd52e6f44fff3cd9448aaa3ff4efb3f2b7,20,strict_flat,16,15,31,16,15,0,0.0,0,checked,True,True,True,6,6,3,633375,True,True,True,
week10_contamination_full_20260728,flat_valid_n32_001,0,flat_valid,32,,4d459b563c403474d2f85cbb867d86fd52e6f44fff3cd9448aaa3ff4efb3f2b7,20,strict_flat,16,15,31,16,15,0,0.0,0,counters_only,False,True,False,6,6,4,548292,True,True,True,
week10_contamination_full_20260728,flat_valid_n32_001,0,flat_valid,32,,4d459b563c403474d2f85cbb867d86fd52e6f44fff3cd9448aaa3ff4efb3f2b7,20,strict_flat,16,15,31,16,15,0,0.0,0,instrumented,True,True,False,6,6,5,625167,True,True,True,
week10_contamination_full_20260728,flat_valid_n32_001,0,flat_valid,32,,4d459b563c403474d2f85cbb867d86fd52e6f44fff3cd9448aaa3ff4efb3f2b7,20,strict_flat,16,15,31,16,15,0,0.0,0,minimal,False,False,False,7,7,1,538042,True,True,True,
week10_contamination_full_20260728,flat_valid_n32_001,0,flat_valid,32,,4d459b563c403474d2f85cbb867d86fd52e6f44fff3cd9448aaa3ff4efb3f2b7,20,strict_flat,16,15,31,16,15,0,0.0,0,checked,True,True,True,7,7,2,632791,True,True,True,
week10_contamination_full_20260728,flat_valid_n32_001,0,flat_valid,32,,4d459b563c403474d2f85cbb867d86fd52e6f44fff3cd9448aaa3ff4efb3f2b7,20,strict_flat,16,15,31,16,15,0,0.0,0,counters_only,False,True,False,7,7,3,545542,True,True,True,
week10_contamination_full_20260728,flat_valid_n32_001,0,flat_valid,32,,4d459b563c403474d2f85cbb867d86fd52e6f44fff3cd9448aaa3ff4efb3f2b7,20,strict_flat,16,15,31,16,15,0,0.0,0,instrumented,True,True,False,7,7,4,624250,True,True,True,
week10_contamination_full_20260728,flat_valid_n32_001,0,flat_valid,32,,4d459b563c403474d2f85cbb867d86fd52e6f44fff3cd9448aaa3ff4efb3f2b7,20,strict_flat,16,15,31,16,15,0,0.0,0,trace_only,True,False,False,7,7,5,635750,True,True,True,
week10_contamination_full_20260728,flat_valid_n32_001,0,flat_valid,32,,4d459b563c403474d2f85cbb867d86fd52e6f44fff3cd9448aaa3ff4efb3f2b7,20,strict_flat,16,15,31,16,15,0,0.0,0,checked,True,True,True,8,8,1,639542,True,True,True,
week10_contamination_full_20260728,flat_valid_n32_001,0,flat_valid,32,,4d459b563c403474d2f85cbb867d86fd52e6f44fff3cd9448aaa3ff4efb3f2b7,20,strict_flat,16,15,31,16,15,0,0.0,0,counters_only,False,True,False,8,8,2,548250,True,True,True,
week10_contamination_full_20260728,flat_valid_n32_001,0,flat_valid,32,,4d459b563c403474d2f85cbb867d86fd52e6f44fff3cd9448aaa3ff4efb3f2b7,20,strict_flat,16,15,31,16,15,0,0.0,0,instrumented,True,True,False,8,8,3,623458,True,True,True,
week10_contamination_full_20260728,flat_valid_n32_001,0,flat_valid,32,,4d459b563c403474d2f85cbb867d86fd52e6f44fff3cd9448aaa3ff4efb3f2b7,20,strict_flat,16,15,31,16,15,0,0.0,0,trace_only,True,False,False,8,8,4,626750,True,True,True,
week10_contamination_full_20260728,flat_valid_n32_001,0,flat_valid,32,,4d459b563c403474d2f85cbb867d86fd52e6f44fff3cd9448aaa3ff4efb3f2b7,20,strict_flat,16,15,31,16,15,0,0.0,0,minimal,False,False,False,8,8,5,568500,True,True,True,
week10_contamination_full_20260728,flat_valid_n32_001,0,flat_valid,32,,4d459b563c403474d2f85cbb867d86fd52e6f44fff3cd9448aaa3ff4efb3f2b7,20,strict_flat,16,15,31,16,15,0,0.0,0,counters_only,False,True,False,9,9,1,639834,True,True,True,
week10_contamination_full_20260728,flat_valid_n32_001,0,flat_valid,32,,4d459b563c403474d2f85cbb867d86fd52e6f44fff3cd9448aaa3ff4efb3f2b7,20,strict_flat,16,15,31,16,15,0,0.0,0,instrumented,True,True,False,9,9,2,642542,True,True,True,
week10_contamination_full_20260728,flat_valid_n32_001,0,flat_valid,32,,4d459b563c403474d2f85cbb867d86fd52e6f44fff3cd9448aaa3ff4efb3f2b7,20,strict_flat,16,15,31,16,15,0,0.0,0,trace_only,True,False,False,9,9,3,617250,True,True,True,
week10_contamination_full_20260728,flat_valid_n32_001,0,flat_valid,32,,4d459b563c403474d2f85cbb867d86fd52e6f44fff3cd9448aaa3ff4efb3f2b7,20,strict_flat,16,15,31,16,15,0,0.0,0,minimal,False,False,False,9,9,4,544416,True,True,True,
week10_contamination_full_20260728,flat_valid_n32_001,0,flat_valid,32,,4d459b563c403474d2f85cbb867d86fd52e6f44fff3cd9448aaa3ff4efb3f2b7,20,strict_flat,16,15,31,16,15,0,0.0,0,checked,True,True,True,9,9,5,633583,True,True,True,
week10_contamination_full_20260728,flat_valid_n32_001,0,flat_valid,32,,4d459b563c403474d2f85cbb867d86fd52e6f44fff3cd9448aaa3ff4efb3f2b7,20,strict_flat,16,15,31,16,15,0,0.0,0,instrumented,True,True,False,10,10,1,654083,True,True,True,
week10_contamination_full_20260728,flat_valid_n32_001,0,flat_valid,32,,4d459b563c403474d2f85cbb867d86fd52e6f44fff3cd9448aaa3ff4efb3f2b7,20,strict_flat,16,15,31,16,15,0,0.0,0,trace_only,True,False,False,10,10,2,617542,True,True,True,
week10_contamination_full_20260728,flat_valid_n32_001,0,flat_valid,32,,4d459b563c403474d2f85cbb867d86fd52e6f44fff3cd9448aaa3ff4efb3f2b7,20,strict_flat,16,15,31,16,15,0,0.0,0,minimal,False,False,False,10,10,3,541458,True,True,True,
week10_contamination_full_20260728,flat_valid_n32_001,0,flat_valid,32,,4d459b563c403474d2f85cbb867d86fd52e6f44fff3cd9448aaa3ff4efb3f2b7,20,strict_flat,16,15,31,16,15,0,0.0,0,checked,True,True,True,10,10,4,633875,True,True,True,
week10_contamination_full_20260728,flat_valid_n32_001,0,flat_valid,32,,4d459b563c403474d2f85cbb867d86fd52e6f44fff3cd9448aaa3ff4efb3f2b7,20,strict_flat,16,15,31,16,15,0,0.0,0,counters_only,False,True,False,10,10,5,549875,True,True,True,
week10_contamination_full_20260728,flat_valid_n32_001,0,flat_valid,32,,4d459b563c403474d2f85cbb867d86fd52e6f44fff3cd9448aaa3ff4efb3f2b7,20,strict_flat,16,15,31,16,15,0,0.0,0,trace_only,True,False,False,11,11,1,611250,True,True,True,
week10_contamination_full_20260728,flat_valid_n32_001,0,flat_valid,32,,4d459b563c403474d2f85cbb867d86fd52e6f44fff3cd9448aaa3ff4efb3f2b7,20,strict_flat,16,15,31,16,15,0,0.0,0,minimal,False,False,False,11,11,2,541166,True,True,True,
week10_contamination_full_20260728,flat_valid_n32_001,0,flat_valid,32,,4d459b563c403474d2f85cbb867d86fd52e6f44fff3cd9448aaa3ff4efb3f2b7,20,strict_flat,16,15,31,16,15,0,0.0,0,checked,True,True,True,11,11,3,632958,True,True,True,
week10_contamination_full_20260728,flat_valid_n32_001,0,flat_valid,32,,4d459b563c403474d2f85cbb867d86fd52e6f44fff3cd9448aaa3ff4efb3f2b7,20,strict_flat,16,15,31,16,15,0,0.0,0,counters_only,False,True,False,11,11,4,548750,True,True,True,
week10_contamination_full_20260728,flat_valid_n32_001,0,flat_valid,32,,4d459b563c403474d2f85cbb867d86fd52e6f44fff3cd9448aaa3ff4efb3f2b7,20,strict_flat,16,15,31,16,15,0,0.0,0,instrumented,True,True,False,11,11,5,626125,True,True,True,
week10_contamination_full_20260728,flat_valid_n32_001,0,flat_valid,32,,4d459b563c403474d2f85cbb867d86fd52e6f44fff3cd9448aaa3ff4efb3f2b7,20,strict_flat,16,15,31,16,15,0,0.0,0,minimal,False,False,False,12,12,1,543625,True,True,True,
week10_contamination_full_20260728,flat_valid_n32_001,0,flat_valid,32,,4d459b563c403474d2f85cbb867d86fd52e6f44fff3cd9448aaa3ff4efb3f2b7,20,strict_flat,16,15,31,16,15,0,0.0,0,checked,True,True,True,12,12,2,632166,True,True,True,
week10_contamination_full_20260728,flat_valid_n32_001,0,flat_valid,32,,4d459b563c403474d2f85cbb867d86fd52e6f44fff3cd9448aaa3ff4efb3f2b7,20,strict_flat,16,15,31,16,15,0,0.0,0,counters_only,False,True,False,12,12,3,550833,True,True,True,
week10_contamination_full_20260728,flat_valid_n32_001,0,flat_valid,32,,4d459b563c403474d2f85cbb867d86fd52e6f44fff3cd9448aaa3ff4efb3f2b7,20,strict_flat,16,15,31,16,15,0,0.0,0,instrumented,True,True,False,12,12,4,623875,True,True,True,
week10_contamination_full_20260728,flat_valid_n32_001,0,flat_valid,32,,4d459b563c403474d2f85cbb867d86fd52e6f44fff3cd9448aaa3ff4efb3f2b7,20,strict_flat,16,15,31,16,15,0,0.0,0,trace_only,True,False,False,12,12,5,613542,True,True,True,
week10_contamination_full_20260728,flat_valid_n32_001,0,flat_valid,32,,4d459b563c403474d2f85cbb867d86fd52e6f44fff3cd9448aaa3ff4efb3f2b7,20,strict_flat,16,15,31,16,15,0,0.0,0,checked,True,True,True,13,13,1,636667,True,True,True,
week10_contamination_full_20260728,flat_valid_n32_001,0,flat_valid,32,,4d459b563c403474d2f85cbb867d86fd52e6f44fff3cd9448aaa3ff4efb3f2b7,20,strict_flat,16,15,31,16,15,0,0.0,0,counters_only,False,True,False,13,13,2,549083,True,True,True,
week10_contamination_full_20260728,flat_valid_n32_001,0,flat_valid,32,,4d459b563c403474d2f85cbb867d86fd52e6f44fff3cd9448aaa3ff4efb3f2b7,20,strict_flat,16,15,31,16,15,0,0.0,0,instrumented,True,True,False,13,13,3,624583,True,True,True,
week10_contamination_full_20260728,flat_valid_n32_001,0,flat_valid,32,,4d459b563c403474d2f85cbb867d86fd52e6f44fff3cd9448aaa3ff4efb3f2b7,20,strict_flat,16,15,31,16,15,0,0.0,0,trace_only,True,False,False,13,13,4,640750,True,True,True,
week10_contamination_full_20260728,flat_valid_n32_001,0,flat_valid,32,,4d459b563c403474d2f85cbb867d86fd52e6f44fff3cd9448aaa3ff4efb3f2b7,20,strict_flat,16,15,31,16,15,0,0.0,0,minimal,False,False,False,13,13,5,543458,True,True,True,
week10_contamination_full_20260728,flat_valid_n32_001,0,flat_valid,32,,4d459b563c403474d2f85cbb867d86fd52e6f44fff3cd9448aaa3ff4efb3f2b7,20,strict_flat,16,15,31,16,15,0,0.0,0,counters_only,False,True,False,14,14,1,557375,True,True,True,
week10_contamination_full_20260728,flat_valid_n32_001,0,flat_valid,32,,4d459b563c403474d2f85cbb867d86fd52e6f44fff3cd9448aaa3ff4efb3f2b7,20,strict_flat,16,15,31,16,15,0,0.0,0,instrumented,True,True,False,14,14,2,672500,True,True,True,
week10_contamination_full_20260728,flat_valid_n32_001,0,flat_valid,32,,4d459b563c403474d2f85cbb867d86fd52e6f44fff3cd9448aaa3ff4efb3f2b7,20,strict_flat,16,15,31,16,15,0,0.0,0,trace_only,True,False,False,14,14,3,684500,True,True,True,
week10_contamination_full_20260728,flat_valid_n32_001,0,flat_valid,32,,4d459b563c403474d2f85cbb867d86fd52e6f44fff3cd9448aaa3ff4efb3f2b7,20,strict_flat,16,15,31,16,15,0,0.0,0,minimal,False,False,False,14,14,4,564041,True,True,True,
week10_contamination_full_20260728,flat_valid_n32_001,0,flat_valid,32,,4d459b563c403474d2f85cbb867d86fd52e6f44fff3cd9448aaa3ff4efb3f2b7,20,strict_flat,16,15,31,16,15,0,0.0,0,checked,True,True,True,14,14,5,643208,True,True,True,
week10_contamination_full_20260728,flat_valid_n32_001,0,flat_valid,32,,4d459b563c403474d2f85cbb867d86fd52e6f44fff3cd9448aaa3ff4efb3f2b7,20,strict_flat,16,15,31,16,15,0,0.0,0,instrumented,True,True,False,15,15,1,645292,True,True,True,
week10_contamination_full_20260728,flat_valid_n32_001,0,flat_valid,32,,4d459b563c403474d2f85cbb867d86fd52e6f44fff3cd9448aaa3ff4efb3f2b7,20,strict_flat,16,15,31,16,15,0,0.0,0,trace_only,True,False,False,15,15,2,611042,True,True,True,
week10_contamination_full_20260728,flat_valid_n32_001,0,flat_valid,32,,4d459b563c403474d2f85cbb867d86fd52e6f44fff3cd9448aaa3ff4efb3f2b7,20,strict_flat,16,15,31,16,15,0,0.0,0,minimal,False,False,False,15,15,3,545708,True,True,True,
week10_contamination_full_20260728,flat_valid_n32_001,0,flat_valid,32,,4d459b563c403474d2f85cbb867d86fd52e6f44fff3cd9448aaa3ff4efb3f2b7,20,strict_flat,16,15,31,16,15,0,0.0,0,checked,True,True,True,15,15,4,626417,True,True,True,
week10_contamination_full_20260728,flat_valid_n32_001,0,flat_valid,32,,4d459b563c403474d2f85cbb867d86fd52e6f44fff3cd9448aaa3ff4efb3f2b7,20,strict_flat,16,15,31,16,15,0,0.0,0,counters_only,False,True,False,15,15,5,552584,True,True,True,
