protocol_version,execution_id,case_id,case_index,family,n,seed,sequence_sha256,case_execution_position,category,upper_interval_count,lower_interval_count,total_interval_count,upper_root_count,lower_root_count,upper_nesting_count,lower_nesting_count,nesting_count,nesting_density,parented_interval_ratio,upper_max_depth,lower_max_depth,max_depth,upper_containment_pair_count,lower_containment_pair_count,containment_pair_count,containment_pair_density,upper_crossing_pair_count,lower_crossing_pair_count,total_crossing_pair_count,algorithm,paper_execution_mode,audit_execution_mode,run_index,measured_round,algorithm_position,time_ns,oracle_valid,oracle_reason,output_correct,audit_passed,error
week11_pilot_v1,week11_pilot_v1__run003,incremental_valid_n256_001,26,incremental_valid,256,20516724,bfeeb1c5f324b6013669b0207243fa1c06759431087de36306cae810cd2b4dae,1,nested_heavy_valid,128,127,255,1,2,127,125,252,0.9882352941176471,0.9882352941176471,53,56,56,3284,3531,6815,0.42253084506169014,0,0,0,simplified_jordan_paper_ordinary_list,minimal,checked,1,1,1,6755000,True,,True,True,
week11_pilot_v1,week11_pilot_v1__run003,incremental_valid_n256_001,26,incremental_valid,256,20516724,bfeeb1c5f324b6013669b0207243fa1c06759431087de36306cae810cd2b4dae,1,nested_heavy_valid,128,127,255,1,2,127,125,252,0.9882352941176471,0.9882352941176471,53,56,56,3284,3531,6815,0.42253084506169014,0,0,0,python_sort,minimal,checked,1,1,2,5375,True,,True,True,
week11_pilot_v1,week11_pilot_v1__run003,incremental_valid_n256_001,26,incremental_valid,256,20516724,bfeeb1c5f324b6013669b0207243fa1c06759431087de36306cae810cd2b4dae,1,nested_heavy_valid,128,127,255,1,2,127,125,252,0.9882352941176471,0.9882352941176471,53,56,56,3284,3531,6815,0.42253084506169014,0,0,0,simplified_jordan_reference,minimal,checked,1,1,3,8012500,True,,True,True,
week11_pilot_v1,week11_pilot_v1__run003,incremental_valid_n256_001,26,incremental_valid,256,20516724,bfeeb1c5f324b6013669b0207243fa1c06759431087de36306cae810cd2b4dae,1,nested_heavy_valid,128,127,255,1,2,127,125,252,0.9882352941176471,0.9882352941176471,53,56,56,3284,3531,6815,0.42253084506169014,0,0,0,python_sort,minimal,checked,2,2,1,8708,True,,True,True,
week11_pilot_v1,week11_pilot_v1__run003,incremental_valid_n256_001,26,incremental_valid,256,20516724,bfeeb1c5f324b6013669b0207243fa1c06759431087de36306cae810cd2b4dae,1,nested_heavy_valid,128,127,255,1,2,127,125,252,0.9882352941176471,0.9882352941176471,53,56,56,3284,3531,6815,0.42253084506169014,0,0,0,simplified_jordan_reference,minimal,checked,2,2,2,7959667,True,,True,True,
week11_pilot_v1,week11_pilot_v1__run003,incremental_valid_n256_001,26,incremental_valid,256,20516724,bfeeb1c5f324b6013669b0207243fa1c06759431087de36306cae810cd2b4dae,1,nested_heavy_valid,128,127,255,1,2,127,125,252,0.9882352941176471,0.9882352941176471,53,56,56,3284,3531,6815,0.42253084506169014,0,0,0,simplified_jordan_paper_ordinary_list,minimal,checked,2,2,3,6888667,True,,True,True,
week11_pilot_v1,week11_pilot_v1__run003,incremental_valid_n256_001,26,incremental_valid,256,20516724,bfeeb1c5f324b6013669b0207243fa1c06759431087de36306cae810cd2b4dae,1,nested_heavy_valid,128,127,255,1,2,127,125,252,0.9882352941176471,0.9882352941176471,53,56,56,3284,3531,6815,0.42253084506169014,0,0,0,simplified_jordan_reference,minimal,checked,3,3,1,7962500,True,,True,True,
week11_pilot_v1,week11_pilot_v1__run003,incremental_valid_n256_001,26,incremental_valid,256,20516724,bfeeb1c5f324b6013669b0207243fa1c06759431087de36306cae810cd2b4dae,1,nested_heavy_valid,128,127,255,1,2,127,125,252,0.9882352941176471,0.9882352941176471,53,56,56,3284,3531,6815,0.42253084506169014,0,0,0,simplified_jordan_paper_ordinary_list,minimal,checked,3,3,2,6876250,True,,True,True,
week11_pilot_v1,week11_pilot_v1__run003,incremental_valid_n256_001,26,incremental_valid,256,20516724,bfeeb1c5f324b6013669b0207243fa1c06759431087de36306cae810cd2b4dae,1,nested_heavy_valid,128,127,255,1,2,127,125,252,0.9882352941176471,0.9882352941176471,53,56,56,3284,3531,6815,0.42253084506169014,0,0,0,python_sort,minimal,checked,3,3,3,5250,True,,True,True,
week11_pilot_v1,week11_pilot_v1__run003,incremental_valid_n256_001,26,incremental_valid,256,20516724,bfeeb1c5f324b6013669b0207243fa1c06759431087de36306cae810cd2b4dae,1,nested_heavy_valid,128,127,255,1,2,127,125,252,0.9882352941176471,0.9882352941176471,53,56,56,3284,3531,6815,0.42253084506169014,0,0,0,simplified_jordan_paper_ordinary_list,minimal,checked,4,4,1,6934667,True,,True,True,
week11_pilot_v1,week11_pilot_v1__run003,incremental_valid_n256_001,26,incremental_valid,256,20516724,bfeeb1c5f324b6013669b0207243fa1c06759431087de36306cae810cd2b4dae,1,nested_heavy_valid,128,127,255,1,2,127,125,252,0.9882352941176471,0.9882352941176471,53,56,56,3284,3531,6815,0.42253084506169014,0,0,0,python_sort,minimal,checked,4,4,2,5250,True,,True,True,
week11_pilot_v1,week11_pilot_v1__run003,incremental_valid_n256_001,26,incremental_valid,256,20516724,bfeeb1c5f324b6013669b0207243fa1c06759431087de36306cae810cd2b4dae,1,nested_heavy_valid,128,127,255,1,2,127,125,252,0.9882352941176471,0.9882352941176471,53,56,56,3284,3531,6815,0.42253084506169014,0,0,0,simplified_jordan_reference,minimal,checked,4,4,3,7970959,True,,True,True,
week11_pilot_v1,week11_pilot_v1__run003,incremental_valid_n256_001,26,incremental_valid,256,20516724,bfeeb1c5f324b6013669b0207243fa1c06759431087de36306cae810cd2b4dae,1,nested_heavy_valid,128,127,255,1,2,127,125,252,0.9882352941176471,0.9882352941176471,53,56,56,3284,3531,6815,0.42253084506169014,0,0,0,python_sort,minimal,checked,5,5,1,5542,True,,True,True,
week11_pilot_v1,week11_pilot_v1__run003,incremental_valid_n256_001,26,incremental_valid,256,20516724,bfeeb1c5f324b6013669b0207243fa1c06759431087de36306cae810cd2b4dae,1,nested_heavy_valid,128,127,255,1,2,127,125,252,0.9882352941176471,0.9882352941176471,53,56,56,3284,3531,6815,0.42253084506169014,0,0,0,simplified_jordan_reference,minimal,checked,5,5,2,7993167,True,,True,True,
week11_pilot_v1,week11_pilot_v1__run003,incremental_valid_n256_001,26,incremental_valid,256,20516724,bfeeb1c5f324b6013669b0207243fa1c06759431087de36306cae810cd2b4dae,1,nested_heavy_valid,128,127,255,1,2,127,125,252,0.9882352941176471,0.9882352941176471,53,56,56,3284,3531,6815,0.42253084506169014,0,0,0,simplified_jordan_paper_ordinary_list,minimal,checked,5,5,3,6726584,True,,True,True,
week11_pilot_v1,week11_pilot_v1__run003,incremental_valid_n256_001,26,incremental_valid,256,20516724,bfeeb1c5f324b6013669b0207243fa1c06759431087de36306cae810cd2b4dae,1,nested_heavy_valid,128,127,255,1,2,127,125,252,0.9882352941176471,0.9882352941176471,53,56,56,3284,3531,6815,0.42253084506169014,0,0,0,simplified_jordan_reference,minimal,checked,6,6,1,7986875,True,,True,True,
week11_pilot_v1,week11_pilot_v1__run003,incremental_valid_n256_001,26,incremental_valid,256,20516724,bfeeb1c5f324b6013669b0207243fa1c06759431087de36306cae810cd2b4dae,1,nested_heavy_valid,128,127,255,1,2,127,125,252,0.9882352941176471,0.9882352941176471,53,56,56,3284,3531,6815,0.42253084506169014,0,0,0,simplified_jordan_paper_ordinary_list,minimal,checked,6,6,2,6774750,True,,True,True,
week11_pilot_v1,week11_pilot_v1__run003,incremental_valid_n256_001,26,incremental_valid,256,20516724,bfeeb1c5f324b6013669b0207243fa1c06759431087de36306cae810cd2b4dae,1,nested_heavy_valid,128,127,255,1,2,127,125,252,0.9882352941176471,0.9882352941176471,53,56,56,3284,3531,6815,0.42253084506169014,0,0,0,python_sort,minimal,checked,6,6,3,5292,True,,True,True,
week11_pilot_v1,week11_pilot_v1__run003,incremental_valid_n256_001,26,incremental_valid,256,20516724,bfeeb1c5f324b6013669b0207243fa1c06759431087de36306cae810cd2b4dae,1,nested_heavy_valid,128,127,255,1,2,127,125,252,0.9882352941176471,0.9882352941176471,53,56,56,3284,3531,6815,0.42253084506169014,0,0,0,simplified_jordan_paper_ordinary_list,minimal,checked,7,7,1,6797292,True,,True,True,
week11_pilot_v1,week11_pilot_v1__run003,incremental_valid_n256_001,26,incremental_valid,256,20516724,bfeeb1c5f324b6013669b0207243fa1c06759431087de36306cae810cd2b4dae,1,nested_heavy_valid,128,127,255,1,2,127,125,252,0.9882352941176471,0.9882352941176471,53,56,56,3284,3531,6815,0.42253084506169014,0,0,0,python_sort,minimal,checked,7,7,2,5209,True,,True,True,
week11_pilot_v1,week11_pilot_v1__run003,incremental_valid_n256_001,26,incremental_valid,256,20516724,bfeeb1c5f324b6013669b0207243fa1c06759431087de36306cae810cd2b4dae,1,nested_heavy_valid,128,127,255,1,2,127,125,252,0.9882352941176471,0.9882352941176471,53,56,56,3284,3531,6815,0.42253084506169014,0,0,0,simplified_jordan_reference,minimal,checked,7,7,3,7933625,True,,True,True,
week11_pilot_v1,week11_pilot_v1__run003,incremental_valid_n256_001,26,incremental_valid,256,20516724,bfeeb1c5f324b6013669b0207243fa1c06759431087de36306cae810cd2b4dae,1,nested_heavy_valid,128,127,255,1,2,127,125,252,0.9882352941176471,0.9882352941176471,53,56,56,3284,3531,6815,0.42253084506169014,0,0,0,python_sort,minimal,checked,8,8,1,4959,True,,True,True,
week11_pilot_v1,week11_pilot_v1__run003,incremental_valid_n256_001,26,incremental_valid,256,20516724,bfeeb1c5f324b6013669b0207243fa1c06759431087de36306cae810cd2b4dae,1,nested_heavy_valid,128,127,255,1,2,127,125,252,0.9882352941176471,0.9882352941176471,53,56,56,3284,3531,6815,0.42253084506169014,0,0,0,simplified_jordan_reference,minimal,checked,8,8,2,7964458,True,,True,True,
week11_pilot_v1,week11_pilot_v1__run003,incremental_valid_n256_001,26,incremental_valid,256,20516724,bfeeb1c5f324b6013669b0207243fa1c06759431087de36306cae810cd2b4dae,1,nested_heavy_valid,128,127,255,1,2,127,125,252,0.9882352941176471,0.9882352941176471,53,56,56,3284,3531,6815,0.42253084506169014,0,0,0,simplified_jordan_paper_ordinary_list,minimal,checked,8,8,3,6712875,True,,True,True,
week11_pilot_v1,week11_pilot_v1__run003,incremental_valid_n256_001,26,incremental_valid,256,20516724,bfeeb1c5f324b6013669b0207243fa1c06759431087de36306cae810cd2b4dae,1,nested_heavy_valid,128,127,255,1,2,127,125,252,0.9882352941176471,0.9882352941176471,53,56,56,3284,3531,6815,0.42253084506169014,0,0,0,simplified_jordan_reference,minimal,checked,9,9,1,7962667,True,,True,True,
week11_pilot_v1,week11_pilot_v1__run003,incremental_valid_n256_001,26,incremental_valid,256,20516724,bfeeb1c5f324b6013669b0207243fa1c06759431087de36306cae810cd2b4dae,1,nested_heavy_valid,128,127,255,1,2,127,125,252,0.9882352941176471,0.9882352941176471,53,56,56,3284,3531,6815,0.42253084506169014,0,0,0,simplified_jordan_paper_ordinary_list,minimal,checked,9,9,2,6861791,True,,True,True,
week11_pilot_v1,week11_pilot_v1__run003,incremental_valid_n256_001,26,incremental_valid,256,20516724,bfeeb1c5f324b6013669b0207243fa1c06759431087de36306cae810cd2b4dae,1,nested_heavy_valid,128,127,255,1,2,127,125,252,0.9882352941176471,0.9882352941176471,53,56,56,3284,3531,6815,0.42253084506169014,0,0,0,python_sort,minimal,checked,9,9,3,5084,True,,True,True,
week11_pilot_v1,week11_pilot_v1__run003,incremental_valid_n256_001,26,incremental_valid,256,20516724,bfeeb1c5f324b6013669b0207243fa1c06759431087de36306cae810cd2b4dae,1,nested_heavy_valid,128,127,255,1,2,127,125,252,0.9882352941176471,0.9882352941176471,53,56,56,3284,3531,6815,0.42253084506169014,0,0,0,simplified_jordan_paper_ordinary_list,minimal,checked,10,10,1,6858542,True,,True,True,
week11_pilot_v1,week11_pilot_v1__run003,incremental_valid_n256_001,26,incremental_valid,256,20516724,bfeeb1c5f324b6013669b0207243fa1c06759431087de36306cae810cd2b4dae,1,nested_heavy_valid,128,127,255,1,2,127,125,252,0.9882352941176471,0.9882352941176471,53,56,56,3284,3531,6815,0.42253084506169014,0,0,0,python_sort,minimal,checked,10,10,2,5375,True,,True,True,
week11_pilot_v1,week11_pilot_v1__run003,incremental_valid_n256_001,26,incremental_valid,256,20516724,bfeeb1c5f324b6013669b0207243fa1c06759431087de36306cae810cd2b4dae,1,nested_heavy_valid,128,127,255,1,2,127,125,252,0.9882352941176471,0.9882352941176471,53,56,56,3284,3531,6815,0.42253084506169014,0,0,0,simplified_jordan_reference,minimal,checked,10,10,3,7967250,True,,True,True,
week11_pilot_v1,week11_pilot_v1__run003,incremental_valid_n128_002,22,incremental_valid,128,20388725,d564b7fef66e17683f688f3c786d76412ebaf1dc803c9739e8bd95641cd8c385,2,nested_heavy_valid,64,63,127,1,2,63,61,124,0.9763779527559056,0.9763779527559056,27,22,27,966,725,1691,0.42605190224237843,0,0,0,simplified_jordan_reference,minimal,checked,1,1,1,2088625,True,,True,True,
week11_pilot_v1,week11_pilot_v1__run003,incremental_valid_n128_002,22,incremental_valid,128,20388725,d564b7fef66e17683f688f3c786d76412ebaf1dc803c9739e8bd95641cd8c385,2,nested_heavy_valid,64,63,127,1,2,63,61,124,0.9763779527559056,0.9763779527559056,27,22,27,966,725,1691,0.42605190224237843,0,0,0,simplified_jordan_paper_ordinary_list,minimal,checked,1,1,2,2876083,True,,True,True,
week11_pilot_v1,week11_pilot_v1__run003,incremental_valid_n128_002,22,incremental_valid,128,20388725,d564b7fef66e17683f688f3c786d76412ebaf1dc803c9739e8bd95641cd8c385,2,nested_heavy_valid,64,63,127,1,2,63,61,124,0.9763779527559056,0.9763779527559056,27,22,27,966,725,1691,0.42605190224237843,0,0,0,python_sort,minimal,checked,1,1,3,2709,True,,True,True,
week11_pilot_v1,week11_pilot_v1__run003,incremental_valid_n128_002,22,incremental_valid,128,20388725,d564b7fef66e17683f688f3c786d76412ebaf1dc803c9739e8bd95641cd8c385,2,nested_heavy_valid,64,63,127,1,2,63,61,124,0.9763779527559056,0.9763779527559056,27,22,27,966,725,1691,0.42605190224237843,0,0,0,simplified_jordan_paper_ordinary_list,minimal,checked,2,2,1,2834292,True,,True,True,
week11_pilot_v1,week11_pilot_v1__run003,incremental_valid_n128_002,22,incremental_valid,128,20388725,d564b7fef66e17683f688f3c786d76412ebaf1dc803c9739e8bd95641cd8c385,2,nested_heavy_valid,64,63,127,1,2,63,61,124,0.9763779527559056,0.9763779527559056,27,22,27,966,725,1691,0.42605190224237843,0,0,0,python_sort,minimal,checked,2,2,2,2791,True,,True,True,
week11_pilot_v1,week11_pilot_v1__run003,incremental_valid_n128_002,22,incremental_valid,128,20388725,d564b7fef66e17683f688f3c786d76412ebaf1dc803c9739e8bd95641cd8c385,2,nested_heavy_valid,64,63,127,1,2,63,61,124,0.9763779527559056,0.9763779527559056,27,22,27,966,725,1691,0.42605190224237843,0,0,0,simplified_jordan_reference,minimal,checked,2,2,3,2104750,True,,True,True,
week11_pilot_v1,week11_pilot_v1__run003,incremental_valid_n128_002,22,incremental_valid,128,20388725,d564b7fef66e17683f688f3c786d76412ebaf1dc803c9739e8bd95641cd8c385,2,nested_heavy_valid,64,63,127,1,2,63,61,124,0.9763779527559056,0.9763779527559056,27,22,27,966,725,1691,0.42605190224237843,0,0,0,python_sort,minimal,checked,3,3,1,2708,True,,True,True,
week11_pilot_v1,week11_pilot_v1__run003,incremental_valid_n128_002,22,incremental_valid,128,20388725,d564b7fef66e17683f688f3c786d76412ebaf1dc803c9739e8bd95641cd8c385,2,nested_heavy_valid,64,63,127,1,2,63,61,124,0.9763779527559056,0.9763779527559056,27,22,27,966,725,1691,0.42605190224237843,0,0,0,simplified_jordan_reference,minimal,checked,3,3,2,2092542,True,,True,True,
week11_pilot_v1,week11_pilot_v1__run003,incremental_valid_n128_002,22,incremental_valid,128,20388725,d564b7fef66e17683f688f3c786d76412ebaf1dc803c9739e8bd95641cd8c385,2,nested_heavy_valid,64,63,127,1,2,63,61,124,0.9763779527559056,0.9763779527559056,27,22,27,966,725,1691,0.42605190224237843,0,0,0,simplified_jordan_paper_ordinary_list,minimal,checked,3,3,3,2961083,True,,True,True,
week11_pilot_v1,week11_pilot_v1__run003,incremental_valid_n128_002,22,incremental_valid,128,20388725,d564b7fef66e17683f688f3c786d76412ebaf1dc803c9739e8bd95641cd8c385,2,nested_heavy_valid,64,63,127,1,2,63,61,124,0.9763779527559056,0.9763779527559056,27,22,27,966,725,1691,0.42605190224237843,0,0,0,simplified_jordan_reference,minimal,checked,4,4,1,2095209,True,,True,True,
week11_pilot_v1,week11_pilot_v1__run003,incremental_valid_n128_002,22,incremental_valid,128,20388725,d564b7fef66e17683f688f3c786d76412ebaf1dc803c9739e8bd95641cd8c385,2,nested_heavy_valid,64,63,127,1,2,63,61,124,0.9763779527559056,0.9763779527559056,27,22,27,966,725,1691,0.42605190224237843,0,0,0,simplified_jordan_paper_ordinary_list,minimal,checked,4,4,2,2926792,True,,True,True,
week11_pilot_v1,week11_pilot_v1__run003,incremental_valid_n128_002,22,incremental_valid,128,20388725,d564b7fef66e17683f688f3c786d76412ebaf1dc803c9739e8bd95641cd8c385,2,nested_heavy_valid,64,63,127,1,2,63,61,124,0.9763779527559056,0.9763779527559056,27,22,27,966,725,1691,0.42605190224237843,0,0,0,python_sort,minimal,checked,4,4,3,2791,True,,True,True,
week11_pilot_v1,week11_pilot_v1__run003,incremental_valid_n128_002,22,incremental_valid,128,20388725,d564b7fef66e17683f688f3c786d76412ebaf1dc803c9739e8bd95641cd8c385,2,nested_heavy_valid,64,63,127,1,2,63,61,124,0.9763779527559056,0.9763779527559056,27,22,27,966,725,1691,0.42605190224237843,0,0,0,simplified_jordan_paper_ordinary_list,minimal,checked,5,5,1,2915958,True,,True,True,
week11_pilot_v1,week11_pilot_v1__run003,incremental_valid_n128_002,22,incremental_valid,128,20388725,d564b7fef66e17683f688f3c786d76412ebaf1dc803c9739e8bd95641cd8c385,2,nested_heavy_valid,64,63,127,1,2,63,61,124,0.9763779527559056,0.9763779527559056,27,22,27,966,725,1691,0.42605190224237843,0,0,0,python_sort,minimal,checked,5,5,2,2833,True,,True,True,
week11_pilot_v1,week11_pilot_v1__run003,incremental_valid_n128_002,22,incremental_valid,128,20388725,d564b7fef66e17683f688f3c786d76412ebaf1dc803c9739e8bd95641cd8c385,2,nested_heavy_valid,64,63,127,1,2,63,61,124,0.9763779527559056,0.9763779527559056,27,22,27,966,725,1691,0.42605190224237843,0,0,0,simplified_jordan_reference,minimal,checked,5,5,3,2082584,True,,True,True,
week11_pilot_v1,week11_pilot_v1__run003,incremental_valid_n128_002,22,incremental_valid,128,20388725,d564b7fef66e17683f688f3c786d76412ebaf1dc803c9739e8bd95641cd8c385,2,nested_heavy_valid,64,63,127,1,2,63,61,124,0.9763779527559056,0.9763779527559056,27,22,27,966,725,1691,0.42605190224237843,0,0,0,python_sort,minimal,checked,6,6,1,2625,True,,True,True,
week11_pilot_v1,week11_pilot_v1__run003,incremental_valid_n128_002,22,incremental_valid,128,20388725,d564b7fef66e17683f688f3c786d76412ebaf1dc803c9739e8bd95641cd8c385,2,nested_heavy_valid,64,63,127,1,2,63,61,124,0.9763779527559056,0.9763779527559056,27,22,27,966,725,1691,0.42605190224237843,0,0,0,simplified_jordan_reference,minimal,checked,6,6,2,2104208,True,,True,True,
week11_pilot_v1,week11_pilot_v1__run003,incremental_valid_n128_002,22,incremental_valid,128,20388725,d564b7fef66e17683f688f3c786d76412ebaf1dc803c9739e8bd95641cd8c385,2,nested_heavy_valid,64,63,127,1,2,63,61,124,0.9763779527559056,0.9763779527559056,27,22,27,966,725,1691,0.42605190224237843,0,0,0,simplified_jordan_paper_ordinary_list,minimal,checked,6,6,3,2893625,True,,True,True,
week11_pilot_v1,week11_pilot_v1__run003,incremental_valid_n128_002,22,incremental_valid,128,20388725,d564b7fef66e17683f688f3c786d76412ebaf1dc803c9739e8bd95641cd8c385,2,nested_heavy_valid,64,63,127,1,2,63,61,124,0.9763779527559056,0.9763779527559056,27,22,27,966,725,1691,0.42605190224237843,0,0,0,simplified_jordan_reference,minimal,checked,7,7,1,2101792,True,,True,True,
week11_pilot_v1,week11_pilot_v1__run003,incremental_valid_n128_002,22,incremental_valid,128,20388725,d564b7fef66e17683f688f3c786d76412ebaf1dc803c9739e8bd95641cd8c385,2,nested_heavy_valid,64,63,127,1,2,63,61,124,0.9763779527559056,0.9763779527559056,27,22,27,966,725,1691,0.42605190224237843,0,0,0,simplified_jordan_paper_ordinary_list,minimal,checked,7,7,2,2856834,True,,True,True,
week11_pilot_v1,week11_pilot_v1__run003,incremental_valid_n128_002,22,incremental_valid,128,20388725,d564b7fef66e17683f688f3c786d76412ebaf1dc803c9739e8bd95641cd8c385,2,nested_heavy_valid,64,63,127,1,2,63,61,124,0.9763779527559056,0.9763779527559056,27,22,27,966,725,1691,0.42605190224237843,0,0,0,python_sort,minimal,checked,7,7,3,2875,True,,True,True,
week11_pilot_v1,week11_pilot_v1__run003,incremental_valid_n128_002,22,incremental_valid,128,20388725,d564b7fef66e17683f688f3c786d76412ebaf1dc803c9739e8bd95641cd8c385,2,nested_heavy_valid,64,63,127,1,2,63,61,124,0.9763779527559056,0.9763779527559056,27,22,27,966,725,1691,0.42605190224237843,0,0,0,simplified_jordan_paper_ordinary_list,minimal,checked,8,8,1,2876042,True,,True,True,
week11_pilot_v1,week11_pilot_v1__run003,incremental_valid_n128_002,22,incremental_valid,128,20388725,d564b7fef66e17683f688f3c786d76412ebaf1dc803c9739e8bd95641cd8c385,2,nested_heavy_valid,64,63,127,1,2,63,61,124,0.9763779527559056,0.9763779527559056,27,22,27,966,725,1691,0.42605190224237843,0,0,0,python_sort,minimal,checked,8,8,2,2709,True,,True,True,
week11_pilot_v1,week11_pilot_v1__run003,incremental_valid_n128_002,22,incremental_valid,128,20388725,d564b7fef66e17683f688f3c786d76412ebaf1dc803c9739e8bd95641cd8c385,2,nested_heavy_valid,64,63,127,1,2,63,61,124,0.9763779527559056,0.9763779527559056,27,22,27,966,725,1691,0.42605190224237843,0,0,0,simplified_jordan_reference,minimal,checked,8,8,3,2078291,True,,True,True,
week11_pilot_v1,week11_pilot_v1__run003,incremental_valid_n128_002,22,incremental_valid,128,20388725,d564b7fef66e17683f688f3c786d76412ebaf1dc803c9739e8bd95641cd8c385,2,nested_heavy_valid,64,63,127,1,2,63,61,124,0.9763779527559056,0.9763779527559056,27,22,27,966,725,1691,0.42605190224237843,0,0,0,python_sort,minimal,checked,9,9,1,2708,True,,True,True,
week11_pilot_v1,week11_pilot_v1__run003,incremental_valid_n128_002,22,incremental_valid,128,20388725,d564b7fef66e17683f688f3c786d76412ebaf1dc803c9739e8bd95641cd8c385,2,nested_heavy_valid,64,63,127,1,2,63,61,124,0.9763779527559056,0.9763779527559056,27,22,27,966,725,1691,0.42605190224237843,0,0,0,simplified_jordan_reference,minimal,checked,9,9,2,2099875,True,,True,True,
week11_pilot_v1,week11_pilot_v1__run003,incremental_valid_n128_002,22,incremental_valid,128,20388725,d564b7fef66e17683f688f3c786d76412ebaf1dc803c9739e8bd95641cd8c385,2,nested_heavy_valid,64,63,127,1,2,63,61,124,0.9763779527559056,0.9763779527559056,27,22,27,966,725,1691,0.42605190224237843,0,0,0,simplified_jordan_paper_ordinary_list,minimal,checked,9,9,3,2866333,True,,True,True,
week11_pilot_v1,week11_pilot_v1__run003,incremental_valid_n128_002,22,incremental_valid,128,20388725,d564b7fef66e17683f688f3c786d76412ebaf1dc803c9739e8bd95641cd8c385,2,nested_heavy_valid,64,63,127,1,2,63,61,124,0.9763779527559056,0.9763779527559056,27,22,27,966,725,1691,0.42605190224237843,0,0,0,simplified_jordan_reference,minimal,checked,10,10,1,2139375,True,,True,True,
week11_pilot_v1,week11_pilot_v1__run003,incremental_valid_n128_002,22,incremental_valid,128,20388725,d564b7fef66e17683f688f3c786d76412ebaf1dc803c9739e8bd95641cd8c385,2,nested_heavy_valid,64,63,127,1,2,63,61,124,0.9763779527559056,0.9763779527559056,27,22,27,966,725,1691,0.42605190224237843,0,0,0,simplified_jordan_paper_ordinary_list,minimal,checked,10,10,2,2856500,True,,True,True,
week11_pilot_v1,week11_pilot_v1__run003,incremental_valid_n128_002,22,incremental_valid,128,20388725,d564b7fef66e17683f688f3c786d76412ebaf1dc803c9739e8bd95641cd8c385,2,nested_heavy_valid,64,63,127,1,2,63,61,124,0.9763779527559056,0.9763779527559056,27,22,27,966,725,1691,0.42605190224237843,0,0,0,python_sort,minimal,checked,10,10,3,2709,True,,True,True,
week11_pilot_v1,week11_pilot_v1__run003,incremental_valid_n64_004,19,incremental_valid,64,20324727,1cdfee0657ff6ea290a5d5689a1aa985e4de78c9a4559ba240c5042d54b4013a,3,nested_heavy_valid,32,31,63,4,1,28,30,58,0.9206349206349206,0.9206349206349206,13,16,16,186,241,427,0.44432882414151925,0,0,0,python_sort,minimal,checked,1,1,1,1416,True,,True,True,
week11_pilot_v1,week11_pilot_v1__run003,incremental_valid_n64_004,19,incremental_valid,64,20324727,1cdfee0657ff6ea290a5d5689a1aa985e4de78c9a4559ba240c5042d54b4013a,3,nested_heavy_valid,32,31,63,4,1,28,30,58,0.9206349206349206,0.9206349206349206,13,16,16,186,241,427,0.44432882414151925,0,0,0,simplified_jordan_reference,minimal,checked,1,1,2,582250,True,,True,True,
week11_pilot_v1,week11_pilot_v1__run003,incremental_valid_n64_004,19,incremental_valid,64,20324727,1cdfee0657ff6ea290a5d5689a1aa985e4de78c9a4559ba240c5042d54b4013a,3,nested_heavy_valid,32,31,63,4,1,28,30,58,0.9206349206349206,0.9206349206349206,13,16,16,186,241,427,0.44432882414151925,0,0,0,simplified_jordan_paper_ordinary_list,minimal,checked,1,1,3,1263750,True,,True,True,
week11_pilot_v1,week11_pilot_v1__run003,incremental_valid_n64_004,19,incremental_valid,64,20324727,1cdfee0657ff6ea290a5d5689a1aa985e4de78c9a4559ba240c5042d54b4013a,3,nested_heavy_valid,32,31,63,4,1,28,30,58,0.9206349206349206,0.9206349206349206,13,16,16,186,241,427,0.44432882414151925,0,0,0,simplified_jordan_reference,minimal,checked,2,2,1,586167,True,,True,True,
week11_pilot_v1,week11_pilot_v1__run003,incremental_valid_n64_004,19,incremental_valid,64,20324727,1cdfee0657ff6ea290a5d5689a1aa985e4de78c9a4559ba240c5042d54b4013a,3,nested_heavy_valid,32,31,63,4,1,28,30,58,0.9206349206349206,0.9206349206349206,13,16,16,186,241,427,0.44432882414151925,0,0,0,simplified_jordan_paper_ordinary_list,minimal,checked,2,2,2,1298917,True,,True,True,
week11_pilot_v1,week11_pilot_v1__run003,incremental_valid_n64_004,19,incremental_valid,64,20324727,1cdfee0657ff6ea290a5d5689a1aa985e4de78c9a4559ba240c5042d54b4013a,3,nested_heavy_valid,32,31,63,4,1,28,30,58,0.9206349206349206,0.9206349206349206,13,16,16,186,241,427,0.44432882414151925,0,0,0,python_sort,minimal,checked,2,2,3,1417,True,,True,True,
week11_pilot_v1,week11_pilot_v1__run003,incremental_valid_n64_004,19,incremental_valid,64,20324727,1cdfee0657ff6ea290a5d5689a1aa985e4de78c9a4559ba240c5042d54b4013a,3,nested_heavy_valid,32,31,63,4,1,28,30,58,0.9206349206349206,0.9206349206349206,13,16,16,186,241,427,0.44432882414151925,0,0,0,simplified_jordan_paper_ordinary_list,minimal,checked,3,3,1,1276167,True,,True,True,
week11_pilot_v1,week11_pilot_v1__run003,incremental_valid_n64_004,19,incremental_valid,64,20324727,1cdfee0657ff6ea290a5d5689a1aa985e4de78c9a4559ba240c5042d54b4013a,3,nested_heavy_valid,32,31,63,4,1,28,30,58,0.9206349206349206,0.9206349206349206,13,16,16,186,241,427,0.44432882414151925,0,0,0,python_sort,minimal,checked,3,3,2,1375,True,,True,True,
week11_pilot_v1,week11_pilot_v1__run003,incremental_valid_n64_004,19,incremental_valid,64,20324727,1cdfee0657ff6ea290a5d5689a1aa985e4de78c9a4559ba240c5042d54b4013a,3,nested_heavy_valid,32,31,63,4,1,28,30,58,0.9206349206349206,0.9206349206349206,13,16,16,186,241,427,0.44432882414151925,0,0,0,simplified_jordan_reference,minimal,checked,3,3,3,581666,True,,True,True,
week11_pilot_v1,week11_pilot_v1__run003,incremental_valid_n64_004,19,incremental_valid,64,20324727,1cdfee0657ff6ea290a5d5689a1aa985e4de78c9a4559ba240c5042d54b4013a,3,nested_heavy_valid,32,31,63,4,1,28,30,58,0.9206349206349206,0.9206349206349206,13,16,16,186,241,427,0.44432882414151925,0,0,0,python_sort,minimal,checked,4,4,1,1375,True,,True,True,
week11_pilot_v1,week11_pilot_v1__run003,incremental_valid_n64_004,19,incremental_valid,64,20324727,1cdfee0657ff6ea290a5d5689a1aa985e4de78c9a4559ba240c5042d54b4013a,3,nested_heavy_valid,32,31,63,4,1,28,30,58,0.9206349206349206,0.9206349206349206,13,16,16,186,241,427,0.44432882414151925,0,0,0,simplified_jordan_reference,minimal,checked,4,4,2,581125,True,,True,True,
week11_pilot_v1,week11_pilot_v1__run003,incremental_valid_n64_004,19,incremental_valid,64,20324727,1cdfee0657ff6ea290a5d5689a1aa985e4de78c9a4559ba240c5042d54b4013a,3,nested_heavy_valid,32,31,63,4,1,28,30,58,0.9206349206349206,0.9206349206349206,13,16,16,186,241,427,0.44432882414151925,0,0,0,simplified_jordan_paper_ordinary_list,minimal,checked,4,4,3,1465500,True,,True,True,
week11_pilot_v1,week11_pilot_v1__run003,incremental_valid_n64_004,19,incremental_valid,64,20324727,1cdfee0657ff6ea290a5d5689a1aa985e4de78c9a4559ba240c5042d54b4013a,3,nested_heavy_valid,32,31,63,4,1,28,30,58,0.9206349206349206,0.9206349206349206,13,16,16,186,241,427,0.44432882414151925,0,0,0,simplified_jordan_reference,minimal,checked,5,5,1,604500,True,,True,True,
week11_pilot_v1,week11_pilot_v1__run003,incremental_valid_n64_004,19,incremental_valid,64,20324727,1cdfee0657ff6ea290a5d5689a1aa985e4de78c9a4559ba240c5042d54b4013a,3,nested_heavy_valid,32,31,63,4,1,28,30,58,0.9206349206349206,0.9206349206349206,13,16,16,186,241,427,0.44432882414151925,0,0,0,simplified_jordan_paper_ordinary_list,minimal,checked,5,5,2,1304791,True,,True,True,
week11_pilot_v1,week11_pilot_v1__run003,incremental_valid_n64_004,19,incremental_valid,64,20324727,1cdfee0657ff6ea290a5d5689a1aa985e4de78c9a4559ba240c5042d54b4013a,3,nested_heavy_valid,32,31,63,4,1,28,30,58,0.9206349206349206,0.9206349206349206,13,16,16,186,241,427,0.44432882414151925,0,0,0,python_sort,minimal,checked,5,5,3,1625,True,,True,True,
week11_pilot_v1,week11_pilot_v1__run003,incremental_valid_n64_004,19,incremental_valid,64,20324727,1cdfee0657ff6ea290a5d5689a1aa985e4de78c9a4559ba240c5042d54b4013a,3,nested_heavy_valid,32,31,63,4,1,28,30,58,0.9206349206349206,0.9206349206349206,13,16,16,186,241,427,0.44432882414151925,0,0,0,simplified_jordan_paper_ordinary_list,minimal,checked,6,6,1,1283000,True,,True,True,
week11_pilot_v1,week11_pilot_v1__run003,incremental_valid_n64_004,19,incremental_valid,64,20324727,1cdfee0657ff6ea290a5d5689a1aa985e4de78c9a4559ba240c5042d54b4013a,3,nested_heavy_valid,32,31,63,4,1,28,30,58,0.9206349206349206,0.9206349206349206,13,16,16,186,241,427,0.44432882414151925,0,0,0,python_sort,minimal,checked,6,6,2,1458,True,,True,True,
week11_pilot_v1,week11_pilot_v1__run003,incremental_valid_n64_004,19,incremental_valid,64,20324727,1cdfee0657ff6ea290a5d5689a1aa985e4de78c9a4559ba240c5042d54b4013a,3,nested_heavy_valid,32,31,63,4,1,28,30,58,0.9206349206349206,0.9206349206349206,13,16,16,186,241,427,0.44432882414151925,0,0,0,simplified_jordan_reference,minimal,checked,6,6,3,587625,True,,True,True,
week11_pilot_v1,week11_pilot_v1__run003,incremental_valid_n64_004,19,incremental_valid,64,20324727,1cdfee0657ff6ea290a5d5689a1aa985e4de78c9a4559ba240c5042d54b4013a,3,nested_heavy_valid,32,31,63,4,1,28,30,58,0.9206349206349206,0.9206349206349206,13,16,16,186,241,427,0.44432882414151925,0,0,0,python_sort,minimal,checked,7,7,1,1375,True,,True,True,
week11_pilot_v1,week11_pilot_v1__run003,incremental_valid_n64_004,19,incremental_valid,64,20324727,1cdfee0657ff6ea290a5d5689a1aa985e4de78c9a4559ba240c5042d54b4013a,3,nested_heavy_valid,32,31,63,4,1,28,30,58,0.9206349206349206,0.9206349206349206,13,16,16,186,241,427,0.44432882414151925,0,0,0,simplified_jordan_reference,minimal,checked,7,7,2,590291,True,,True,True,
week11_pilot_v1,week11_pilot_v1__run003,incremental_valid_n64_004,19,incremental_valid,64,20324727,1cdfee0657ff6ea290a5d5689a1aa985e4de78c9a4559ba240c5042d54b4013a,3,nested_heavy_valid,32,31,63,4,1,28,30,58,0.9206349206349206,0.9206349206349206,13,16,16,186,241,427,0.44432882414151925,0,0,0,simplified_jordan_paper_ordinary_list,minimal,checked,7,7,3,1313708,True,,True,True,
week11_pilot_v1,week11_pilot_v1__run003,incremental_valid_n64_004,19,incremental_valid,64,20324727,1cdfee0657ff6ea290a5d5689a1aa985e4de78c9a4559ba240c5042d54b4013a,3,nested_heavy_valid,32,31,63,4,1,28,30,58,0.9206349206349206,0.9206349206349206,13,16,16,186,241,427,0.44432882414151925,0,0,0,simplified_jordan_reference,minimal,checked,8,8,1,599750,True,,True,True,
week11_pilot_v1,week11_pilot_v1__run003,incremental_valid_n64_004,19,incremental_valid,64,20324727,1cdfee0657ff6ea290a5d5689a1aa985e4de78c9a4559ba240c5042d54b4013a,3,nested_heavy_valid,32,31,63,4,1,28,30,58,0.9206349206349206,0.9206349206349206,13,16,16,186,241,427,0.44432882414151925,0,0,0,simplified_jordan_paper_ordinary_list,minimal,checked,8,8,2,1297167,True,,True,True,
week11_pilot_v1,week11_pilot_v1__run003,incremental_valid_n64_004,19,incremental_valid,64,20324727,1cdfee0657ff6ea290a5d5689a1aa985e4de78c9a4559ba240c5042d54b4013a,3,nested_heavy_valid,32,31,63,4,1,28,30,58,0.9206349206349206,0.9206349206349206,13,16,16,186,241,427,0.44432882414151925,0,0,0,python_sort,minimal,checked,8,8,3,1416,True,,True,True,
week11_pilot_v1,week11_pilot_v1__run003,incremental_valid_n64_004,19,incremental_valid,64,20324727,1cdfee0657ff6ea290a5d5689a1aa985e4de78c9a4559ba240c5042d54b4013a,3,nested_heavy_valid,32,31,63,4,1,28,30,58,0.9206349206349206,0.9206349206349206,13,16,16,186,241,427,0.44432882414151925,0,0,0,simplified_jordan_paper_ordinary_list,minimal,checked,9,9,1,1305750,True,,True,True,
week11_pilot_v1,week11_pilot_v1__run003,incremental_valid_n64_004,19,incremental_valid,64,20324727,1cdfee0657ff6ea290a5d5689a1aa985e4de78c9a4559ba240c5042d54b4013a,3,nested_heavy_valid,32,31,63,4,1,28,30,58,0.9206349206349206,0.9206349206349206,13,16,16,186,241,427,0.44432882414151925,0,0,0,python_sort,minimal,checked,9,9,2,1625,True,,True,True,
week11_pilot_v1,week11_pilot_v1__run003,incremental_valid_n64_004,19,incremental_valid,64,20324727,1cdfee0657ff6ea290a5d5689a1aa985e4de78c9a4559ba240c5042d54b4013a,3,nested_heavy_valid,32,31,63,4,1,28,30,58,0.9206349206349206,0.9206349206349206,13,16,16,186,241,427,0.44432882414151925,0,0,0,simplified_jordan_reference,minimal,checked,9,9,3,581250,True,,True,True,
week11_pilot_v1,week11_pilot_v1__run003,incremental_valid_n64_004,19,incremental_valid,64,20324727,1cdfee0657ff6ea290a5d5689a1aa985e4de78c9a4559ba240c5042d54b4013a,3,nested_heavy_valid,32,31,63,4,1,28,30,58,0.9206349206349206,0.9206349206349206,13,16,16,186,241,427,0.44432882414151925,0,0,0,python_sort,minimal,checked,10,10,1,1375,True,,True,True,
week11_pilot_v1,week11_pilot_v1__run003,incremental_valid_n64_004,19,incremental_valid,64,20324727,1cdfee0657ff6ea290a5d5689a1aa985e4de78c9a4559ba240c5042d54b4013a,3,nested_heavy_valid,32,31,63,4,1,28,30,58,0.9206349206349206,0.9206349206349206,13,16,16,186,241,427,0.44432882414151925,0,0,0,simplified_jordan_reference,minimal,checked,10,10,2,576542,True,,True,True,
week11_pilot_v1,week11_pilot_v1__run003,incremental_valid_n64_004,19,incremental_valid,64,20324727,1cdfee0657ff6ea290a5d5689a1aa985e4de78c9a4559ba240c5042d54b4013a,3,nested_heavy_valid,32,31,63,4,1,28,30,58,0.9206349206349206,0.9206349206349206,13,16,16,186,241,427,0.44432882414151925,0,0,0,simplified_jordan_paper_ordinary_list,minimal,checked,10,10,3,1277500,True,,True,True,
week11_pilot_v1,week11_pilot_v1__run003,nested_valid_n64_001,7,nested_valid,64,,ea059a873c98f3c61b9df811763c08bfca2290d8372a4983505916ba09df8e37,4,nested_heavy_valid,32,31,63,1,1,31,30,61,0.9682539682539683,0.9682539682539683,31,30,31,496,465,961,1.0,0,0,0,python_sort,minimal,checked,1,1,1,2625,True,,True,True,
week11_pilot_v1,week11_pilot_v1__run003,nested_valid_n64_001,7,nested_valid,64,,ea059a873c98f3c61b9df811763c08bfca2290d8372a4983505916ba09df8e37,4,nested_heavy_valid,32,31,63,1,1,31,30,61,0.9682539682539683,0.9682539682539683,31,30,31,496,465,961,1.0,0,0,0,simplified_jordan_reference,minimal,checked,1,1,2,632000,True,,True,True,
week11_pilot_v1,week11_pilot_v1__run003,nested_valid_n64_001,7,nested_valid,64,,ea059a873c98f3c61b9df811763c08bfca2290d8372a4983505916ba09df8e37,4,nested_heavy_valid,32,31,63,1,1,31,30,61,0.9682539682539683,0.9682539682539683,31,30,31,496,465,961,1.0,0,0,0,simplified_jordan_paper_ordinary_list,minimal,checked,1,1,3,1073291,True,,True,True,
week11_pilot_v1,week11_pilot_v1__run003,nested_valid_n64_001,7,nested_valid,64,,ea059a873c98f3c61b9df811763c08bfca2290d8372a4983505916ba09df8e37,4,nested_heavy_valid,32,31,63,1,1,31,30,61,0.9682539682539683,0.9682539682539683,31,30,31,496,465,961,1.0,0,0,0,simplified_jordan_reference,minimal,checked,2,2,1,613667,True,,True,True,
week11_pilot_v1,week11_pilot_v1__run003,nested_valid_n64_001,7,nested_valid,64,,ea059a873c98f3c61b9df811763c08bfca2290d8372a4983505916ba09df8e37,4,nested_heavy_valid,32,31,63,1,1,31,30,61,0.9682539682539683,0.9682539682539683,31,30,31,496,465,961,1.0,0,0,0,simplified_jordan_paper_ordinary_list,minimal,checked,2,2,2,1073667,True,,True,True,
week11_pilot_v1,week11_pilot_v1__run003,nested_valid_n64_001,7,nested_valid,64,,ea059a873c98f3c61b9df811763c08bfca2290d8372a4983505916ba09df8e37,4,nested_heavy_valid,32,31,63,1,1,31,30,61,0.9682539682539683,0.9682539682539683,31,30,31,496,465,961,1.0,0,0,0,python_sort,minimal,checked,2,2,3,1625,True,,True,True,
week11_pilot_v1,week11_pilot_v1__run003,nested_valid_n64_001,7,nested_valid,64,,ea059a873c98f3c61b9df811763c08bfca2290d8372a4983505916ba09df8e37,4,nested_heavy_valid,32,31,63,1,1,31,30,61,0.9682539682539683,0.9682539682539683,31,30,31,496,465,961,1.0,0,0,0,simplified_jordan_paper_ordinary_list,minimal,checked,3,3,1,1047000,True,,True,True,
week11_pilot_v1,week11_pilot_v1__run003,nested_valid_n64_001,7,nested_valid,64,,ea059a873c98f3c61b9df811763c08bfca2290d8372a4983505916ba09df8e37,4,nested_heavy_valid,32,31,63,1,1,31,30,61,0.9682539682539683,0.9682539682539683,31,30,31,496,465,961,1.0,0,0,0,python_sort,minimal,checked,3,3,2,1167,True,,True,True,
week11_pilot_v1,week11_pilot_v1__run003,nested_valid_n64_001,7,nested_valid,64,,ea059a873c98f3c61b9df811763c08bfca2290d8372a4983505916ba09df8e37,4,nested_heavy_valid,32,31,63,1,1,31,30,61,0.9682539682539683,0.9682539682539683,31,30,31,496,465,961,1.0,0,0,0,simplified_jordan_reference,minimal,checked,3,3,3,621125,True,,True,True,
week11_pilot_v1,week11_pilot_v1__run003,nested_valid_n64_001,7,nested_valid,64,,ea059a873c98f3c61b9df811763c08bfca2290d8372a4983505916ba09df8e37,4,nested_heavy_valid,32,31,63,1,1,31,30,61,0.9682539682539683,0.9682539682539683,31,30,31,496,465,961,1.0,0,0,0,python_sort,minimal,checked,4,4,1,1458,True,,True,True,
week11_pilot_v1,week11_pilot_v1__run003,nested_valid_n64_001,7,nested_valid,64,,ea059a873c98f3c61b9df811763c08bfca2290d8372a4983505916ba09df8e37,4,nested_heavy_valid,32,31,63,1,1,31,30,61,0.9682539682539683,0.9682539682539683,31,30,31,496,465,961,1.0,0,0,0,simplified_jordan_reference,minimal,checked,4,4,2,610750,True,,True,True,
week11_pilot_v1,week11_pilot_v1__run003,nested_valid_n64_001,7,nested_valid,64,,ea059a873c98f3c61b9df811763c08bfca2290d8372a4983505916ba09df8e37,4,nested_heavy_valid,32,31,63,1,1,31,30,61,0.9682539682539683,0.9682539682539683,31,30,31,496,465,961,1.0,0,0,0,simplified_jordan_paper_ordinary_list,minimal,checked,4,4,3,1058917,True,,True,True,
week11_pilot_v1,week11_pilot_v1__run003,nested_valid_n64_001,7,nested_valid,64,,ea059a873c98f3c61b9df811763c08bfca2290d8372a4983505916ba09df8e37,4,nested_heavy_valid,32,31,63,1,1,31,30,61,0.9682539682539683,0.9682539682539683,31,30,31,496,465,961,1.0,0,0,0,simplified_jordan_reference,minimal,checked,5,5,1,607458,True,,True,True,
week11_pilot_v1,week11_pilot_v1__run003,nested_valid_n64_001,7,nested_valid,64,,ea059a873c98f3c61b9df811763c08bfca2290d8372a4983505916ba09df8e37,4,nested_heavy_valid,32,31,63,1,1,31,30,61,0.9682539682539683,0.9682539682539683,31,30,31,496,465,961,1.0,0,0,0,simplified_jordan_paper_ordinary_list,minimal,checked,5,5,2,1056292,True,,True,True,
week11_pilot_v1,week11_pilot_v1__run003,nested_valid_n64_001,7,nested_valid,64,,ea059a873c98f3c61b9df811763c08bfca2290d8372a4983505916ba09df8e37,4,nested_heavy_valid,32,31,63,1,1,31,30,61,0.9682539682539683,0.9682539682539683,31,30,31,496,465,961,1.0,0,0,0,python_sort,minimal,checked,5,5,3,1125,True,,True,True,
week11_pilot_v1,week11_pilot_v1__run003,nested_valid_n64_001,7,nested_valid,64,,ea059a873c98f3c61b9df811763c08bfca2290d8372a4983505916ba09df8e37,4,nested_heavy_valid,32,31,63,1,1,31,30,61,0.9682539682539683,0.9682539682539683,31,30,31,496,465,961,1.0,0,0,0,simplified_jordan_paper_ordinary_list,minimal,checked,6,6,1,1086834,True,,True,True,
week11_pilot_v1,week11_pilot_v1__run003,nested_valid_n64_001,7,nested_valid,64,,ea059a873c98f3c61b9df811763c08bfca2290d8372a4983505916ba09df8e37,4,nested_heavy_valid,32,31,63,1,1,31,30,61,0.9682539682539683,0.9682539682539683,31,30,31,496,465,961,1.0,0,0,0,python_sort,minimal,checked,6,6,2,1167,True,,True,True,
week11_pilot_v1,week11_pilot_v1__run003,nested_valid_n64_001,7,nested_valid,64,,ea059a873c98f3c61b9df811763c08bfca2290d8372a4983505916ba09df8e37,4,nested_heavy_valid,32,31,63,1,1,31,30,61,0.9682539682539683,0.9682539682539683,31,30,31,496,465,961,1.0,0,0,0,simplified_jordan_reference,minimal,checked,6,6,3,616708,True,,True,True,
week11_pilot_v1,week11_pilot_v1__run003,nested_valid_n64_001,7,nested_valid,64,,ea059a873c98f3c61b9df811763c08bfca2290d8372a4983505916ba09df8e37,4,nested_heavy_valid,32,31,63,1,1,31,30,61,0.9682539682539683,0.9682539682539683,31,30,31,496,465,961,1.0,0,0,0,python_sort,minimal,checked,7,7,1,1084,True,,True,True,
week11_pilot_v1,week11_pilot_v1__run003,nested_valid_n64_001,7,nested_valid,64,,ea059a873c98f3c61b9df811763c08bfca2290d8372a4983505916ba09df8e37,4,nested_heavy_valid,32,31,63,1,1,31,30,61,0.9682539682539683,0.9682539682539683,31,30,31,496,465,961,1.0,0,0,0,simplified_jordan_reference,minimal,checked,7,7,2,606292,True,,True,True,
week11_pilot_v1,week11_pilot_v1__run003,nested_valid_n64_001,7,nested_valid,64,,ea059a873c98f3c61b9df811763c08bfca2290d8372a4983505916ba09df8e37,4,nested_heavy_valid,32,31,63,1,1,31,30,61,0.9682539682539683,0.9682539682539683,31,30,31,496,465,961,1.0,0,0,0,simplified_jordan_paper_ordinary_list,minimal,checked,7,7,3,1055041,True,,True,True,
week11_pilot_v1,week11_pilot_v1__run003,nested_valid_n64_001,7,nested_valid,64,,ea059a873c98f3c61b9df811763c08bfca2290d8372a4983505916ba09df8e37,4,nested_heavy_valid,32,31,63,1,1,31,30,61,0.9682539682539683,0.9682539682539683,31,30,31,496,465,961,1.0,0,0,0,simplified_jordan_reference,minimal,checked,8,8,1,643750,True,,True,True,
week11_pilot_v1,week11_pilot_v1__run003,nested_valid_n64_001,7,nested_valid,64,,ea059a873c98f3c61b9df811763c08bfca2290d8372a4983505916ba09df8e37,4,nested_heavy_valid,32,31,63,1,1,31,30,61,0.9682539682539683,0.9682539682539683,31,30,31,496,465,961,1.0,0,0,0,simplified_jordan_paper_ordinary_list,minimal,checked,8,8,2,1100292,True,,True,True,
week11_pilot_v1,week11_pilot_v1__run003,nested_valid_n64_001,7,nested_valid,64,,ea059a873c98f3c61b9df811763c08bfca2290d8372a4983505916ba09df8e37,4,nested_heavy_valid,32,31,63,1,1,31,30,61,0.9682539682539683,0.9682539682539683,31,30,31,496,465,961,1.0,0,0,0,python_sort,minimal,checked,8,8,3,1459,True,,True,True,
week11_pilot_v1,week11_pilot_v1__run003,nested_valid_n64_001,7,nested_valid,64,,ea059a873c98f3c61b9df811763c08bfca2290d8372a4983505916ba09df8e37,4,nested_heavy_valid,32,31,63,1,1,31,30,61,0.9682539682539683,0.9682539682539683,31,30,31,496,465,961,1.0,0,0,0,simplified_jordan_paper_ordinary_list,minimal,checked,9,9,1,1051667,True,,True,True,
week11_pilot_v1,week11_pilot_v1__run003,nested_valid_n64_001,7,nested_valid,64,,ea059a873c98f3c61b9df811763c08bfca2290d8372a4983505916ba09df8e37,4,nested_heavy_valid,32,31,63,1,1,31,30,61,0.9682539682539683,0.9682539682539683,31,30,31,496,465,961,1.0,0,0,0,python_sort,minimal,checked,9,9,2,1125,True,,True,True,
week11_pilot_v1,week11_pilot_v1__run003,nested_valid_n64_001,7,nested_valid,64,,ea059a873c98f3c61b9df811763c08bfca2290d8372a4983505916ba09df8e37,4,nested_heavy_valid,32,31,63,1,1,31,30,61,0.9682539682539683,0.9682539682539683,31,30,31,496,465,961,1.0,0,0,0,simplified_jordan_reference,minimal,checked,9,9,3,604833,True,,True,True,
week11_pilot_v1,week11_pilot_v1__run003,nested_valid_n64_001,7,nested_valid,64,,ea059a873c98f3c61b9df811763c08bfca2290d8372a4983505916ba09df8e37,4,nested_heavy_valid,32,31,63,1,1,31,30,61,0.9682539682539683,0.9682539682539683,31,30,31,496,465,961,1.0,0,0,0,python_sort,minimal,checked,10,10,1,1125,True,,True,True,
week11_pilot_v1,week11_pilot_v1__run003,nested_valid_n64_001,7,nested_valid,64,,ea059a873c98f3c61b9df811763c08bfca2290d8372a4983505916ba09df8e37,4,nested_heavy_valid,32,31,63,1,1,31,30,61,0.9682539682539683,0.9682539682539683,31,30,31,496,465,961,1.0,0,0,0,simplified_jordan_reference,minimal,checked,10,10,2,603291,True,,True,True,
week11_pilot_v1,week11_pilot_v1__run003,nested_valid_n64_001,7,nested_valid,64,,ea059a873c98f3c61b9df811763c08bfca2290d8372a4983505916ba09df8e37,4,nested_heavy_valid,32,31,63,1,1,31,30,61,0.9682539682539683,0.9682539682539683,31,30,31,496,465,961,1.0,0,0,0,simplified_jordan_paper_ordinary_list,minimal,checked,10,10,3,1046250,True,,True,True,
week11_pilot_v1,week11_pilot_v1__run003,incremental_valid_n512_001,31,incremental_valid,512,20772724,3bf660a1831528095cb91cffbf31eb08a44f3e7c796ac4cd459fb589b939eef7,5,nested_heavy_valid,256,255,511,1,2,255,253,508,0.9941291585127201,0.9941291585127201,109,119,119,13481,14995,28476,0.437923875432526,0,0,0,simplified_jordan_reference,minimal,checked,1,1,1,33271791,True,,True,True,
week11_pilot_v1,week11_pilot_v1__run003,incremental_valid_n512_001,31,incremental_valid,512,20772724,3bf660a1831528095cb91cffbf31eb08a44f3e7c796ac4cd459fb589b939eef7,5,nested_heavy_valid,256,255,511,1,2,255,253,508,0.9941291585127201,0.9941291585127201,109,119,119,13481,14995,28476,0.437923875432526,0,0,0,python_sort,minimal,checked,1,1,2,11083,True,,True,True,
week11_pilot_v1,week11_pilot_v1__run003,incremental_valid_n512_001,31,incremental_valid,512,20772724,3bf660a1831528095cb91cffbf31eb08a44f3e7c796ac4cd459fb589b939eef7,5,nested_heavy_valid,256,255,511,1,2,255,253,508,0.9941291585127201,0.9941291585127201,109,119,119,13481,14995,28476,0.437923875432526,0,0,0,simplified_jordan_paper_ordinary_list,minimal,checked,1,1,3,19256458,True,,True,True,
week11_pilot_v1,week11_pilot_v1__run003,incremental_valid_n512_001,31,incremental_valid,512,20772724,3bf660a1831528095cb91cffbf31eb08a44f3e7c796ac4cd459fb589b939eef7,5,nested_heavy_valid,256,255,511,1,2,255,253,508,0.9941291585127201,0.9941291585127201,109,119,119,13481,14995,28476,0.437923875432526,0,0,0,python_sort,minimal,checked,2,2,1,11792,True,,True,True,
week11_pilot_v1,week11_pilot_v1__run003,incremental_valid_n512_001,31,incremental_valid,512,20772724,3bf660a1831528095cb91cffbf31eb08a44f3e7c796ac4cd459fb589b939eef7,5,nested_heavy_valid,256,255,511,1,2,255,253,508,0.9941291585127201,0.9941291585127201,109,119,119,13481,14995,28476,0.437923875432526,0,0,0,simplified_jordan_paper_ordinary_list,minimal,checked,2,2,2,19368791,True,,True,True,
week11_pilot_v1,week11_pilot_v1__run003,incremental_valid_n512_001,31,incremental_valid,512,20772724,3bf660a1831528095cb91cffbf31eb08a44f3e7c796ac4cd459fb589b939eef7,5,nested_heavy_valid,256,255,511,1,2,255,253,508,0.9941291585127201,0.9941291585127201,109,119,119,13481,14995,28476,0.437923875432526,0,0,0,simplified_jordan_reference,minimal,checked,2,2,3,33280125,True,,True,True,
week11_pilot_v1,week11_pilot_v1__run003,incremental_valid_n512_001,31,incremental_valid,512,20772724,3bf660a1831528095cb91cffbf31eb08a44f3e7c796ac4cd459fb589b939eef7,5,nested_heavy_valid,256,255,511,1,2,255,253,508,0.9941291585127201,0.9941291585127201,109,119,119,13481,14995,28476,0.437923875432526,0,0,0,simplified_jordan_paper_ordinary_list,minimal,checked,3,3,1,19222875,True,,True,True,
week11_pilot_v1,week11_pilot_v1__run003,incremental_valid_n512_001,31,incremental_valid,512,20772724,3bf660a1831528095cb91cffbf31eb08a44f3e7c796ac4cd459fb589b939eef7,5,nested_heavy_valid,256,255,511,1,2,255,253,508,0.9941291585127201,0.9941291585127201,109,119,119,13481,14995,28476,0.437923875432526,0,0,0,simplified_jordan_reference,minimal,checked,3,3,2,33310667,True,,True,True,
week11_pilot_v1,week11_pilot_v1__run003,incremental_valid_n512_001,31,incremental_valid,512,20772724,3bf660a1831528095cb91cffbf31eb08a44f3e7c796ac4cd459fb589b939eef7,5,nested_heavy_valid,256,255,511,1,2,255,253,508,0.9941291585127201,0.9941291585127201,109,119,119,13481,14995,28476,0.437923875432526,0,0,0,python_sort,minimal,checked,3,3,3,10833,True,,True,True,
week11_pilot_v1,week11_pilot_v1__run003,incremental_valid_n512_001,31,incremental_valid,512,20772724,3bf660a1831528095cb91cffbf31eb08a44f3e7c796ac4cd459fb589b939eef7,5,nested_heavy_valid,256,255,511,1,2,255,253,508,0.9941291585127201,0.9941291585127201,109,119,119,13481,14995,28476,0.437923875432526,0,0,0,simplified_jordan_reference,minimal,checked,4,4,1,33276250,True,,True,True,
week11_pilot_v1,week11_pilot_v1__run003,incremental_valid_n512_001,31,incremental_valid,512,20772724,3bf660a1831528095cb91cffbf31eb08a44f3e7c796ac4cd459fb589b939eef7,5,nested_heavy_valid,256,255,511,1,2,255,253,508,0.9941291585127201,0.9941291585127201,109,119,119,13481,14995,28476,0.437923875432526,0,0,0,python_sort,minimal,checked,4,4,2,12250,True,,True,True,
week11_pilot_v1,week11_pilot_v1__run003,incremental_valid_n512_001,31,incremental_valid,512,20772724,3bf660a1831528095cb91cffbf31eb08a44f3e7c796ac4cd459fb589b939eef7,5,nested_heavy_valid,256,255,511,1,2,255,253,508,0.9941291585127201,0.9941291585127201,109,119,119,13481,14995,28476,0.437923875432526,0,0,0,simplified_jordan_paper_ordinary_list,minimal,checked,4,4,3,19581875,True,,True,True,
week11_pilot_v1,week11_pilot_v1__run003,incremental_valid_n512_001,31,incremental_valid,512,20772724,3bf660a1831528095cb91cffbf31eb08a44f3e7c796ac4cd459fb589b939eef7,5,nested_heavy_valid,256,255,511,1,2,255,253,508,0.9941291585127201,0.9941291585127201,109,119,119,13481,14995,28476,0.437923875432526,0,0,0,python_sort,minimal,checked,5,5,1,12084,True,,True,True,
week11_pilot_v1,week11_pilot_v1__run003,incremental_valid_n512_001,31,incremental_valid,512,20772724,3bf660a1831528095cb91cffbf31eb08a44f3e7c796ac4cd459fb589b939eef7,5,nested_heavy_valid,256,255,511,1,2,255,253,508,0.9941291585127201,0.9941291585127201,109,119,119,13481,14995,28476,0.437923875432526,0,0,0,simplified_jordan_paper_ordinary_list,minimal,checked,5,5,2,19561334,True,,True,True,
week11_pilot_v1,week11_pilot_v1__run003,incremental_valid_n512_001,31,incremental_valid,512,20772724,3bf660a1831528095cb91cffbf31eb08a44f3e7c796ac4cd459fb589b939eef7,5,nested_heavy_valid,256,255,511,1,2,255,253,508,0.9941291585127201,0.9941291585127201,109,119,119,13481,14995,28476,0.437923875432526,0,0,0,simplified_jordan_reference,minimal,checked,5,5,3,33296584,True,,True,True,
week11_pilot_v1,week11_pilot_v1__run003,incremental_valid_n512_001,31,incremental_valid,512,20772724,3bf660a1831528095cb91cffbf31eb08a44f3e7c796ac4cd459fb589b939eef7,5,nested_heavy_valid,256,255,511,1,2,255,253,508,0.9941291585127201,0.9941291585127201,109,119,119,13481,14995,28476,0.437923875432526,0,0,0,simplified_jordan_paper_ordinary_list,minimal,checked,6,6,1,19374667,True,,True,True,
week11_pilot_v1,week11_pilot_v1__run003,incremental_valid_n512_001,31,incremental_valid,512,20772724,3bf660a1831528095cb91cffbf31eb08a44f3e7c796ac4cd459fb589b939eef7,5,nested_heavy_valid,256,255,511,1,2,255,253,508,0.9941291585127201,0.9941291585127201,109,119,119,13481,14995,28476,0.437923875432526,0,0,0,simplified_jordan_reference,minimal,checked,6,6,2,33212250,True,,True,True,
week11_pilot_v1,week11_pilot_v1__run003,incremental_valid_n512_001,31,incremental_valid,512,20772724,3bf660a1831528095cb91cffbf31eb08a44f3e7c796ac4cd459fb589b939eef7,5,nested_heavy_valid,256,255,511,1,2,255,253,508,0.9941291585127201,0.9941291585127201,109,119,119,13481,14995,28476,0.437923875432526,0,0,0,python_sort,minimal,checked,6,6,3,11750,True,,True,True,
week11_pilot_v1,week11_pilot_v1__run003,incremental_valid_n512_001,31,incremental_valid,512,20772724,3bf660a1831528095cb91cffbf31eb08a44f3e7c796ac4cd459fb589b939eef7,5,nested_heavy_valid,256,255,511,1,2,255,253,508,0.9941291585127201,0.9941291585127201,109,119,119,13481,14995,28476,0.437923875432526,0,0,0,simplified_jordan_reference,minimal,checked,7,7,1,33378375,True,,True,True,
week11_pilot_v1,week11_pilot_v1__run003,incremental_valid_n512_001,31,incremental_valid,512,20772724,3bf660a1831528095cb91cffbf31eb08a44f3e7c796ac4cd459fb589b939eef7,5,nested_heavy_valid,256,255,511,1,2,255,253,508,0.9941291585127201,0.9941291585127201,109,119,119,13481,14995,28476,0.437923875432526,0,0,0,python_sort,minimal,checked,7,7,2,13209,True,,True,True,
week11_pilot_v1,week11_pilot_v1__run003,incremental_valid_n512_001,31,incremental_valid,512,20772724,3bf660a1831528095cb91cffbf31eb08a44f3e7c796ac4cd459fb589b939eef7,5,nested_heavy_valid,256,255,511,1,2,255,253,508,0.9941291585127201,0.9941291585127201,109,119,119,13481,14995,28476,0.437923875432526,0,0,0,simplified_jordan_paper_ordinary_list,minimal,checked,7,7,3,19642334,True,,True,True,
week11_pilot_v1,week11_pilot_v1__run003,incremental_valid_n512_001,31,incremental_valid,512,20772724,3bf660a1831528095cb91cffbf31eb08a44f3e7c796ac4cd459fb589b939eef7,5,nested_heavy_valid,256,255,511,1,2,255,253,508,0.9941291585127201,0.9941291585127201,109,119,119,13481,14995,28476,0.437923875432526,0,0,0,python_sort,minimal,checked,8,8,1,11958,True,,True,True,
week11_pilot_v1,week11_pilot_v1__run003,incremental_valid_n512_001,31,incremental_valid,512,20772724,3bf660a1831528095cb91cffbf31eb08a44f3e7c796ac4cd459fb589b939eef7,5,nested_heavy_valid,256,255,511,1,2,255,253,508,0.9941291585127201,0.9941291585127201,109,119,119,13481,14995,28476,0.437923875432526,0,0,0,simplified_jordan_paper_ordinary_list,minimal,checked,8,8,2,19550083,True,,True,True,
week11_pilot_v1,week11_pilot_v1__run003,incremental_valid_n512_001,31,incremental_valid,512,20772724,3bf660a1831528095cb91cffbf31eb08a44f3e7c796ac4cd459fb589b939eef7,5,nested_heavy_valid,256,255,511,1,2,255,253,508,0.9941291585127201,0.9941291585127201,109,119,119,13481,14995,28476,0.437923875432526,0,0,0,simplified_jordan_reference,minimal,checked,8,8,3,33264625,True,,True,True,
week11_pilot_v1,week11_pilot_v1__run003,incremental_valid_n512_001,31,incremental_valid,512,20772724,3bf660a1831528095cb91cffbf31eb08a44f3e7c796ac4cd459fb589b939eef7,5,nested_heavy_valid,256,255,511,1,2,255,253,508,0.9941291585127201,0.9941291585127201,109,119,119,13481,14995,28476,0.437923875432526,0,0,0,simplified_jordan_paper_ordinary_list,minimal,checked,9,9,1,19654875,True,,True,True,
week11_pilot_v1,week11_pilot_v1__run003,incremental_valid_n512_001,31,incremental_valid,512,20772724,3bf660a1831528095cb91cffbf31eb08a44f3e7c796ac4cd459fb589b939eef7,5,nested_heavy_valid,256,255,511,1,2,255,253,508,0.9941291585127201,0.9941291585127201,109,119,119,13481,14995,28476,0.437923875432526,0,0,0,simplified_jordan_reference,minimal,checked,9,9,2,33164250,True,,True,True,
week11_pilot_v1,week11_pilot_v1__run003,incremental_valid_n512_001,31,incremental_valid,512,20772724,3bf660a1831528095cb91cffbf31eb08a44f3e7c796ac4cd459fb589b939eef7,5,nested_heavy_valid,256,255,511,1,2,255,253,508,0.9941291585127201,0.9941291585127201,109,119,119,13481,14995,28476,0.437923875432526,0,0,0,python_sort,minimal,checked,9,9,3,11333,True,,True,True,
week11_pilot_v1,week11_pilot_v1__run003,incremental_valid_n512_001,31,incremental_valid,512,20772724,3bf660a1831528095cb91cffbf31eb08a44f3e7c796ac4cd459fb589b939eef7,5,nested_heavy_valid,256,255,511,1,2,255,253,508,0.9941291585127201,0.9941291585127201,109,119,119,13481,14995,28476,0.437923875432526,0,0,0,simplified_jordan_reference,minimal,checked,10,10,1,33355334,True,,True,True,
week11_pilot_v1,week11_pilot_v1__run003,incremental_valid_n512_001,31,incremental_valid,512,20772724,3bf660a1831528095cb91cffbf31eb08a44f3e7c796ac4cd459fb589b939eef7,5,nested_heavy_valid,256,255,511,1,2,255,253,508,0.9941291585127201,0.9941291585127201,109,119,119,13481,14995,28476,0.437923875432526,0,0,0,python_sort,minimal,checked,10,10,2,11084,True,,True,True,
week11_pilot_v1,week11_pilot_v1__run003,incremental_valid_n512_001,31,incremental_valid,512,20772724,3bf660a1831528095cb91cffbf31eb08a44f3e7c796ac4cd459fb589b939eef7,5,nested_heavy_valid,256,255,511,1,2,255,253,508,0.9941291585127201,0.9941291585127201,109,119,119,13481,14995,28476,0.437923875432526,0,0,0,simplified_jordan_paper_ordinary_list,minimal,checked,10,10,3,19659209,True,,True,True,
week11_pilot_v1,week11_pilot_v1__run003,incremental_valid_n512_005,35,incremental_valid,512,20772728,2b5b39efa2b8ba9c0cd41401a137cfc05aadb95b7ba31f6124a7c5c48f88f4f8,6,nested_heavy_valid,256,255,511,1,1,255,254,509,0.9960861056751468,0.9960861056751468,100,106,106,11792,13307,25099,0.38599000384467513,0,0,0,python_sort,minimal,checked,1,1,1,11458,True,,True,True,
week11_pilot_v1,week11_pilot_v1__run003,incremental_valid_n512_005,35,incremental_valid,512,20772728,2b5b39efa2b8ba9c0cd41401a137cfc05aadb95b7ba31f6124a7c5c48f88f4f8,6,nested_heavy_valid,256,255,511,1,1,255,254,509,0.9960861056751468,0.9960861056751468,100,106,106,11792,13307,25099,0.38599000384467513,0,0,0,simplified_jordan_reference,minimal,checked,1,1,2,32813167,True,,True,True,
week11_pilot_v1,week11_pilot_v1__run003,incremental_valid_n512_005,35,incremental_valid,512,20772728,2b5b39efa2b8ba9c0cd41401a137cfc05aadb95b7ba31f6124a7c5c48f88f4f8,6,nested_heavy_valid,256,255,511,1,1,255,254,509,0.9960861056751468,0.9960861056751468,100,106,106,11792,13307,25099,0.38599000384467513,0,0,0,simplified_jordan_paper_ordinary_list,minimal,checked,1,1,3,18360375,True,,True,True,
week11_pilot_v1,week11_pilot_v1__run003,incremental_valid_n512_005,35,incremental_valid,512,20772728,2b5b39efa2b8ba9c0cd41401a137cfc05aadb95b7ba31f6124a7c5c48f88f4f8,6,nested_heavy_valid,256,255,511,1,1,255,254,509,0.9960861056751468,0.9960861056751468,100,106,106,11792,13307,25099,0.38599000384467513,0,0,0,simplified_jordan_reference,minimal,checked,2,2,1,32979541,True,,True,True,
week11_pilot_v1,week11_pilot_v1__run003,incremental_valid_n512_005,35,incremental_valid,512,20772728,2b5b39efa2b8ba9c0cd41401a137cfc05aadb95b7ba31f6124a7c5c48f88f4f8,6,nested_heavy_valid,256,255,511,1,1,255,254,509,0.9960861056751468,0.9960861056751468,100,106,106,11792,13307,25099,0.38599000384467513,0,0,0,simplified_jordan_paper_ordinary_list,minimal,checked,2,2,2,18660708,True,,True,True,
week11_pilot_v1,week11_pilot_v1__run003,incremental_valid_n512_005,35,incremental_valid,512,20772728,2b5b39efa2b8ba9c0cd41401a137cfc05aadb95b7ba31f6124a7c5c48f88f4f8,6,nested_heavy_valid,256,255,511,1,1,255,254,509,0.9960861056751468,0.9960861056751468,100,106,106,11792,13307,25099,0.38599000384467513,0,0,0,python_sort,minimal,checked,2,2,3,13417,True,,True,True,
week11_pilot_v1,week11_pilot_v1__run003,incremental_valid_n512_005,35,incremental_valid,512,20772728,2b5b39efa2b8ba9c0cd41401a137cfc05aadb95b7ba31f6124a7c5c48f88f4f8,6,nested_heavy_valid,256,255,511,1,1,255,254,509,0.9960861056751468,0.9960861056751468,100,106,106,11792,13307,25099,0.38599000384467513,0,0,0,simplified_jordan_paper_ordinary_list,minimal,checked,3,3,1,18174584,True,,True,True,
week11_pilot_v1,week11_pilot_v1__run003,incremental_valid_n512_005,35,incremental_valid,512,20772728,2b5b39efa2b8ba9c0cd41401a137cfc05aadb95b7ba31f6124a7c5c48f88f4f8,6,nested_heavy_valid,256,255,511,1,1,255,254,509,0.9960861056751468,0.9960861056751468,100,106,106,11792,13307,25099,0.38599000384467513,0,0,0,python_sort,minimal,checked,3,3,2,14209,True,,True,True,
week11_pilot_v1,week11_pilot_v1__run003,incremental_valid_n512_005,35,incremental_valid,512,20772728,2b5b39efa2b8ba9c0cd41401a137cfc05aadb95b7ba31f6124a7c5c48f88f4f8,6,nested_heavy_valid,256,255,511,1,1,255,254,509,0.9960861056751468,0.9960861056751468,100,106,106,11792,13307,25099,0.38599000384467513,0,0,0,simplified_jordan_reference,minimal,checked,3,3,3,33000375,True,,True,True,
week11_pilot_v1,week11_pilot_v1__run003,incremental_valid_n512_005,35,incremental_valid,512,20772728,2b5b39efa2b8ba9c0cd41401a137cfc05aadb95b7ba31f6124a7c5c48f88f4f8,6,nested_heavy_valid,256,255,511,1,1,255,254,509,0.9960861056751468,0.9960861056751468,100,106,106,11792,13307,25099,0.38599000384467513,0,0,0,python_sort,minimal,checked,4,4,1,11959,True,,True,True,
week11_pilot_v1,week11_pilot_v1__run003,incremental_valid_n512_005,35,incremental_valid,512,20772728,2b5b39efa2b8ba9c0cd41401a137cfc05aadb95b7ba31f6124a7c5c48f88f4f8,6,nested_heavy_valid,256,255,511,1,1,255,254,509,0.9960861056751468,0.9960861056751468,100,106,106,11792,13307,25099,0.38599000384467513,0,0,0,simplified_jordan_reference,minimal,checked,4,4,2,32877750,True,,True,True,
week11_pilot_v1,week11_pilot_v1__run003,incremental_valid_n512_005,35,incremental_valid,512,20772728,2b5b39efa2b8ba9c0cd41401a137cfc05aadb95b7ba31f6124a7c5c48f88f4f8,6,nested_heavy_valid,256,255,511,1,1,255,254,509,0.9960861056751468,0.9960861056751468,100,106,106,11792,13307,25099,0.38599000384467513,0,0,0,simplified_jordan_paper_ordinary_list,minimal,checked,4,4,3,18171834,True,,True,True,
week11_pilot_v1,week11_pilot_v1__run003,incremental_valid_n512_005,35,incremental_valid,512,20772728,2b5b39efa2b8ba9c0cd41401a137cfc05aadb95b7ba31f6124a7c5c48f88f4f8,6,nested_heavy_valid,256,255,511,1,1,255,254,509,0.9960861056751468,0.9960861056751468,100,106,106,11792,13307,25099,0.38599000384467513,0,0,0,simplified_jordan_reference,minimal,checked,5,5,1,32948666,True,,True,True,
week11_pilot_v1,week11_pilot_v1__run003,incremental_valid_n512_005,35,incremental_valid,512,20772728,2b5b39efa2b8ba9c0cd41401a137cfc05aadb95b7ba31f6124a7c5c48f88f4f8,6,nested_heavy_valid,256,255,511,1,1,255,254,509,0.9960861056751468,0.9960861056751468,100,106,106,11792,13307,25099,0.38599000384467513,0,0,0,simplified_jordan_paper_ordinary_list,minimal,checked,5,5,2,18169500,True,,True,True,
week11_pilot_v1,week11_pilot_v1__run003,incremental_valid_n512_005,35,incremental_valid,512,20772728,2b5b39efa2b8ba9c0cd41401a137cfc05aadb95b7ba31f6124a7c5c48f88f4f8,6,nested_heavy_valid,256,255,511,1,1,255,254,509,0.9960861056751468,0.9960861056751468,100,106,106,11792,13307,25099,0.38599000384467513,0,0,0,python_sort,minimal,checked,5,5,3,11083,True,,True,True,
week11_pilot_v1,week11_pilot_v1__run003,incremental_valid_n512_005,35,incremental_valid,512,20772728,2b5b39efa2b8ba9c0cd41401a137cfc05aadb95b7ba31f6124a7c5c48f88f4f8,6,nested_heavy_valid,256,255,511,1,1,255,254,509,0.9960861056751468,0.9960861056751468,100,106,106,11792,13307,25099,0.38599000384467513,0,0,0,simplified_jordan_paper_ordinary_list,minimal,checked,6,6,1,18393833,True,,True,True,
week11_pilot_v1,week11_pilot_v1__run003,incremental_valid_n512_005,35,incremental_valid,512,20772728,2b5b39efa2b8ba9c0cd41401a137cfc05aadb95b7ba31f6124a7c5c48f88f4f8,6,nested_heavy_valid,256,255,511,1,1,255,254,509,0.9960861056751468,0.9960861056751468,100,106,106,11792,13307,25099,0.38599000384467513,0,0,0,python_sort,minimal,checked,6,6,2,10917,True,,True,True,
week11_pilot_v1,week11_pilot_v1__run003,incremental_valid_n512_005,35,incremental_valid,512,20772728,2b5b39efa2b8ba9c0cd41401a137cfc05aadb95b7ba31f6124a7c5c48f88f4f8,6,nested_heavy_valid,256,255,511,1,1,255,254,509,0.9960861056751468,0.9960861056751468,100,106,106,11792,13307,25099,0.38599000384467513,0,0,0,simplified_jordan_reference,minimal,checked,6,6,3,32950625,True,,True,True,
week11_pilot_v1,week11_pilot_v1__run003,incremental_valid_n512_005,35,incremental_valid,512,20772728,2b5b39efa2b8ba9c0cd41401a137cfc05aadb95b7ba31f6124a7c5c48f88f4f8,6,nested_heavy_valid,256,255,511,1,1,255,254,509,0.9960861056751468,0.9960861056751468,100,106,106,11792,13307,25099,0.38599000384467513,0,0,0,python_sort,minimal,checked,7,7,1,10542,True,,True,True,
week11_pilot_v1,week11_pilot_v1__run003,incremental_valid_n512_005,35,incremental_valid,512,20772728,2b5b39efa2b8ba9c0cd41401a137cfc05aadb95b7ba31f6124a7c5c48f88f4f8,6,nested_heavy_valid,256,255,511,1,1,255,254,509,0.9960861056751468,0.9960861056751468,100,106,106,11792,13307,25099,0.38599000384467513,0,0,0,simplified_jordan_reference,minimal,checked,7,7,2,32906333,True,,True,True,
week11_pilot_v1,week11_pilot_v1__run003,incremental_valid_n512_005,35,incremental_valid,512,20772728,2b5b39efa2b8ba9c0cd41401a137cfc05aadb95b7ba31f6124a7c5c48f88f4f8,6,nested_heavy_valid,256,255,511,1,1,255,254,509,0.9960861056751468,0.9960861056751468,100,106,106,11792,13307,25099,0.38599000384467513,0,0,0,simplified_jordan_paper_ordinary_list,minimal,checked,7,7,3,18435750,True,,True,True,
week11_pilot_v1,week11_pilot_v1__run003,incremental_valid_n512_005,35,incremental_valid,512,20772728,2b5b39efa2b8ba9c0cd41401a137cfc05aadb95b7ba31f6124a7c5c48f88f4f8,6,nested_heavy_valid,256,255,511,1,1,255,254,509,0.9960861056751468,0.9960861056751468,100,106,106,11792,13307,25099,0.38599000384467513,0,0,0,simplified_jordan_reference,minimal,checked,8,8,1,32955834,True,,True,True,
week11_pilot_v1,week11_pilot_v1__run003,incremental_valid_n512_005,35,incremental_valid,512,20772728,2b5b39efa2b8ba9c0cd41401a137cfc05aadb95b7ba31f6124a7c5c48f88f4f8,6,nested_heavy_valid,256,255,511,1,1,255,254,509,0.9960861056751468,0.9960861056751468,100,106,106,11792,13307,25099,0.38599000384467513,0,0,0,simplified_jordan_paper_ordinary_list,minimal,checked,8,8,2,18355625,True,,True,True,
week11_pilot_v1,week11_pilot_v1__run003,incremental_valid_n512_005,35,incremental_valid,512,20772728,2b5b39efa2b8ba9c0cd41401a137cfc05aadb95b7ba31f6124a7c5c48f88f4f8,6,nested_heavy_valid,256,255,511,1,1,255,254,509,0.9960861056751468,0.9960861056751468,100,106,106,11792,13307,25099,0.38599000384467513,0,0,0,python_sort,minimal,checked,8,8,3,10750,True,,True,True,
week11_pilot_v1,week11_pilot_v1__run003,incremental_valid_n512_005,35,incremental_valid,512,20772728,2b5b39efa2b8ba9c0cd41401a137cfc05aadb95b7ba31f6124a7c5c48f88f4f8,6,nested_heavy_valid,256,255,511,1,1,255,254,509,0.9960861056751468,0.9960861056751468,100,106,106,11792,13307,25099,0.38599000384467513,0,0,0,simplified_jordan_paper_ordinary_list,minimal,checked,9,9,1,18370750,True,,True,True,
week11_pilot_v1,week11_pilot_v1__run003,incremental_valid_n512_005,35,incremental_valid,512,20772728,2b5b39efa2b8ba9c0cd41401a137cfc05aadb95b7ba31f6124a7c5c48f88f4f8,6,nested_heavy_valid,256,255,511,1,1,255,254,509,0.9960861056751468,0.9960861056751468,100,106,106,11792,13307,25099,0.38599000384467513,0,0,0,python_sort,minimal,checked,9,9,2,10583,True,,True,True,
week11_pilot_v1,week11_pilot_v1__run003,incremental_valid_n512_005,35,incremental_valid,512,20772728,2b5b39efa2b8ba9c0cd41401a137cfc05aadb95b7ba31f6124a7c5c48f88f4f8,6,nested_heavy_valid,256,255,511,1,1,255,254,509,0.9960861056751468,0.9960861056751468,100,106,106,11792,13307,25099,0.38599000384467513,0,0,0,simplified_jordan_reference,minimal,checked,9,9,3,32962708,True,,True,True,
week11_pilot_v1,week11_pilot_v1__run003,incremental_valid_n512_005,35,incremental_valid,512,20772728,2b5b39efa2b8ba9c0cd41401a137cfc05aadb95b7ba31f6124a7c5c48f88f4f8,6,nested_heavy_valid,256,255,511,1,1,255,254,509,0.9960861056751468,0.9960861056751468,100,106,106,11792,13307,25099,0.38599000384467513,0,0,0,python_sort,minimal,checked,10,10,1,11792,True,,True,True,
week11_pilot_v1,week11_pilot_v1__run003,incremental_valid_n512_005,35,incremental_valid,512,20772728,2b5b39efa2b8ba9c0cd41401a137cfc05aadb95b7ba31f6124a7c5c48f88f4f8,6,nested_heavy_valid,256,255,511,1,1,255,254,509,0.9960861056751468,0.9960861056751468,100,106,106,11792,13307,25099,0.38599000384467513,0,0,0,simplified_jordan_reference,minimal,checked,10,10,2,32948292,True,,True,True,
week11_pilot_v1,week11_pilot_v1__run003,incremental_valid_n512_005,35,incremental_valid,512,20772728,2b5b39efa2b8ba9c0cd41401a137cfc05aadb95b7ba31f6124a7c5c48f88f4f8,6,nested_heavy_valid,256,255,511,1,1,255,254,509,0.9960861056751468,0.9960861056751468,100,106,106,11792,13307,25099,0.38599000384467513,0,0,0,simplified_jordan_paper_ordinary_list,minimal,checked,10,10,3,18119084,True,,True,True,
week11_pilot_v1,week11_pilot_v1__run003,incremental_valid_n32_005,15,incremental_valid,32,20292728,aaafdbed0119fa0df3fc3c808de95a21dceb717dacf9040e2fbfdbc3d9875d26,7,nested_heavy_valid,16,15,31,2,3,14,12,26,0.8387096774193549,0.8387096774193549,7,4,7,47,25,72,0.32,0,0,0,simplified_jordan_paper_ordinary_list,minimal,checked,1,1,1,620167,True,,True,True,
week11_pilot_v1,week11_pilot_v1__run003,incremental_valid_n32_005,15,incremental_valid,32,20292728,aaafdbed0119fa0df3fc3c808de95a21dceb717dacf9040e2fbfdbc3d9875d26,7,nested_heavy_valid,16,15,31,2,3,14,12,26,0.8387096774193549,0.8387096774193549,7,4,7,47,25,72,0.32,0,0,0,simplified_jordan_reference,minimal,checked,1,1,2,187917,True,,True,True,
week11_pilot_v1,week11_pilot_v1__run003,incremental_valid_n32_005,15,incremental_valid,32,20292728,aaafdbed0119fa0df3fc3c808de95a21dceb717dacf9040e2fbfdbc3d9875d26,7,nested_heavy_valid,16,15,31,2,3,14,12,26,0.8387096774193549,0.8387096774193549,7,4,7,47,25,72,0.32,0,0,0,python_sort,minimal,checked,1,1,3,833,True,,True,True,
week11_pilot_v1,week11_pilot_v1__run003,incremental_valid_n32_005,15,incremental_valid,32,20292728,aaafdbed0119fa0df3fc3c808de95a21dceb717dacf9040e2fbfdbc3d9875d26,7,nested_heavy_valid,16,15,31,2,3,14,12,26,0.8387096774193549,0.8387096774193549,7,4,7,47,25,72,0.32,0,0,0,simplified_jordan_reference,minimal,checked,2,2,1,183291,True,,True,True,
week11_pilot_v1,week11_pilot_v1__run003,incremental_valid_n32_005,15,incremental_valid,32,20292728,aaafdbed0119fa0df3fc3c808de95a21dceb717dacf9040e2fbfdbc3d9875d26,7,nested_heavy_valid,16,15,31,2,3,14,12,26,0.8387096774193549,0.8387096774193549,7,4,7,47,25,72,0.32,0,0,0,python_sort,minimal,checked,2,2,2,750,True,,True,True,
week11_pilot_v1,week11_pilot_v1__run003,incremental_valid_n32_005,15,incremental_valid,32,20292728,aaafdbed0119fa0df3fc3c808de95a21dceb717dacf9040e2fbfdbc3d9875d26,7,nested_heavy_valid,16,15,31,2,3,14,12,26,0.8387096774193549,0.8387096774193549,7,4,7,47,25,72,0.32,0,0,0,simplified_jordan_paper_ordinary_list,minimal,checked,2,2,3,599291,True,,True,True,
week11_pilot_v1,week11_pilot_v1__run003,incremental_valid_n32_005,15,incremental_valid,32,20292728,aaafdbed0119fa0df3fc3c808de95a21dceb717dacf9040e2fbfdbc3d9875d26,7,nested_heavy_valid,16,15,31,2,3,14,12,26,0.8387096774193549,0.8387096774193549,7,4,7,47,25,72,0.32,0,0,0,python_sort,minimal,checked,3,3,1,792,True,,True,True,
week11_pilot_v1,week11_pilot_v1__run003,incremental_valid_n32_005,15,incremental_valid,32,20292728,aaafdbed0119fa0df3fc3c808de95a21dceb717dacf9040e2fbfdbc3d9875d26,7,nested_heavy_valid,16,15,31,2,3,14,12,26,0.8387096774193549,0.8387096774193549,7,4,7,47,25,72,0.32,0,0,0,simplified_jordan_paper_ordinary_list,minimal,checked,3,3,2,632917,True,,True,True,
week11_pilot_v1,week11_pilot_v1__run003,incremental_valid_n32_005,15,incremental_valid,32,20292728,aaafdbed0119fa0df3fc3c808de95a21dceb717dacf9040e2fbfdbc3d9875d26,7,nested_heavy_valid,16,15,31,2,3,14,12,26,0.8387096774193549,0.8387096774193549,7,4,7,47,25,72,0.32,0,0,0,simplified_jordan_reference,minimal,checked,3,3,3,192875,True,,True,True,
week11_pilot_v1,week11_pilot_v1__run003,incremental_valid_n32_005,15,incremental_valid,32,20292728,aaafdbed0119fa0df3fc3c808de95a21dceb717dacf9040e2fbfdbc3d9875d26,7,nested_heavy_valid,16,15,31,2,3,14,12,26,0.8387096774193549,0.8387096774193549,7,4,7,47,25,72,0.32,0,0,0,simplified_jordan_paper_ordinary_list,minimal,checked,4,4,1,620834,True,,True,True,
week11_pilot_v1,week11_pilot_v1__run003,incremental_valid_n32_005,15,incremental_valid,32,20292728,aaafdbed0119fa0df3fc3c808de95a21dceb717dacf9040e2fbfdbc3d9875d26,7,nested_heavy_valid,16,15,31,2,3,14,12,26,0.8387096774193549,0.8387096774193549,7,4,7,47,25,72,0.32,0,0,0,simplified_jordan_reference,minimal,checked,4,4,2,200458,True,,True,True,
week11_pilot_v1,week11_pilot_v1__run003,incremental_valid_n32_005,15,incremental_valid,32,20292728,aaafdbed0119fa0df3fc3c808de95a21dceb717dacf9040e2fbfdbc3d9875d26,7,nested_heavy_valid,16,15,31,2,3,14,12,26,0.8387096774193549,0.8387096774193549,7,4,7,47,25,72,0.32,0,0,0,python_sort,minimal,checked,4,4,3,1041,True,,True,True,
week11_pilot_v1,week11_pilot_v1__run003,incremental_valid_n32_005,15,incremental_valid,32,20292728,aaafdbed0119fa0df3fc3c808de95a21dceb717dacf9040e2fbfdbc3d9875d26,7,nested_heavy_valid,16,15,31,2,3,14,12,26,0.8387096774193549,0.8387096774193549,7,4,7,47,25,72,0.32,0,0,0,simplified_jordan_reference,minimal,checked,5,5,1,179583,True,,True,True,
week11_pilot_v1,week11_pilot_v1__run003,incremental_valid_n32_005,15,incremental_valid,32,20292728,aaafdbed0119fa0df3fc3c808de95a21dceb717dacf9040e2fbfdbc3d9875d26,7,nested_heavy_valid,16,15,31,2,3,14,12,26,0.8387096774193549,0.8387096774193549,7,4,7,47,25,72,0.32,0,0,0,python_sort,minimal,checked,5,5,2,750,True,,True,True,
week11_pilot_v1,week11_pilot_v1__run003,incremental_valid_n32_005,15,incremental_valid,32,20292728,aaafdbed0119fa0df3fc3c808de95a21dceb717dacf9040e2fbfdbc3d9875d26,7,nested_heavy_valid,16,15,31,2,3,14,12,26,0.8387096774193549,0.8387096774193549,7,4,7,47,25,72,0.32,0,0,0,simplified_jordan_paper_ordinary_list,minimal,checked,5,5,3,599958,True,,True,True,
week11_pilot_v1,week11_pilot_v1__run003,incremental_valid_n32_005,15,incremental_valid,32,20292728,aaafdbed0119fa0df3fc3c808de95a21dceb717dacf9040e2fbfdbc3d9875d26,7,nested_heavy_valid,16,15,31,2,3,14,12,26,0.8387096774193549,0.8387096774193549,7,4,7,47,25,72,0.32,0,0,0,python_sort,minimal,checked,6,6,1,833,True,,True,True,
week11_pilot_v1,week11_pilot_v1__run003,incremental_valid_n32_005,15,incremental_valid,32,20292728,aaafdbed0119fa0df3fc3c808de95a21dceb717dacf9040e2fbfdbc3d9875d26,7,nested_heavy_valid,16,15,31,2,3,14,12,26,0.8387096774193549,0.8387096774193549,7,4,7,47,25,72,0.32,0,0,0,simplified_jordan_paper_ordinary_list,minimal,checked,6,6,2,596834,True,,True,True,
week11_pilot_v1,week11_pilot_v1__run003,incremental_valid_n32_005,15,incremental_valid,32,20292728,aaafdbed0119fa0df3fc3c808de95a21dceb717dacf9040e2fbfdbc3d9875d26,7,nested_heavy_valid,16,15,31,2,3,14,12,26,0.8387096774193549,0.8387096774193549,7,4,7,47,25,72,0.32,0,0,0,simplified_jordan_reference,minimal,checked,6,6,3,179708,True,,True,True,
week11_pilot_v1,week11_pilot_v1__run003,incremental_valid_n32_005,15,incremental_valid,32,20292728,aaafdbed0119fa0df3fc3c808de95a21dceb717dacf9040e2fbfdbc3d9875d26,7,nested_heavy_valid,16,15,31,2,3,14,12,26,0.8387096774193549,0.8387096774193549,7,4,7,47,25,72,0.32,0,0,0,simplified_jordan_paper_ordinary_list,minimal,checked,7,7,1,611625,True,,True,True,
week11_pilot_v1,week11_pilot_v1__run003,incremental_valid_n32_005,15,incremental_valid,32,20292728,aaafdbed0119fa0df3fc3c808de95a21dceb717dacf9040e2fbfdbc3d9875d26,7,nested_heavy_valid,16,15,31,2,3,14,12,26,0.8387096774193549,0.8387096774193549,7,4,7,47,25,72,0.32,0,0,0,simplified_jordan_reference,minimal,checked,7,7,2,179667,True,,True,True,
week11_pilot_v1,week11_pilot_v1__run003,incremental_valid_n32_005,15,incremental_valid,32,20292728,aaafdbed0119fa0df3fc3c808de95a21dceb717dacf9040e2fbfdbc3d9875d26,7,nested_heavy_valid,16,15,31,2,3,14,12,26,0.8387096774193549,0.8387096774193549,7,4,7,47,25,72,0.32,0,0,0,python_sort,minimal,checked,7,7,3,750,True,,True,True,
week11_pilot_v1,week11_pilot_v1__run003,incremental_valid_n32_005,15,incremental_valid,32,20292728,aaafdbed0119fa0df3fc3c808de95a21dceb717dacf9040e2fbfdbc3d9875d26,7,nested_heavy_valid,16,15,31,2,3,14,12,26,0.8387096774193549,0.8387096774193549,7,4,7,47,25,72,0.32,0,0,0,simplified_jordan_reference,minimal,checked,8,8,1,175500,True,,True,True,
week11_pilot_v1,week11_pilot_v1__run003,incremental_valid_n32_005,15,incremental_valid,32,20292728,aaafdbed0119fa0df3fc3c808de95a21dceb717dacf9040e2fbfdbc3d9875d26,7,nested_heavy_valid,16,15,31,2,3,14,12,26,0.8387096774193549,0.8387096774193549,7,4,7,47,25,72,0.32,0,0,0,python_sort,minimal,checked,8,8,2,708,True,,True,True,
week11_pilot_v1,week11_pilot_v1__run003,incremental_valid_n32_005,15,incremental_valid,32,20292728,aaafdbed0119fa0df3fc3c808de95a21dceb717dacf9040e2fbfdbc3d9875d26,7,nested_heavy_valid,16,15,31,2,3,14,12,26,0.8387096774193549,0.8387096774193549,7,4,7,47,25,72,0.32,0,0,0,simplified_jordan_paper_ordinary_list,minimal,checked,8,8,3,600041,True,,True,True,
week11_pilot_v1,week11_pilot_v1__run003,incremental_valid_n32_005,15,incremental_valid,32,20292728,aaafdbed0119fa0df3fc3c808de95a21dceb717dacf9040e2fbfdbc3d9875d26,7,nested_heavy_valid,16,15,31,2,3,14,12,26,0.8387096774193549,0.8387096774193549,7,4,7,47,25,72,0.32,0,0,0,python_sort,minimal,checked,9,9,1,792,True,,True,True,
week11_pilot_v1,week11_pilot_v1__run003,incremental_valid_n32_005,15,incremental_valid,32,20292728,aaafdbed0119fa0df3fc3c808de95a21dceb717dacf9040e2fbfdbc3d9875d26,7,nested_heavy_valid,16,15,31,2,3,14,12,26,0.8387096774193549,0.8387096774193549,7,4,7,47,25,72,0.32,0,0,0,simplified_jordan_paper_ordinary_list,minimal,checked,9,9,2,596042,True,,True,True,
week11_pilot_v1,week11_pilot_v1__run003,incremental_valid_n32_005,15,incremental_valid,32,20292728,aaafdbed0119fa0df3fc3c808de95a21dceb717dacf9040e2fbfdbc3d9875d26,7,nested_heavy_valid,16,15,31,2,3,14,12,26,0.8387096774193549,0.8387096774193549,7,4,7,47,25,72,0.32,0,0,0,simplified_jordan_reference,minimal,checked,9,9,3,179834,True,,True,True,
week11_pilot_v1,week11_pilot_v1__run003,incremental_valid_n32_005,15,incremental_valid,32,20292728,aaafdbed0119fa0df3fc3c808de95a21dceb717dacf9040e2fbfdbc3d9875d26,7,nested_heavy_valid,16,15,31,2,3,14,12,26,0.8387096774193549,0.8387096774193549,7,4,7,47,25,72,0.32,0,0,0,simplified_jordan_paper_ordinary_list,minimal,checked,10,10,1,604125,True,,True,True,
week11_pilot_v1,week11_pilot_v1__run003,incremental_valid_n32_005,15,incremental_valid,32,20292728,aaafdbed0119fa0df3fc3c808de95a21dceb717dacf9040e2fbfdbc3d9875d26,7,nested_heavy_valid,16,15,31,2,3,14,12,26,0.8387096774193549,0.8387096774193549,7,4,7,47,25,72,0.32,0,0,0,simplified_jordan_reference,minimal,checked,10,10,2,180167,True,,True,True,
week11_pilot_v1,week11_pilot_v1__run003,incremental_valid_n32_005,15,incremental_valid,32,20292728,aaafdbed0119fa0df3fc3c808de95a21dceb717dacf9040e2fbfdbc3d9875d26,7,nested_heavy_valid,16,15,31,2,3,14,12,26,0.8387096774193549,0.8387096774193549,7,4,7,47,25,72,0.32,0,0,0,python_sort,minimal,checked,10,10,3,791,True,,True,True,
week11_pilot_v1,week11_pilot_v1__run003,flat_valid_n64_001,2,flat_valid,64,,083f2c24bd07c07802ed045dbd299caf03100e9506df8a8cae0aac89a6a32511,8,strict_flat,32,31,63,32,31,0,0,0,0.0,0.0,0,0,0,0,0,0,0.0,0,0,0,python_sort,minimal,checked,1,1,1,584,True,,True,True,
week11_pilot_v1,week11_pilot_v1__run003,flat_valid_n64_001,2,flat_valid,64,,083f2c24bd07c07802ed045dbd299caf03100e9506df8a8cae0aac89a6a32511,8,strict_flat,32,31,63,32,31,0,0,0,0.0,0.0,0,0,0,0,0,0,0.0,0,0,0,simplified_jordan_reference,minimal,checked,1,1,2,536083,True,,True,True,
week11_pilot_v1,week11_pilot_v1__run003,flat_valid_n64_001,2,flat_valid,64,,083f2c24bd07c07802ed045dbd299caf03100e9506df8a8cae0aac89a6a32511,8,strict_flat,32,31,63,32,31,0,0,0,0.0,0.0,0,0,0,0,0,0,0.0,0,0,0,simplified_jordan_paper_ordinary_list,minimal,checked,1,1,3,860292,True,,True,True,
week11_pilot_v1,week11_pilot_v1__run003,flat_valid_n64_001,2,flat_valid,64,,083f2c24bd07c07802ed045dbd299caf03100e9506df8a8cae0aac89a6a32511,8,strict_flat,32,31,63,32,31,0,0,0,0.0,0.0,0,0,0,0,0,0,0.0,0,0,0,simplified_jordan_reference,minimal,checked,2,2,1,523042,True,,True,True,
week11_pilot_v1,week11_pilot_v1__run003,flat_valid_n64_001,2,flat_valid,64,,083f2c24bd07c07802ed045dbd299caf03100e9506df8a8cae0aac89a6a32511,8,strict_flat,32,31,63,32,31,0,0,0,0.0,0.0,0,0,0,0,0,0,0.0,0,0,0,simplified_jordan_paper_ordinary_list,minimal,checked,2,2,2,855042,True,,True,True,
week11_pilot_v1,week11_pilot_v1__run003,flat_valid_n64_001,2,flat_valid,64,,083f2c24bd07c07802ed045dbd299caf03100e9506df8a8cae0aac89a6a32511,8,strict_flat,32,31,63,32,31,0,0,0,0.0,0.0,0,0,0,0,0,0,0.0,0,0,0,python_sort,minimal,checked,2,2,3,417,True,,True,True,
week11_pilot_v1,week11_pilot_v1__run003,flat_valid_n64_001,2,flat_valid,64,,083f2c24bd07c07802ed045dbd299caf03100e9506df8a8cae0aac89a6a32511,8,strict_flat,32,31,63,32,31,0,0,0,0.0,0.0,0,0,0,0,0,0,0.0,0,0,0,simplified_jordan_paper_ordinary_list,minimal,checked,3,3,1,847083,True,,True,True,
week11_pilot_v1,week11_pilot_v1__run003,flat_valid_n64_001,2,flat_valid,64,,083f2c24bd07c07802ed045dbd299caf03100e9506df8a8cae0aac89a6a32511,8,strict_flat,32,31,63,32,31,0,0,0,0.0,0.0,0,0,0,0,0,0,0.0,0,0,0,python_sort,minimal,checked,3,3,2,417,True,,True,True,
week11_pilot_v1,week11_pilot_v1__run003,flat_valid_n64_001,2,flat_valid,64,,083f2c24bd07c07802ed045dbd299caf03100e9506df8a8cae0aac89a6a32511,8,strict_flat,32,31,63,32,31,0,0,0,0.0,0.0,0,0,0,0,0,0,0.0,0,0,0,simplified_jordan_reference,minimal,checked,3,3,3,531250,True,,True,True,
week11_pilot_v1,week11_pilot_v1__run003,flat_valid_n64_001,2,flat_valid,64,,083f2c24bd07c07802ed045dbd299caf03100e9506df8a8cae0aac89a6a32511,8,strict_flat,32,31,63,32,31,0,0,0,0.0,0.0,0,0,0,0,0,0,0.0,0,0,0,python_sort,minimal,checked,4,4,1,375,True,,True,True,
week11_pilot_v1,week11_pilot_v1__run003,flat_valid_n64_001,2,flat_valid,64,,083f2c24bd07c07802ed045dbd299caf03100e9506df8a8cae0aac89a6a32511,8,strict_flat,32,31,63,32,31,0,0,0,0.0,0.0,0,0,0,0,0,0,0.0,0,0,0,simplified_jordan_reference,minimal,checked,4,4,2,532167,True,,True,True,
week11_pilot_v1,week11_pilot_v1__run003,flat_valid_n64_001,2,flat_valid,64,,083f2c24bd07c07802ed045dbd299caf03100e9506df8a8cae0aac89a6a32511,8,strict_flat,32,31,63,32,31,0,0,0,0.0,0.0,0,0,0,0,0,0,0.0,0,0,0,simplified_jordan_paper_ordinary_list,minimal,checked,4,4,3,845625,True,,True,True,
week11_pilot_v1,week11_pilot_v1__run003,flat_valid_n64_001,2,flat_valid,64,,083f2c24bd07c07802ed045dbd299caf03100e9506df8a8cae0aac89a6a32511,8,strict_flat,32,31,63,32,31,0,0,0,0.0,0.0,0,0,0,0,0,0,0.0,0,0,0,simplified_jordan_reference,minimal,checked,5,5,1,537334,True,,True,True,
week11_pilot_v1,week11_pilot_v1__run003,flat_valid_n64_001,2,flat_valid,64,,083f2c24bd07c07802ed045dbd299caf03100e9506df8a8cae0aac89a6a32511,8,strict_flat,32,31,63,32,31,0,0,0,0.0,0.0,0,0,0,0,0,0,0.0,0,0,0,simplified_jordan_paper_ordinary_list,minimal,checked,5,5,2,885958,True,,True,True,
week11_pilot_v1,week11_pilot_v1__run003,flat_valid_n64_001,2,flat_valid,64,,083f2c24bd07c07802ed045dbd299caf03100e9506df8a8cae0aac89a6a32511,8,strict_flat,32,31,63,32,31,0,0,0,0.0,0.0,0,0,0,0,0,0,0.0,0,0,0,python_sort,minimal,checked,5,5,3,458,True,,True,True,
week11_pilot_v1,week11_pilot_v1__run003,flat_valid_n64_001,2,flat_valid,64,,083f2c24bd07c07802ed045dbd299caf03100e9506df8a8cae0aac89a6a32511,8,strict_flat,32,31,63,32,31,0,0,0,0.0,0.0,0,0,0,0,0,0,0.0,0,0,0,simplified_jordan_paper_ordinary_list,minimal,checked,6,6,1,856792,True,,True,True,
week11_pilot_v1,week11_pilot_v1__run003,flat_valid_n64_001,2,flat_valid,64,,083f2c24bd07c07802ed045dbd299caf03100e9506df8a8cae0aac89a6a32511,8,strict_flat,32,31,63,32,31,0,0,0,0.0,0.0,0,0,0,0,0,0,0.0,0,0,0,python_sort,minimal,checked,6,6,2,375,True,,True,True,
week11_pilot_v1,week11_pilot_v1__run003,flat_valid_n64_001,2,flat_valid,64,,083f2c24bd07c07802ed045dbd299caf03100e9506df8a8cae0aac89a6a32511,8,strict_flat,32,31,63,32,31,0,0,0,0.0,0.0,0,0,0,0,0,0,0.0,0,0,0,simplified_jordan_reference,minimal,checked,6,6,3,521833,True,,True,True,
week11_pilot_v1,week11_pilot_v1__run003,flat_valid_n64_001,2,flat_valid,64,,083f2c24bd07c07802ed045dbd299caf03100e9506df8a8cae0aac89a6a32511,8,strict_flat,32,31,63,32,31,0,0,0,0.0,0.0,0,0,0,0,0,0,0.0,0,0,0,python_sort,minimal,checked,7,7,1,375,True,,True,True,
week11_pilot_v1,week11_pilot_v1__run003,flat_valid_n64_001,2,flat_valid,64,,083f2c24bd07c07802ed045dbd299caf03100e9506df8a8cae0aac89a6a32511,8,strict_flat,32,31,63,32,31,0,0,0,0.0,0.0,0,0,0,0,0,0,0.0,0,0,0,simplified_jordan_reference,minimal,checked,7,7,2,514792,True,,True,True,
week11_pilot_v1,week11_pilot_v1__run003,flat_valid_n64_001,2,flat_valid,64,,083f2c24bd07c07802ed045dbd299caf03100e9506df8a8cae0aac89a6a32511,8,strict_flat,32,31,63,32,31,0,0,0,0.0,0.0,0,0,0,0,0,0,0.0,0,0,0,simplified_jordan_paper_ordinary_list,minimal,checked,7,7,3,872000,True,,True,True,
week11_pilot_v1,week11_pilot_v1__run003,flat_valid_n64_001,2,flat_valid,64,,083f2c24bd07c07802ed045dbd299caf03100e9506df8a8cae0aac89a6a32511,8,strict_flat,32,31,63,32,31,0,0,0,0.0,0.0,0,0,0,0,0,0,0.0,0,0,0,simplified_jordan_reference,minimal,checked,8,8,1,521041,True,,True,True,
week11_pilot_v1,week11_pilot_v1__run003,flat_valid_n64_001,2,flat_valid,64,,083f2c24bd07c07802ed045dbd299caf03100e9506df8a8cae0aac89a6a32511,8,strict_flat,32,31,63,32,31,0,0,0,0.0,0.0,0,0,0,0,0,0,0.0,0,0,0,simplified_jordan_paper_ordinary_list,minimal,checked,8,8,2,840666,True,,True,True,
week11_pilot_v1,week11_pilot_v1__run003,flat_valid_n64_001,2,flat_valid,64,,083f2c24bd07c07802ed045dbd299caf03100e9506df8a8cae0aac89a6a32511,8,strict_flat,32,31,63,32,31,0,0,0,0.0,0.0,0,0,0,0,0,0,0.0,0,0,0,python_sort,minimal,checked,8,8,3,333,True,,True,True,
week11_pilot_v1,week11_pilot_v1__run003,flat_valid_n64_001,2,flat_valid,64,,083f2c24bd07c07802ed045dbd299caf03100e9506df8a8cae0aac89a6a32511,8,strict_flat,32,31,63,32,31,0,0,0,0.0,0.0,0,0,0,0,0,0,0.0,0,0,0,simplified_jordan_paper_ordinary_list,minimal,checked,9,9,1,845584,True,,True,True,
week11_pilot_v1,week11_pilot_v1__run003,flat_valid_n64_001,2,flat_valid,64,,083f2c24bd07c07802ed045dbd299caf03100e9506df8a8cae0aac89a6a32511,8,strict_flat,32,31,63,32,31,0,0,0,0.0,0.0,0,0,0,0,0,0,0.0,0,0,0,python_sort,minimal,checked,9,9,2,375,True,,True,True,
week11_pilot_v1,week11_pilot_v1__run003,flat_valid_n64_001,2,flat_valid,64,,083f2c24bd07c07802ed045dbd299caf03100e9506df8a8cae0aac89a6a32511,8,strict_flat,32,31,63,32,31,0,0,0,0.0,0.0,0,0,0,0,0,0,0.0,0,0,0,simplified_jordan_reference,minimal,checked,9,9,3,541208,True,,True,True,
week11_pilot_v1,week11_pilot_v1__run003,flat_valid_n64_001,2,flat_valid,64,,083f2c24bd07c07802ed045dbd299caf03100e9506df8a8cae0aac89a6a32511,8,strict_flat,32,31,63,32,31,0,0,0,0.0,0.0,0,0,0,0,0,0,0.0,0,0,0,python_sort,minimal,checked,10,10,1,333,True,,True,True,
week11_pilot_v1,week11_pilot_v1__run003,flat_valid_n64_001,2,flat_valid,64,,083f2c24bd07c07802ed045dbd299caf03100e9506df8a8cae0aac89a6a32511,8,strict_flat,32,31,63,32,31,0,0,0,0.0,0.0,0,0,0,0,0,0,0.0,0,0,0,simplified_jordan_reference,minimal,checked,10,10,2,515000,True,,True,True,
week11_pilot_v1,week11_pilot_v1__run003,flat_valid_n64_001,2,flat_valid,64,,083f2c24bd07c07802ed045dbd299caf03100e9506df8a8cae0aac89a6a32511,8,strict_flat,32,31,63,32,31,0,0,0,0.0,0.0,0,0,0,0,0,0,0.0,0,0,0,simplified_jordan_paper_ordinary_list,minimal,checked,10,10,3,848167,True,,True,True,
week11_pilot_v1,week11_pilot_v1__run003,incremental_valid_n64_001,16,incremental_valid,64,20324724,69a611c797b1724c0560c500e23b6d20d9af16c0bbfb7f59d473e6e683536f2b,9,nested_heavy_valid,32,31,63,2,1,30,30,60,0.9523809523809523,0.9523809523809523,12,14,14,188,236,424,0.441207075962539,0,0,0,simplified_jordan_paper_ordinary_list,minimal,checked,1,1,1,1299000,True,,True,True,
week11_pilot_v1,week11_pilot_v1__run003,incremental_valid_n64_001,16,incremental_valid,64,20324724,69a611c797b1724c0560c500e23b6d20d9af16c0bbfb7f59d473e6e683536f2b,9,nested_heavy_valid,32,31,63,2,1,30,30,60,0.9523809523809523,0.9523809523809523,12,14,14,188,236,424,0.441207075962539,0,0,0,simplified_jordan_reference,minimal,checked,1,1,2,592500,True,,True,True,
week11_pilot_v1,week11_pilot_v1__run003,incremental_valid_n64_001,16,incremental_valid,64,20324724,69a611c797b1724c0560c500e23b6d20d9af16c0bbfb7f59d473e6e683536f2b,9,nested_heavy_valid,32,31,63,2,1,30,30,60,0.9523809523809523,0.9523809523809523,12,14,14,188,236,424,0.441207075962539,0,0,0,python_sort,minimal,checked,1,1,3,1208,True,,True,True,
week11_pilot_v1,week11_pilot_v1__run003,incremental_valid_n64_001,16,incremental_valid,64,20324724,69a611c797b1724c0560c500e23b6d20d9af16c0bbfb7f59d473e6e683536f2b,9,nested_heavy_valid,32,31,63,2,1,30,30,60,0.9523809523809523,0.9523809523809523,12,14,14,188,236,424,0.441207075962539,0,0,0,simplified_jordan_reference,minimal,checked,2,2,1,577875,True,,True,True,
week11_pilot_v1,week11_pilot_v1__run003,incremental_valid_n64_001,16,incremental_valid,64,20324724,69a611c797b1724c0560c500e23b6d20d9af16c0bbfb7f59d473e6e683536f2b,9,nested_heavy_valid,32,31,63,2,1,30,30,60,0.9523809523809523,0.9523809523809523,12,14,14,188,236,424,0.441207075962539,0,0,0,python_sort,minimal,checked,2,2,2,1209,True,,True,True,
week11_pilot_v1,week11_pilot_v1__run003,incremental_valid_n64_001,16,incremental_valid,64,20324724,69a611c797b1724c0560c500e23b6d20d9af16c0bbfb7f59d473e6e683536f2b,9,nested_heavy_valid,32,31,63,2,1,30,30,60,0.9523809523809523,0.9523809523809523,12,14,14,188,236,424,0.441207075962539,0,0,0,simplified_jordan_paper_ordinary_list,minimal,checked,2,2,3,1370041,True,,True,True,
week11_pilot_v1,week11_pilot_v1__run003,incremental_valid_n64_001,16,incremental_valid,64,20324724,69a611c797b1724c0560c500e23b6d20d9af16c0bbfb7f59d473e6e683536f2b,9,nested_heavy_valid,32,31,63,2,1,30,30,60,0.9523809523809523,0.9523809523809523,12,14,14,188,236,424,0.441207075962539,0,0,0,python_sort,minimal,checked,3,3,1,2084,True,,True,True,
week11_pilot_v1,week11_pilot_v1__run003,incremental_valid_n64_001,16,incremental_valid,64,20324724,69a611c797b1724c0560c500e23b6d20d9af16c0bbfb7f59d473e6e683536f2b,9,nested_heavy_valid,32,31,63,2,1,30,30,60,0.9523809523809523,0.9523809523809523,12,14,14,188,236,424,0.441207075962539,0,0,0,simplified_jordan_paper_ordinary_list,minimal,checked,3,3,2,1304791,True,,True,True,
week11_pilot_v1,week11_pilot_v1__run003,incremental_valid_n64_001,16,incremental_valid,64,20324724,69a611c797b1724c0560c500e23b6d20d9af16c0bbfb7f59d473e6e683536f2b,9,nested_heavy_valid,32,31,63,2,1,30,30,60,0.9523809523809523,0.9523809523809523,12,14,14,188,236,424,0.441207075962539,0,0,0,simplified_jordan_reference,minimal,checked,3,3,3,590416,True,,True,True,
week11_pilot_v1,week11_pilot_v1__run003,incremental_valid_n64_001,16,incremental_valid,64,20324724,69a611c797b1724c0560c500e23b6d20d9af16c0bbfb7f59d473e6e683536f2b,9,nested_heavy_valid,32,31,63,2,1,30,30,60,0.9523809523809523,0.9523809523809523,12,14,14,188,236,424,0.441207075962539,0,0,0,simplified_jordan_paper_ordinary_list,minimal,checked,4,4,1,1290042,True,,True,True,
week11_pilot_v1,week11_pilot_v1__run003,incremental_valid_n64_001,16,incremental_valid,64,20324724,69a611c797b1724c0560c500e23b6d20d9af16c0bbfb7f59d473e6e683536f2b,9,nested_heavy_valid,32,31,63,2,1,30,30,60,0.9523809523809523,0.9523809523809523,12,14,14,188,236,424,0.441207075962539,0,0,0,simplified_jordan_reference,minimal,checked,4,4,2,586959,True,,True,True,
week11_pilot_v1,week11_pilot_v1__run003,incremental_valid_n64_001,16,incremental_valid,64,20324724,69a611c797b1724c0560c500e23b6d20d9af16c0bbfb7f59d473e6e683536f2b,9,nested_heavy_valid,32,31,63,2,1,30,30,60,0.9523809523809523,0.9523809523809523,12,14,14,188,236,424,0.441207075962539,0,0,0,python_sort,minimal,checked,4,4,3,1250,True,,True,True,
week11_pilot_v1,week11_pilot_v1__run003,incremental_valid_n64_001,16,incremental_valid,64,20324724,69a611c797b1724c0560c500e23b6d20d9af16c0bbfb7f59d473e6e683536f2b,9,nested_heavy_valid,32,31,63,2,1,30,30,60,0.9523809523809523,0.9523809523809523,12,14,14,188,236,424,0.441207075962539,0,0,0,simplified_jordan_reference,minimal,checked,5,5,1,577209,True,,True,True,
week11_pilot_v1,week11_pilot_v1__run003,incremental_valid_n64_001,16,incremental_valid,64,20324724,69a611c797b1724c0560c500e23b6d20d9af16c0bbfb7f59d473e6e683536f2b,9,nested_heavy_valid,32,31,63,2,1,30,30,60,0.9523809523809523,0.9523809523809523,12,14,14,188,236,424,0.441207075962539,0,0,0,python_sort,minimal,checked,5,5,2,1208,True,,True,True,
week11_pilot_v1,week11_pilot_v1__run003,incremental_valid_n64_001,16,incremental_valid,64,20324724,69a611c797b1724c0560c500e23b6d20d9af16c0bbfb7f59d473e6e683536f2b,9,nested_heavy_valid,32,31,63,2,1,30,30,60,0.9523809523809523,0.9523809523809523,12,14,14,188,236,424,0.441207075962539,0,0,0,simplified_jordan_paper_ordinary_list,minimal,checked,5,5,3,1322125,True,,True,True,
week11_pilot_v1,week11_pilot_v1__run003,incremental_valid_n64_001,16,incremental_valid,64,20324724,69a611c797b1724c0560c500e23b6d20d9af16c0bbfb7f59d473e6e683536f2b,9,nested_heavy_valid,32,31,63,2,1,30,30,60,0.9523809523809523,0.9523809523809523,12,14,14,188,236,424,0.441207075962539,0,0,0,python_sort,minimal,checked,6,6,1,1250,True,,True,True,
week11_pilot_v1,week11_pilot_v1__run003,incremental_valid_n64_001,16,incremental_valid,64,20324724,69a611c797b1724c0560c500e23b6d20d9af16c0bbfb7f59d473e6e683536f2b,9,nested_heavy_valid,32,31,63,2,1,30,30,60,0.9523809523809523,0.9523809523809523,12,14,14,188,236,424,0.441207075962539,0,0,0,simplified_jordan_paper_ordinary_list,minimal,checked,6,6,2,1294667,True,,True,True,
week11_pilot_v1,week11_pilot_v1__run003,incremental_valid_n64_001,16,incremental_valid,64,20324724,69a611c797b1724c0560c500e23b6d20d9af16c0bbfb7f59d473e6e683536f2b,9,nested_heavy_valid,32,31,63,2,1,30,30,60,0.9523809523809523,0.9523809523809523,12,14,14,188,236,424,0.441207075962539,0,0,0,simplified_jordan_reference,minimal,checked,6,6,3,583125,True,,True,True,
week11_pilot_v1,week11_pilot_v1__run003,incremental_valid_n64_001,16,incremental_valid,64,20324724,69a611c797b1724c0560c500e23b6d20d9af16c0bbfb7f59d473e6e683536f2b,9,nested_heavy_valid,32,31,63,2,1,30,30,60,0.9523809523809523,0.9523809523809523,12,14,14,188,236,424,0.441207075962539,0,0,0,simplified_jordan_paper_ordinary_list,minimal,checked,7,7,1,1315750,True,,True,True,
week11_pilot_v1,week11_pilot_v1__run003,incremental_valid_n64_001,16,incremental_valid,64,20324724,69a611c797b1724c0560c500e23b6d20d9af16c0bbfb7f59d473e6e683536f2b,9,nested_heavy_valid,32,31,63,2,1,30,30,60,0.9523809523809523,0.9523809523809523,12,14,14,188,236,424,0.441207075962539,0,0,0,simplified_jordan_reference,minimal,checked,7,7,2,590208,True,,True,True,
week11_pilot_v1,week11_pilot_v1__run003,incremental_valid_n64_001,16,incremental_valid,64,20324724,69a611c797b1724c0560c500e23b6d20d9af16c0bbfb7f59d473e6e683536f2b,9,nested_heavy_valid,32,31,63,2,1,30,30,60,0.9523809523809523,0.9523809523809523,12,14,14,188,236,424,0.441207075962539,0,0,0,python_sort,minimal,checked,7,7,3,1209,True,,True,True,
week11_pilot_v1,week11_pilot_v1__run003,incremental_valid_n64_001,16,incremental_valid,64,20324724,69a611c797b1724c0560c500e23b6d20d9af16c0bbfb7f59d473e6e683536f2b,9,nested_heavy_valid,32,31,63,2,1,30,30,60,0.9523809523809523,0.9523809523809523,12,14,14,188,236,424,0.441207075962539,0,0,0,simplified_jordan_reference,minimal,checked,8,8,1,580209,True,,True,True,
week11_pilot_v1,week11_pilot_v1__run003,incremental_valid_n64_001,16,incremental_valid,64,20324724,69a611c797b1724c0560c500e23b6d20d9af16c0bbfb7f59d473e6e683536f2b,9,nested_heavy_valid,32,31,63,2,1,30,30,60,0.9523809523809523,0.9523809523809523,12,14,14,188,236,424,0.441207075962539,0,0,0,python_sort,minimal,checked,8,8,2,1167,True,,True,True,
week11_pilot_v1,week11_pilot_v1__run003,incremental_valid_n64_001,16,incremental_valid,64,20324724,69a611c797b1724c0560c500e23b6d20d9af16c0bbfb7f59d473e6e683536f2b,9,nested_heavy_valid,32,31,63,2,1,30,30,60,0.9523809523809523,0.9523809523809523,12,14,14,188,236,424,0.441207075962539,0,0,0,simplified_jordan_paper_ordinary_list,minimal,checked,8,8,3,1288291,True,,True,True,
week11_pilot_v1,week11_pilot_v1__run003,incremental_valid_n64_001,16,incremental_valid,64,20324724,69a611c797b1724c0560c500e23b6d20d9af16c0bbfb7f59d473e6e683536f2b,9,nested_heavy_valid,32,31,63,2,1,30,30,60,0.9523809523809523,0.9523809523809523,12,14,14,188,236,424,0.441207075962539,0,0,0,python_sort,minimal,checked,9,9,1,1250,True,,True,True,
week11_pilot_v1,week11_pilot_v1__run003,incremental_valid_n64_001,16,incremental_valid,64,20324724,69a611c797b1724c0560c500e23b6d20d9af16c0bbfb7f59d473e6e683536f2b,9,nested_heavy_valid,32,31,63,2,1,30,30,60,0.9523809523809523,0.9523809523809523,12,14,14,188,236,424,0.441207075962539,0,0,0,simplified_jordan_paper_ordinary_list,minimal,checked,9,9,2,1294875,True,,True,True,
week11_pilot_v1,week11_pilot_v1__run003,incremental_valid_n64_001,16,incremental_valid,64,20324724,69a611c797b1724c0560c500e23b6d20d9af16c0bbfb7f59d473e6e683536f2b,9,nested_heavy_valid,32,31,63,2,1,30,30,60,0.9523809523809523,0.9523809523809523,12,14,14,188,236,424,0.441207075962539,0,0,0,simplified_jordan_reference,minimal,checked,9,9,3,587666,True,,True,True,
week11_pilot_v1,week11_pilot_v1__run003,incremental_valid_n64_001,16,incremental_valid,64,20324724,69a611c797b1724c0560c500e23b6d20d9af16c0bbfb7f59d473e6e683536f2b,9,nested_heavy_valid,32,31,63,2,1,30,30,60,0.9523809523809523,0.9523809523809523,12,14,14,188,236,424,0.441207075962539,0,0,0,simplified_jordan_paper_ordinary_list,minimal,checked,10,10,1,1303875,True,,True,True,
week11_pilot_v1,week11_pilot_v1__run003,incremental_valid_n64_001,16,incremental_valid,64,20324724,69a611c797b1724c0560c500e23b6d20d9af16c0bbfb7f59d473e6e683536f2b,9,nested_heavy_valid,32,31,63,2,1,30,30,60,0.9523809523809523,0.9523809523809523,12,14,14,188,236,424,0.441207075962539,0,0,0,simplified_jordan_reference,minimal,checked,10,10,2,584416,True,,True,True,
week11_pilot_v1,week11_pilot_v1__run003,incremental_valid_n64_001,16,incremental_valid,64,20324724,69a611c797b1724c0560c500e23b6d20d9af16c0bbfb7f59d473e6e683536f2b,9,nested_heavy_valid,32,31,63,2,1,30,30,60,0.9523809523809523,0.9523809523809523,12,14,14,188,236,424,0.441207075962539,0,0,0,python_sort,minimal,checked,10,10,3,1209,True,,True,True,
week11_pilot_v1,week11_pilot_v1__run003,incremental_valid_n32_001,11,incremental_valid,32,20292724,2e3349d34e1765676cac42380262a58bd6230e7c9c22789613db544f7500e52f,10,nested_heavy_valid,16,15,31,2,1,14,14,28,0.9032258064516129,0.9032258064516129,10,11,11,77,84,161,0.7155555555555555,0,0,0,python_sort,minimal,checked,1,1,1,875,True,,True,True,
week11_pilot_v1,week11_pilot_v1__run003,incremental_valid_n32_001,11,incremental_valid,32,20292724,2e3349d34e1765676cac42380262a58bd6230e7c9c22789613db544f7500e52f,10,nested_heavy_valid,16,15,31,2,1,14,14,28,0.9032258064516129,0.9032258064516129,10,11,11,77,84,161,0.7155555555555555,0,0,0,simplified_jordan_reference,minimal,checked,1,1,2,185541,True,,True,True,
week11_pilot_v1,week11_pilot_v1__run003,incremental_valid_n32_001,11,incremental_valid,32,20292724,2e3349d34e1765676cac42380262a58bd6230e7c9c22789613db544f7500e52f,10,nested_heavy_valid,16,15,31,2,1,14,14,28,0.9032258064516129,0.9032258064516129,10,11,11,77,84,161,0.7155555555555555,0,0,0,simplified_jordan_paper_ordinary_list,minimal,checked,1,1,3,567000,True,,True,True,
week11_pilot_v1,week11_pilot_v1__run003,incremental_valid_n32_001,11,incremental_valid,32,20292724,2e3349d34e1765676cac42380262a58bd6230e7c9c22789613db544f7500e52f,10,nested_heavy_valid,16,15,31,2,1,14,14,28,0.9032258064516129,0.9032258064516129,10,11,11,77,84,161,0.7155555555555555,0,0,0,simplified_jordan_reference,minimal,checked,2,2,1,184834,True,,True,True,
week11_pilot_v1,week11_pilot_v1__run003,incremental_valid_n32_001,11,incremental_valid,32,20292724,2e3349d34e1765676cac42380262a58bd6230e7c9c22789613db544f7500e52f,10,nested_heavy_valid,16,15,31,2,1,14,14,28,0.9032258064516129,0.9032258064516129,10,11,11,77,84,161,0.7155555555555555,0,0,0,simplified_jordan_paper_ordinary_list,minimal,checked,2,2,2,575708,True,,True,True,
week11_pilot_v1,week11_pilot_v1__run003,incremental_valid_n32_001,11,incremental_valid,32,20292724,2e3349d34e1765676cac42380262a58bd6230e7c9c22789613db544f7500e52f,10,nested_heavy_valid,16,15,31,2,1,14,14,28,0.9032258064516129,0.9032258064516129,10,11,11,77,84,161,0.7155555555555555,0,0,0,python_sort,minimal,checked,2,2,3,834,True,,True,True,
week11_pilot_v1,week11_pilot_v1__run003,incremental_valid_n32_001,11,incremental_valid,32,20292724,2e3349d34e1765676cac42380262a58bd6230e7c9c22789613db544f7500e52f,10,nested_heavy_valid,16,15,31,2,1,14,14,28,0.9032258064516129,0.9032258064516129,10,11,11,77,84,161,0.7155555555555555,0,0,0,simplified_jordan_paper_ordinary_list,minimal,checked,3,3,1,559250,True,,True,True,
week11_pilot_v1,week11_pilot_v1__run003,incremental_valid_n32_001,11,incremental_valid,32,20292724,2e3349d34e1765676cac42380262a58bd6230e7c9c22789613db544f7500e52f,10,nested_heavy_valid,16,15,31,2,1,14,14,28,0.9032258064516129,0.9032258064516129,10,11,11,77,84,161,0.7155555555555555,0,0,0,python_sort,minimal,checked,3,3,2,833,True,,True,True,
week11_pilot_v1,week11_pilot_v1__run003,incremental_valid_n32_001,11,incremental_valid,32,20292724,2e3349d34e1765676cac42380262a58bd6230e7c9c22789613db544f7500e52f,10,nested_heavy_valid,16,15,31,2,1,14,14,28,0.9032258064516129,0.9032258064516129,10,11,11,77,84,161,0.7155555555555555,0,0,0,simplified_jordan_reference,minimal,checked,3,3,3,185375,True,,True,True,
week11_pilot_v1,week11_pilot_v1__run003,incremental_valid_n32_001,11,incremental_valid,32,20292724,2e3349d34e1765676cac42380262a58bd6230e7c9c22789613db544f7500e52f,10,nested_heavy_valid,16,15,31,2,1,14,14,28,0.9032258064516129,0.9032258064516129,10,11,11,77,84,161,0.7155555555555555,0,0,0,python_sort,minimal,checked,4,4,1,750,True,,True,True,
week11_pilot_v1,week11_pilot_v1__run003,incremental_valid_n32_001,11,incremental_valid,32,20292724,2e3349d34e1765676cac42380262a58bd6230e7c9c22789613db544f7500e52f,10,nested_heavy_valid,16,15,31,2,1,14,14,28,0.9032258064516129,0.9032258064516129,10,11,11,77,84,161,0.7155555555555555,0,0,0,simplified_jordan_reference,minimal,checked,4,4,2,179708,True,,True,True,
week11_pilot_v1,week11_pilot_v1__run003,incremental_valid_n32_001,11,incremental_valid,32,20292724,2e3349d34e1765676cac42380262a58bd6230e7c9c22789613db544f7500e52f,10,nested_heavy_valid,16,15,31,2,1,14,14,28,0.9032258064516129,0.9032258064516129,10,11,11,77,84,161,0.7155555555555555,0,0,0,simplified_jordan_paper_ordinary_list,minimal,checked,4,4,3,570958,True,,True,True,
week11_pilot_v1,week11_pilot_v1__run003,incremental_valid_n32_001,11,incremental_valid,32,20292724,2e3349d34e1765676cac42380262a58bd6230e7c9c22789613db544f7500e52f,10,nested_heavy_valid,16,15,31,2,1,14,14,28,0.9032258064516129,0.9032258064516129,10,11,11,77,84,161,0.7155555555555555,0,0,0,simplified_jordan_reference,minimal,checked,5,5,1,184500,True,,True,True,
week11_pilot_v1,week11_pilot_v1__run003,incremental_valid_n32_001,11,incremental_valid,32,20292724,2e3349d34e1765676cac42380262a58bd6230e7c9c22789613db544f7500e52f,10,nested_heavy_valid,16,15,31,2,1,14,14,28,0.9032258064516129,0.9032258064516129,10,11,11,77,84,161,0.7155555555555555,0,0,0,simplified_jordan_paper_ordinary_list,minimal,checked,5,5,2,572333,True,,True,True,
week11_pilot_v1,week11_pilot_v1__run003,incremental_valid_n32_001,11,incremental_valid,32,20292724,2e3349d34e1765676cac42380262a58bd6230e7c9c22789613db544f7500e52f,10,nested_heavy_valid,16,15,31,2,1,14,14,28,0.9032258064516129,0.9032258064516129,10,11,11,77,84,161,0.7155555555555555,0,0,0,python_sort,minimal,checked,5,5,3,792,True,,True,True,
week11_pilot_v1,week11_pilot_v1__run003,incremental_valid_n32_001,11,incremental_valid,32,20292724,2e3349d34e1765676cac42380262a58bd6230e7c9c22789613db544f7500e52f,10,nested_heavy_valid,16,15,31,2,1,14,14,28,0.9032258064516129,0.9032258064516129,10,11,11,77,84,161,0.7155555555555555,0,0,0,simplified_jordan_paper_ordinary_list,minimal,checked,6,6,1,578083,True,,True,True,
week11_pilot_v1,week11_pilot_v1__run003,incremental_valid_n32_001,11,incremental_valid,32,20292724,2e3349d34e1765676cac42380262a58bd6230e7c9c22789613db544f7500e52f,10,nested_heavy_valid,16,15,31,2,1,14,14,28,0.9032258064516129,0.9032258064516129,10,11,11,77,84,161,0.7155555555555555,0,0,0,python_sort,minimal,checked,6,6,2,750,True,,True,True,
week11_pilot_v1,week11_pilot_v1__run003,incremental_valid_n32_001,11,incremental_valid,32,20292724,2e3349d34e1765676cac42380262a58bd6230e7c9c22789613db544f7500e52f,10,nested_heavy_valid,16,15,31,2,1,14,14,28,0.9032258064516129,0.9032258064516129,10,11,11,77,84,161,0.7155555555555555,0,0,0,simplified_jordan_reference,minimal,checked,6,6,3,189125,True,,True,True,
week11_pilot_v1,week11_pilot_v1__run003,incremental_valid_n32_001,11,incremental_valid,32,20292724,2e3349d34e1765676cac42380262a58bd6230e7c9c22789613db544f7500e52f,10,nested_heavy_valid,16,15,31,2,1,14,14,28,0.9032258064516129,0.9032258064516129,10,11,11,77,84,161,0.7155555555555555,0,0,0,python_sort,minimal,checked,7,7,1,750,True,,True,True,
week11_pilot_v1,week11_pilot_v1__run003,incremental_valid_n32_001,11,incremental_valid,32,20292724,2e3349d34e1765676cac42380262a58bd6230e7c9c22789613db544f7500e52f,10,nested_heavy_valid,16,15,31,2,1,14,14,28,0.9032258064516129,0.9032258064516129,10,11,11,77,84,161,0.7155555555555555,0,0,0,simplified_jordan_reference,minimal,checked,7,7,2,179959,True,,True,True,
week11_pilot_v1,week11_pilot_v1__run003,incremental_valid_n32_001,11,incremental_valid,32,20292724,2e3349d34e1765676cac42380262a58bd6230e7c9c22789613db544f7500e52f,10,nested_heavy_valid,16,15,31,2,1,14,14,28,0.9032258064516129,0.9032258064516129,10,11,11,77,84,161,0.7155555555555555,0,0,0,simplified_jordan_paper_ordinary_list,minimal,checked,7,7,3,577167,True,,True,True,
week11_pilot_v1,week11_pilot_v1__run003,incremental_valid_n32_001,11,incremental_valid,32,20292724,2e3349d34e1765676cac42380262a58bd6230e7c9c22789613db544f7500e52f,10,nested_heavy_valid,16,15,31,2,1,14,14,28,0.9032258064516129,0.9032258064516129,10,11,11,77,84,161,0.7155555555555555,0,0,0,simplified_jordan_reference,minimal,checked,8,8,1,184208,True,,True,True,
week11_pilot_v1,week11_pilot_v1__run003,incremental_valid_n32_001,11,incremental_valid,32,20292724,2e3349d34e1765676cac42380262a58bd6230e7c9c22789613db544f7500e52f,10,nested_heavy_valid,16,15,31,2,1,14,14,28,0.9032258064516129,0.9032258064516129,10,11,11,77,84,161,0.7155555555555555,0,0,0,simplified_jordan_paper_ordinary_list,minimal,checked,8,8,2,574125,True,,True,True,
week11_pilot_v1,week11_pilot_v1__run003,incremental_valid_n32_001,11,incremental_valid,32,20292724,2e3349d34e1765676cac42380262a58bd6230e7c9c22789613db544f7500e52f,10,nested_heavy_valid,16,15,31,2,1,14,14,28,0.9032258064516129,0.9032258064516129,10,11,11,77,84,161,0.7155555555555555,0,0,0,python_sort,minimal,checked,8,8,3,834,True,,True,True,
week11_pilot_v1,week11_pilot_v1__run003,incremental_valid_n32_001,11,incremental_valid,32,20292724,2e3349d34e1765676cac42380262a58bd6230e7c9c22789613db544f7500e52f,10,nested_heavy_valid,16,15,31,2,1,14,14,28,0.9032258064516129,0.9032258064516129,10,11,11,77,84,161,0.7155555555555555,0,0,0,simplified_jordan_paper_ordinary_list,minimal,checked,9,9,1,553292,True,,True,True,
week11_pilot_v1,week11_pilot_v1__run003,incremental_valid_n32_001,11,incremental_valid,32,20292724,2e3349d34e1765676cac42380262a58bd6230e7c9c22789613db544f7500e52f,10,nested_heavy_valid,16,15,31,2,1,14,14,28,0.9032258064516129,0.9032258064516129,10,11,11,77,84,161,0.7155555555555555,0,0,0,python_sort,minimal,checked,9,9,2,833,True,,True,True,
week11_pilot_v1,week11_pilot_v1__run003,incremental_valid_n32_001,11,incremental_valid,32,20292724,2e3349d34e1765676cac42380262a58bd6230e7c9c22789613db544f7500e52f,10,nested_heavy_valid,16,15,31,2,1,14,14,28,0.9032258064516129,0.9032258064516129,10,11,11,77,84,161,0.7155555555555555,0,0,0,simplified_jordan_reference,minimal,checked,9,9,3,185167,True,,True,True,
week11_pilot_v1,week11_pilot_v1__run003,incremental_valid_n32_001,11,incremental_valid,32,20292724,2e3349d34e1765676cac42380262a58bd6230e7c9c22789613db544f7500e52f,10,nested_heavy_valid,16,15,31,2,1,14,14,28,0.9032258064516129,0.9032258064516129,10,11,11,77,84,161,0.7155555555555555,0,0,0,python_sort,minimal,checked,10,10,1,709,True,,True,True,
week11_pilot_v1,week11_pilot_v1__run003,incremental_valid_n32_001,11,incremental_valid,32,20292724,2e3349d34e1765676cac42380262a58bd6230e7c9c22789613db544f7500e52f,10,nested_heavy_valid,16,15,31,2,1,14,14,28,0.9032258064516129,0.9032258064516129,10,11,11,77,84,161,0.7155555555555555,0,0,0,simplified_jordan_reference,minimal,checked,10,10,2,180333,True,,True,True,
week11_pilot_v1,week11_pilot_v1__run003,incremental_valid_n32_001,11,incremental_valid,32,20292724,2e3349d34e1765676cac42380262a58bd6230e7c9c22789613db544f7500e52f,10,nested_heavy_valid,16,15,31,2,1,14,14,28,0.9032258064516129,0.9032258064516129,10,11,11,77,84,161,0.7155555555555555,0,0,0,simplified_jordan_paper_ordinary_list,minimal,checked,10,10,3,564292,True,,True,True,
week11_pilot_v1,week11_pilot_v1__run003,incremental_valid_n256_004,29,incremental_valid,256,20516727,278f3a7c4e00fec822153f3c7f93e573f6fb3fc22916facf5750f9beafc12d33,11,nested_heavy_valid,128,127,255,2,1,126,126,252,0.9882352941176471,0.9882352941176471,46,53,53,2612,2781,5393,0.3343666687333375,0,0,0,simplified_jordan_paper_ordinary_list,minimal,checked,1,1,1,6378250,True,,True,True,
week11_pilot_v1,week11_pilot_v1__run003,incremental_valid_n256_004,29,incremental_valid,256,20516727,278f3a7c4e00fec822153f3c7f93e573f6fb3fc22916facf5750f9beafc12d33,11,nested_heavy_valid,128,127,255,2,1,126,126,252,0.9882352941176471,0.9882352941176471,46,53,53,2612,2781,5393,0.3343666687333375,0,0,0,python_sort,minimal,checked,1,1,2,7667,True,,True,True,
week11_pilot_v1,week11_pilot_v1__run003,incremental_valid_n256_004,29,incremental_valid,256,20516727,278f3a7c4e00fec822153f3c7f93e573f6fb3fc22916facf5750f9beafc12d33,11,nested_heavy_valid,128,127,255,2,1,126,126,252,0.9882352941176471,0.9882352941176471,46,53,53,2612,2781,5393,0.3343666687333375,0,0,0,simplified_jordan_reference,minimal,checked,1,1,3,7854125,True,,True,True,
week11_pilot_v1,week11_pilot_v1__run003,incremental_valid_n256_004,29,incremental_valid,256,20516727,278f3a7c4e00fec822153f3c7f93e573f6fb3fc22916facf5750f9beafc12d33,11,nested_heavy_valid,128,127,255,2,1,126,126,252,0.9882352941176471,0.9882352941176471,46,53,53,2612,2781,5393,0.3343666687333375,0,0,0,python_sort,minimal,checked,2,2,1,5583,True,,True,True,
week11_pilot_v1,week11_pilot_v1__run003,incremental_valid_n256_004,29,incremental_valid,256,20516727,278f3a7c4e00fec822153f3c7f93e573f6fb3fc22916facf5750f9beafc12d33,11,nested_heavy_valid,128,127,255,2,1,126,126,252,0.9882352941176471,0.9882352941176471,46,53,53,2612,2781,5393,0.3343666687333375,0,0,0,simplified_jordan_reference,minimal,checked,2,2,2,7993416,True,,True,True,
week11_pilot_v1,week11_pilot_v1__run003,incremental_valid_n256_004,29,incremental_valid,256,20516727,278f3a7c4e00fec822153f3c7f93e573f6fb3fc22916facf5750f9beafc12d33,11,nested_heavy_valid,128,127,255,2,1,126,126,252,0.9882352941176471,0.9882352941176471,46,53,53,2612,2781,5393,0.3343666687333375,0,0,0,simplified_jordan_paper_ordinary_list,minimal,checked,2,2,3,6340917,True,,True,True,
week11_pilot_v1,week11_pilot_v1__run003,incremental_valid_n256_004,29,incremental_valid,256,20516727,278f3a7c4e00fec822153f3c7f93e573f6fb3fc22916facf5750f9beafc12d33,11,nested_heavy_valid,128,127,255,2,1,126,126,252,0.9882352941176471,0.9882352941176471,46,53,53,2612,2781,5393,0.3343666687333375,0,0,0,simplified_jordan_reference,minimal,checked,3,3,1,7899500,True,,True,True,
week11_pilot_v1,week11_pilot_v1__run003,incremental_valid_n256_004,29,incremental_valid,256,20516727,278f3a7c4e00fec822153f3c7f93e573f6fb3fc22916facf5750f9beafc12d33,11,nested_heavy_valid,128,127,255,2,1,126,126,252,0.9882352941176471,0.9882352941176471,46,53,53,2612,2781,5393,0.3343666687333375,0,0,0,simplified_jordan_paper_ordinary_list,minimal,checked,3,3,2,6290667,True,,True,True,
week11_pilot_v1,week11_pilot_v1__run003,incremental_valid_n256_004,29,incremental_valid,256,20516727,278f3a7c4e00fec822153f3c7f93e573f6fb3fc22916facf5750f9beafc12d33,11,nested_heavy_valid,128,127,255,2,1,126,126,252,0.9882352941176471,0.9882352941176471,46,53,53,2612,2781,5393,0.3343666687333375,0,0,0,python_sort,minimal,checked,3,3,3,5625,True,,True,True,
week11_pilot_v1,week11_pilot_v1__run003,incremental_valid_n256_004,29,incremental_valid,256,20516727,278f3a7c4e00fec822153f3c7f93e573f6fb3fc22916facf5750f9beafc12d33,11,nested_heavy_valid,128,127,255,2,1,126,126,252,0.9882352941176471,0.9882352941176471,46,53,53,2612,2781,5393,0.3343666687333375,0,0,0,simplified_jordan_paper_ordinary_list,minimal,checked,4,4,1,6347917,True,,True,True,
week11_pilot_v1,week11_pilot_v1__run003,incremental_valid_n256_004,29,incremental_valid,256,20516727,278f3a7c4e00fec822153f3c7f93e573f6fb3fc22916facf5750f9beafc12d33,11,nested_heavy_valid,128,127,255,2,1,126,126,252,0.9882352941176471,0.9882352941176471,46,53,53,2612,2781,5393,0.3343666687333375,0,0,0,python_sort,minimal,checked,4,4,2,5417,True,,True,True,
week11_pilot_v1,week11_pilot_v1__run003,incremental_valid_n256_004,29,incremental_valid,256,20516727,278f3a7c4e00fec822153f3c7f93e573f6fb3fc22916facf5750f9beafc12d33,11,nested_heavy_valid,128,127,255,2,1,126,126,252,0.9882352941176471,0.9882352941176471,46,53,53,2612,2781,5393,0.3343666687333375,0,0,0,simplified_jordan_reference,minimal,checked,4,4,3,7840667,True,,True,True,
week11_pilot_v1,week11_pilot_v1__run003,incremental_valid_n256_004,29,incremental_valid,256,20516727,278f3a7c4e00fec822153f3c7f93e573f6fb3fc22916facf5750f9beafc12d33,11,nested_heavy_valid,128,127,255,2,1,126,126,252,0.9882352941176471,0.9882352941176471,46,53,53,2612,2781,5393,0.3343666687333375,0,0,0,python_sort,minimal,checked,5,5,1,5167,True,,True,True,
week11_pilot_v1,week11_pilot_v1__run003,incremental_valid_n256_004,29,incremental_valid,256,20516727,278f3a7c4e00fec822153f3c7f93e573f6fb3fc22916facf5750f9beafc12d33,11,nested_heavy_valid,128,127,255,2,1,126,126,252,0.9882352941176471,0.9882352941176471,46,53,53,2612,2781,5393,0.3343666687333375,0,0,0,simplified_jordan_reference,minimal,checked,5,5,2,7869375,True,,True,True,
week11_pilot_v1,week11_pilot_v1__run003,incremental_valid_n256_004,29,incremental_valid,256,20516727,278f3a7c4e00fec822153f3c7f93e573f6fb3fc22916facf5750f9beafc12d33,11,nested_heavy_valid,128,127,255,2,1,126,126,252,0.9882352941176471,0.9882352941176471,46,53,53,2612,2781,5393,0.3343666687333375,0,0,0,simplified_jordan_paper_ordinary_list,minimal,checked,5,5,3,6404750,True,,True,True,
week11_pilot_v1,week11_pilot_v1__run003,incremental_valid_n256_004,29,incremental_valid,256,20516727,278f3a7c4e00fec822153f3c7f93e573f6fb3fc22916facf5750f9beafc12d33,11,nested_heavy_valid,128,127,255,2,1,126,126,252,0.9882352941176471,0.9882352941176471,46,53,53,2612,2781,5393,0.3343666687333375,0,0,0,simplified_jordan_reference,minimal,checked,6,6,1,7864916,True,,True,True,
week11_pilot_v1,week11_pilot_v1__run003,incremental_valid_n256_004,29,incremental_valid,256,20516727,278f3a7c4e00fec822153f3c7f93e573f6fb3fc22916facf5750f9beafc12d33,11,nested_heavy_valid,128,127,255,2,1,126,126,252,0.9882352941176471,0.9882352941176471,46,53,53,2612,2781,5393,0.3343666687333375,0,0,0,simplified_jordan_paper_ordinary_list,minimal,checked,6,6,2,6410625,True,,True,True,
week11_pilot_v1,week11_pilot_v1__run003,incremental_valid_n256_004,29,incremental_valid,256,20516727,278f3a7c4e00fec822153f3c7f93e573f6fb3fc22916facf5750f9beafc12d33,11,nested_heavy_valid,128,127,255,2,1,126,126,252,0.9882352941176471,0.9882352941176471,46,53,53,2612,2781,5393,0.3343666687333375,0,0,0,python_sort,minimal,checked,6,6,3,5208,True,,True,True,
week11_pilot_v1,week11_pilot_v1__run003,incremental_valid_n256_004,29,incremental_valid,256,20516727,278f3a7c4e00fec822153f3c7f93e573f6fb3fc22916facf5750f9beafc12d33,11,nested_heavy_valid,128,127,255,2,1,126,126,252,0.9882352941176471,0.9882352941176471,46,53,53,2612,2781,5393,0.3343666687333375,0,0,0,simplified_jordan_paper_ordinary_list,minimal,checked,7,7,1,6349667,True,,True,True,
week11_pilot_v1,week11_pilot_v1__run003,incremental_valid_n256_004,29,incremental_valid,256,20516727,278f3a7c4e00fec822153f3c7f93e573f6fb3fc22916facf5750f9beafc12d33,11,nested_heavy_valid,128,127,255,2,1,126,126,252,0.9882352941176471,0.9882352941176471,46,53,53,2612,2781,5393,0.3343666687333375,0,0,0,python_sort,minimal,checked,7,7,2,5334,True,,True,True,
week11_pilot_v1,week11_pilot_v1__run003,incremental_valid_n256_004,29,incremental_valid,256,20516727,278f3a7c4e00fec822153f3c7f93e573f6fb3fc22916facf5750f9beafc12d33,11,nested_heavy_valid,128,127,255,2,1,126,126,252,0.9882352941176471,0.9882352941176471,46,53,53,2612,2781,5393,0.3343666687333375,0,0,0,simplified_jordan_reference,minimal,checked,7,7,3,7879292,True,,True,True,
week11_pilot_v1,week11_pilot_v1__run003,incremental_valid_n256_004,29,incremental_valid,256,20516727,278f3a7c4e00fec822153f3c7f93e573f6fb3fc22916facf5750f9beafc12d33,11,nested_heavy_valid,128,127,255,2,1,126,126,252,0.9882352941176471,0.9882352941176471,46,53,53,2612,2781,5393,0.3343666687333375,0,0,0,python_sort,minimal,checked,8,8,1,5250,True,,True,True,
week11_pilot_v1,week11_pilot_v1__run003,incremental_valid_n256_004,29,incremental_valid,256,20516727,278f3a7c4e00fec822153f3c7f93e573f6fb3fc22916facf5750f9beafc12d33,11,nested_heavy_valid,128,127,255,2,1,126,126,252,0.9882352941176471,0.9882352941176471,46,53,53,2612,2781,5393,0.3343666687333375,0,0,0,simplified_jordan_reference,minimal,checked,8,8,2,7790917,True,,True,True,
week11_pilot_v1,week11_pilot_v1__run003,incremental_valid_n256_004,29,incremental_valid,256,20516727,278f3a7c4e00fec822153f3c7f93e573f6fb3fc22916facf5750f9beafc12d33,11,nested_heavy_valid,128,127,255,2,1,126,126,252,0.9882352941176471,0.9882352941176471,46,53,53,2612,2781,5393,0.3343666687333375,0,0,0,simplified_jordan_paper_ordinary_list,minimal,checked,8,8,3,6331000,True,,True,True,
week11_pilot_v1,week11_pilot_v1__run003,incremental_valid_n256_004,29,incremental_valid,256,20516727,278f3a7c4e00fec822153f3c7f93e573f6fb3fc22916facf5750f9beafc12d33,11,nested_heavy_valid,128,127,255,2,1,126,126,252,0.9882352941176471,0.9882352941176471,46,53,53,2612,2781,5393,0.3343666687333375,0,0,0,simplified_jordan_reference,minimal,checked,9,9,1,7838792,True,,True,True,
week11_pilot_v1,week11_pilot_v1__run003,incremental_valid_n256_004,29,incremental_valid,256,20516727,278f3a7c4e00fec822153f3c7f93e573f6fb3fc22916facf5750f9beafc12d33,11,nested_heavy_valid,128,127,255,2,1,126,126,252,0.9882352941176471,0.9882352941176471,46,53,53,2612,2781,5393,0.3343666687333375,0,0,0,simplified_jordan_paper_ordinary_list,minimal,checked,9,9,2,6247042,True,,True,True,
week11_pilot_v1,week11_pilot_v1__run003,incremental_valid_n256_004,29,incremental_valid,256,20516727,278f3a7c4e00fec822153f3c7f93e573f6fb3fc22916facf5750f9beafc12d33,11,nested_heavy_valid,128,127,255,2,1,126,126,252,0.9882352941176471,0.9882352941176471,46,53,53,2612,2781,5393,0.3343666687333375,0,0,0,python_sort,minimal,checked,9,9,3,5125,True,,True,True,
week11_pilot_v1,week11_pilot_v1__run003,incremental_valid_n256_004,29,incremental_valid,256,20516727,278f3a7c4e00fec822153f3c7f93e573f6fb3fc22916facf5750f9beafc12d33,11,nested_heavy_valid,128,127,255,2,1,126,126,252,0.9882352941176471,0.9882352941176471,46,53,53,2612,2781,5393,0.3343666687333375,0,0,0,simplified_jordan_paper_ordinary_list,minimal,checked,10,10,1,6456500,True,,True,True,
week11_pilot_v1,week11_pilot_v1__run003,incremental_valid_n256_004,29,incremental_valid,256,20516727,278f3a7c4e00fec822153f3c7f93e573f6fb3fc22916facf5750f9beafc12d33,11,nested_heavy_valid,128,127,255,2,1,126,126,252,0.9882352941176471,0.9882352941176471,46,53,53,2612,2781,5393,0.3343666687333375,0,0,0,python_sort,minimal,checked,10,10,2,5584,True,,True,True,
week11_pilot_v1,week11_pilot_v1__run003,incremental_valid_n256_004,29,incremental_valid,256,20516727,278f3a7c4e00fec822153f3c7f93e573f6fb3fc22916facf5750f9beafc12d33,11,nested_heavy_valid,128,127,255,2,1,126,126,252,0.9882352941176471,0.9882352941176471,46,53,53,2612,2781,5393,0.3343666687333375,0,0,0,simplified_jordan_reference,minimal,checked,10,10,3,7859834,True,,True,True,
week11_pilot_v1,week11_pilot_v1__run003,incremental_valid_n32_003,13,incremental_valid,32,20292726,6b04cd68c7dbe61c514086019a49f509c49bb6091775cd22fa2d7cfcb55d29aa,12,nested_heavy_valid,16,15,31,3,3,13,12,25,0.8064516129032258,0.8064516129032258,3,5,5,23,25,48,0.21333333333333335,0,0,0,simplified_jordan_paper_ordinary_list,minimal,checked,1,1,1,634500,True,,True,True,
week11_pilot_v1,week11_pilot_v1__run003,incremental_valid_n32_003,13,incremental_valid,32,20292726,6b04cd68c7dbe61c514086019a49f509c49bb6091775cd22fa2d7cfcb55d29aa,12,nested_heavy_valid,16,15,31,3,3,13,12,25,0.8064516129032258,0.8064516129032258,3,5,5,23,25,48,0.21333333333333335,0,0,0,simplified_jordan_reference,minimal,checked,1,1,2,178958,True,,True,True,
week11_pilot_v1,week11_pilot_v1__run003,incremental_valid_n32_003,13,incremental_valid,32,20292726,6b04cd68c7dbe61c514086019a49f509c49bb6091775cd22fa2d7cfcb55d29aa,12,nested_heavy_valid,16,15,31,3,3,13,12,25,0.8064516129032258,0.8064516129032258,3,5,5,23,25,48,0.21333333333333335,0,0,0,python_sort,minimal,checked,1,1,3,666,True,,True,True,
week11_pilot_v1,week11_pilot_v1__run003,incremental_valid_n32_003,13,incremental_valid,32,20292726,6b04cd68c7dbe61c514086019a49f509c49bb6091775cd22fa2d7cfcb55d29aa,12,nested_heavy_valid,16,15,31,3,3,13,12,25,0.8064516129032258,0.8064516129032258,3,5,5,23,25,48,0.21333333333333335,0,0,0,simplified_jordan_reference,minimal,checked,2,2,1,177125,True,,True,True,
week11_pilot_v1,week11_pilot_v1__run003,incremental_valid_n32_003,13,incremental_valid,32,20292726,6b04cd68c7dbe61c514086019a49f509c49bb6091775cd22fa2d7cfcb55d29aa,12,nested_heavy_valid,16,15,31,3,3,13,12,25,0.8064516129032258,0.8064516129032258,3,5,5,23,25,48,0.21333333333333335,0,0,0,python_sort,minimal,checked,2,2,2,584,True,,True,True,
week11_pilot_v1,week11_pilot_v1__run003,incremental_valid_n32_003,13,incremental_valid,32,20292726,6b04cd68c7dbe61c514086019a49f509c49bb6091775cd22fa2d7cfcb55d29aa,12,nested_heavy_valid,16,15,31,3,3,13,12,25,0.8064516129032258,0.8064516129032258,3,5,5,23,25,48,0.21333333333333335,0,0,0,simplified_jordan_paper_ordinary_list,minimal,checked,2,2,3,668000,True,,True,True,
week11_pilot_v1,week11_pilot_v1__run003,incremental_valid_n32_003,13,incremental_valid,32,20292726,6b04cd68c7dbe61c514086019a49f509c49bb6091775cd22fa2d7cfcb55d29aa,12,nested_heavy_valid,16,15,31,3,3,13,12,25,0.8064516129032258,0.8064516129032258,3,5,5,23,25,48,0.21333333333333335,0,0,0,python_sort,minimal,checked,3,3,1,1208,True,,True,True,
week11_pilot_v1,week11_pilot_v1__run003,incremental_valid_n32_003,13,incremental_valid,32,20292726,6b04cd68c7dbe61c514086019a49f509c49bb6091775cd22fa2d7cfcb55d29aa,12,nested_heavy_valid,16,15,31,3,3,13,12,25,0.8064516129032258,0.8064516129032258,3,5,5,23,25,48,0.21333333333333335,0,0,0,simplified_jordan_paper_ordinary_list,minimal,checked,3,3,2,636917,True,,True,True,
week11_pilot_v1,week11_pilot_v1__run003,incremental_valid_n32_003,13,incremental_valid,32,20292726,6b04cd68c7dbe61c514086019a49f509c49bb6091775cd22fa2d7cfcb55d29aa,12,nested_heavy_valid,16,15,31,3,3,13,12,25,0.8064516129032258,0.8064516129032258,3,5,5,23,25,48,0.21333333333333335,0,0,0,simplified_jordan_reference,minimal,checked,3,3,3,192250,True,,True,True,
week11_pilot_v1,week11_pilot_v1__run003,incremental_valid_n32_003,13,incremental_valid,32,20292726,6b04cd68c7dbe61c514086019a49f509c49bb6091775cd22fa2d7cfcb55d29aa,12,nested_heavy_valid,16,15,31,3,3,13,12,25,0.8064516129032258,0.8064516129032258,3,5,5,23,25,48,0.21333333333333335,0,0,0,simplified_jordan_paper_ordinary_list,minimal,checked,4,4,1,631084,True,,True,True,
week11_pilot_v1,week11_pilot_v1__run003,incremental_valid_n32_003,13,incremental_valid,32,20292726,6b04cd68c7dbe61c514086019a49f509c49bb6091775cd22fa2d7cfcb55d29aa,12,nested_heavy_valid,16,15,31,3,3,13,12,25,0.8064516129032258,0.8064516129032258,3,5,5,23,25,48,0.21333333333333335,0,0,0,simplified_jordan_reference,minimal,checked,4,4,2,181458,True,,True,True,
week11_pilot_v1,week11_pilot_v1__run003,incremental_valid_n32_003,13,incremental_valid,32,20292726,6b04cd68c7dbe61c514086019a49f509c49bb6091775cd22fa2d7cfcb55d29aa,12,nested_heavy_valid,16,15,31,3,3,13,12,25,0.8064516129032258,0.8064516129032258,3,5,5,23,25,48,0.21333333333333335,0,0,0,python_sort,minimal,checked,4,4,3,625,True,,True,True,
week11_pilot_v1,week11_pilot_v1__run003,incremental_valid_n32_003,13,incremental_valid,32,20292726,6b04cd68c7dbe61c514086019a49f509c49bb6091775cd22fa2d7cfcb55d29aa,12,nested_heavy_valid,16,15,31,3,3,13,12,25,0.8064516129032258,0.8064516129032258,3,5,5,23,25,48,0.21333333333333335,0,0,0,simplified_jordan_reference,minimal,checked,5,5,1,174333,True,,True,True,
week11_pilot_v1,week11_pilot_v1__run003,incremental_valid_n32_003,13,incremental_valid,32,20292726,6b04cd68c7dbe61c514086019a49f509c49bb6091775cd22fa2d7cfcb55d29aa,12,nested_heavy_valid,16,15,31,3,3,13,12,25,0.8064516129032258,0.8064516129032258,3,5,5,23,25,48,0.21333333333333335,0,0,0,python_sort,minimal,checked,5,5,2,625,True,,True,True,
week11_pilot_v1,week11_pilot_v1__run003,incremental_valid_n32_003,13,incremental_valid,32,20292726,6b04cd68c7dbe61c514086019a49f509c49bb6091775cd22fa2d7cfcb55d29aa,12,nested_heavy_valid,16,15,31,3,3,13,12,25,0.8064516129032258,0.8064516129032258,3,5,5,23,25,48,0.21333333333333335,0,0,0,simplified_jordan_paper_ordinary_list,minimal,checked,5,5,3,619458,True,,True,True,
week11_pilot_v1,week11_pilot_v1__run003,incremental_valid_n32_003,13,incremental_valid,32,20292726,6b04cd68c7dbe61c514086019a49f509c49bb6091775cd22fa2d7cfcb55d29aa,12,nested_heavy_valid,16,15,31,3,3,13,12,25,0.8064516129032258,0.8064516129032258,3,5,5,23,25,48,0.21333333333333335,0,0,0,python_sort,minimal,checked,6,6,1,708,True,,True,True,
week11_pilot_v1,week11_pilot_v1__run003,incremental_valid_n32_003,13,incremental_valid,32,20292726,6b04cd68c7dbe61c514086019a49f509c49bb6091775cd22fa2d7cfcb55d29aa,12,nested_heavy_valid,16,15,31,3,3,13,12,25,0.8064516129032258,0.8064516129032258,3,5,5,23,25,48,0.21333333333333335,0,0,0,simplified_jordan_paper_ordinary_list,minimal,checked,6,6,2,623541,True,,True,True,
week11_pilot_v1,week11_pilot_v1__run003,incremental_valid_n32_003,13,incremental_valid,32,20292726,6b04cd68c7dbe61c514086019a49f509c49bb6091775cd22fa2d7cfcb55d29aa,12,nested_heavy_valid,16,15,31,3,3,13,12,25,0.8064516129032258,0.8064516129032258,3,5,5,23,25,48,0.21333333333333335,0,0,0,simplified_jordan_reference,minimal,checked,6,6,3,177750,True,,True,True,
week11_pilot_v1,week11_pilot_v1__run003,incremental_valid_n32_003,13,incremental_valid,32,20292726,6b04cd68c7dbe61c514086019a49f509c49bb6091775cd22fa2d7cfcb55d29aa,12,nested_heavy_valid,16,15,31,3,3,13,12,25,0.8064516129032258,0.8064516129032258,3,5,5,23,25,48,0.21333333333333335,0,0,0,simplified_jordan_paper_ordinary_list,minimal,checked,7,7,1,617209,True,,True,True,
week11_pilot_v1,week11_pilot_v1__run003,incremental_valid_n32_003,13,incremental_valid,32,20292726,6b04cd68c7dbe61c514086019a49f509c49bb6091775cd22fa2d7cfcb55d29aa,12,nested_heavy_valid,16,15,31,3,3,13,12,25,0.8064516129032258,0.8064516129032258,3,5,5,23,25,48,0.21333333333333335,0,0,0,simplified_jordan_reference,minimal,checked,7,7,2,177084,True,,True,True,
week11_pilot_v1,week11_pilot_v1__run003,incremental_valid_n32_003,13,incremental_valid,32,20292726,6b04cd68c7dbe61c514086019a49f509c49bb6091775cd22fa2d7cfcb55d29aa,12,nested_heavy_valid,16,15,31,3,3,13,12,25,0.8064516129032258,0.8064516129032258,3,5,5,23,25,48,0.21333333333333335,0,0,0,python_sort,minimal,checked,7,7,3,708,True,,True,True,
week11_pilot_v1,week11_pilot_v1__run003,incremental_valid_n32_003,13,incremental_valid,32,20292726,6b04cd68c7dbe61c514086019a49f509c49bb6091775cd22fa2d7cfcb55d29aa,12,nested_heavy_valid,16,15,31,3,3,13,12,25,0.8064516129032258,0.8064516129032258,3,5,5,23,25,48,0.21333333333333335,0,0,0,simplified_jordan_reference,minimal,checked,8,8,1,174959,True,,True,True,
week11_pilot_v1,week11_pilot_v1__run003,incremental_valid_n32_003,13,incremental_valid,32,20292726,6b04cd68c7dbe61c514086019a49f509c49bb6091775cd22fa2d7cfcb55d29aa,12,nested_heavy_valid,16,15,31,3,3,13,12,25,0.8064516129032258,0.8064516129032258,3,5,5,23,25,48,0.21333333333333335,0,0,0,python_sort,minimal,checked,8,8,2,625,True,,True,True,
week11_pilot_v1,week11_pilot_v1__run003,incremental_valid_n32_003,13,incremental_valid,32,20292726,6b04cd68c7dbe61c514086019a49f509c49bb6091775cd22fa2d7cfcb55d29aa,12,nested_heavy_valid,16,15,31,3,3,13,12,25,0.8064516129032258,0.8064516129032258,3,5,5,23,25,48,0.21333333333333335,0,0,0,simplified_jordan_paper_ordinary_list,minimal,checked,8,8,3,618291,True,,True,True,
week11_pilot_v1,week11_pilot_v1__run003,incremental_valid_n32_003,13,incremental_valid,32,20292726,6b04cd68c7dbe61c514086019a49f509c49bb6091775cd22fa2d7cfcb55d29aa,12,nested_heavy_valid,16,15,31,3,3,13,12,25,0.8064516129032258,0.8064516129032258,3,5,5,23,25,48,0.21333333333333335,0,0,0,python_sort,minimal,checked,9,9,1,625,True,,True,True,
week11_pilot_v1,week11_pilot_v1__run003,incremental_valid_n32_003,13,incremental_valid,32,20292726,6b04cd68c7dbe61c514086019a49f509c49bb6091775cd22fa2d7cfcb55d29aa,12,nested_heavy_valid,16,15,31,3,3,13,12,25,0.8064516129032258,0.8064516129032258,3,5,5,23,25,48,0.21333333333333335,0,0,0,simplified_jordan_paper_ordinary_list,minimal,checked,9,9,2,614375,True,,True,True,
week11_pilot_v1,week11_pilot_v1__run003,incremental_valid_n32_003,13,incremental_valid,32,20292726,6b04cd68c7dbe61c514086019a49f509c49bb6091775cd22fa2d7cfcb55d29aa,12,nested_heavy_valid,16,15,31,3,3,13,12,25,0.8064516129032258,0.8064516129032258,3,5,5,23,25,48,0.21333333333333335,0,0,0,simplified_jordan_reference,minimal,checked,9,9,3,177333,True,,True,True,
week11_pilot_v1,week11_pilot_v1__run003,incremental_valid_n32_003,13,incremental_valid,32,20292726,6b04cd68c7dbe61c514086019a49f509c49bb6091775cd22fa2d7cfcb55d29aa,12,nested_heavy_valid,16,15,31,3,3,13,12,25,0.8064516129032258,0.8064516129032258,3,5,5,23,25,48,0.21333333333333335,0,0,0,simplified_jordan_paper_ordinary_list,minimal,checked,10,10,1,637791,True,,True,True,
week11_pilot_v1,week11_pilot_v1__run003,incremental_valid_n32_003,13,incremental_valid,32,20292726,6b04cd68c7dbe61c514086019a49f509c49bb6091775cd22fa2d7cfcb55d29aa,12,nested_heavy_valid,16,15,31,3,3,13,12,25,0.8064516129032258,0.8064516129032258,3,5,5,23,25,48,0.21333333333333335,0,0,0,simplified_jordan_reference,minimal,checked,10,10,2,176583,True,,True,True,
week11_pilot_v1,week11_pilot_v1__run003,incremental_valid_n32_003,13,incremental_valid,32,20292726,6b04cd68c7dbe61c514086019a49f509c49bb6091775cd22fa2d7cfcb55d29aa,12,nested_heavy_valid,16,15,31,3,3,13,12,25,0.8064516129032258,0.8064516129032258,3,5,5,23,25,48,0.21333333333333335,0,0,0,python_sort,minimal,checked,10,10,3,667,True,,True,True,
week11_pilot_v1,week11_pilot_v1__run003,incremental_valid_n32_002,12,incremental_valid,32,20292725,e8cdeb05953ff39785d5a3d981ea3913af8adb5f3567412656e010babd38d300,13,nested_heavy_valid,16,15,31,2,2,14,13,27,0.8709677419354839,0.8709677419354839,7,7,7,53,52,105,0.4666666666666667,0,0,0,simplified_jordan_reference,minimal,checked,1,1,1,182917,True,,True,True,
week11_pilot_v1,week11_pilot_v1__run003,incremental_valid_n32_002,12,incremental_valid,32,20292725,e8cdeb05953ff39785d5a3d981ea3913af8adb5f3567412656e010babd38d300,13,nested_heavy_valid,16,15,31,2,2,14,13,27,0.8709677419354839,0.8709677419354839,7,7,7,53,52,105,0.4666666666666667,0,0,0,simplified_jordan_paper_ordinary_list,minimal,checked,1,1,2,550875,True,,True,True,
week11_pilot_v1,week11_pilot_v1__run003,incremental_valid_n32_002,12,incremental_valid,32,20292725,e8cdeb05953ff39785d5a3d981ea3913af8adb5f3567412656e010babd38d300,13,nested_heavy_valid,16,15,31,2,2,14,13,27,0.8709677419354839,0.8709677419354839,7,7,7,53,52,105,0.4666666666666667,0,0,0,python_sort,minimal,checked,1,1,3,875,True,,True,True,
week11_pilot_v1,week11_pilot_v1__run003,incremental_valid_n32_002,12,incremental_valid,32,20292725,e8cdeb05953ff39785d5a3d981ea3913af8adb5f3567412656e010babd38d300,13,nested_heavy_valid,16,15,31,2,2,14,13,27,0.8709677419354839,0.8709677419354839,7,7,7,53,52,105,0.4666666666666667,0,0,0,simplified_jordan_paper_ordinary_list,minimal,checked,2,2,1,541708,True,,True,True,
week11_pilot_v1,week11_pilot_v1__run003,incremental_valid_n32_002,12,incremental_valid,32,20292725,e8cdeb05953ff39785d5a3d981ea3913af8adb5f3567412656e010babd38d300,13,nested_heavy_valid,16,15,31,2,2,14,13,27,0.8709677419354839,0.8709677419354839,7,7,7,53,52,105,0.4666666666666667,0,0,0,python_sort,minimal,checked,2,2,2,875,True,,True,True,
week11_pilot_v1,week11_pilot_v1__run003,incremental_valid_n32_002,12,incremental_valid,32,20292725,e8cdeb05953ff39785d5a3d981ea3913af8adb5f3567412656e010babd38d300,13,nested_heavy_valid,16,15,31,2,2,14,13,27,0.8709677419354839,0.8709677419354839,7,7,7,53,52,105,0.4666666666666667,0,0,0,simplified_jordan_reference,minimal,checked,2,2,3,181708,True,,True,True,
week11_pilot_v1,week11_pilot_v1__run003,incremental_valid_n32_002,12,incremental_valid,32,20292725,e8cdeb05953ff39785d5a3d981ea3913af8adb5f3567412656e010babd38d300,13,nested_heavy_valid,16,15,31,2,2,14,13,27,0.8709677419354839,0.8709677419354839,7,7,7,53,52,105,0.4666666666666667,0,0,0,python_sort,minimal,checked,3,3,1,833,True,,True,True,
week11_pilot_v1,week11_pilot_v1__run003,incremental_valid_n32_002,12,incremental_valid,32,20292725,e8cdeb05953ff39785d5a3d981ea3913af8adb5f3567412656e010babd38d300,13,nested_heavy_valid,16,15,31,2,2,14,13,27,0.8709677419354839,0.8709677419354839,7,7,7,53,52,105,0.4666666666666667,0,0,0,simplified_jordan_reference,minimal,checked,3,3,2,177958,True,,True,True,
week11_pilot_v1,week11_pilot_v1__run003,incremental_valid_n32_002,12,incremental_valid,32,20292725,e8cdeb05953ff39785d5a3d981ea3913af8adb5f3567412656e010babd38d300,13,nested_heavy_valid,16,15,31,2,2,14,13,27,0.8709677419354839,0.8709677419354839,7,7,7,53,52,105,0.4666666666666667,0,0,0,simplified_jordan_paper_ordinary_list,minimal,checked,3,3,3,552209,True,,True,True,
week11_pilot_v1,week11_pilot_v1__run003,incremental_valid_n32_002,12,incremental_valid,32,20292725,e8cdeb05953ff39785d5a3d981ea3913af8adb5f3567412656e010babd38d300,13,nested_heavy_valid,16,15,31,2,2,14,13,27,0.8709677419354839,0.8709677419354839,7,7,7,53,52,105,0.4666666666666667,0,0,0,simplified_jordan_reference,minimal,checked,4,4,1,182042,True,,True,True,
week11_pilot_v1,week11_pilot_v1__run003,incremental_valid_n32_002,12,incremental_valid,32,20292725,e8cdeb05953ff39785d5a3d981ea3913af8adb5f3567412656e010babd38d300,13,nested_heavy_valid,16,15,31,2,2,14,13,27,0.8709677419354839,0.8709677419354839,7,7,7,53,52,105,0.4666666666666667,0,0,0,simplified_jordan_paper_ordinary_list,minimal,checked,4,4,2,551958,True,,True,True,
week11_pilot_v1,week11_pilot_v1__run003,incremental_valid_n32_002,12,incremental_valid,32,20292725,e8cdeb05953ff39785d5a3d981ea3913af8adb5f3567412656e010babd38d300,13,nested_heavy_valid,16,15,31,2,2,14,13,27,0.8709677419354839,0.8709677419354839,7,7,7,53,52,105,0.4666666666666667,0,0,0,python_sort,minimal,checked,4,4,3,833,True,,True,True,
week11_pilot_v1,week11_pilot_v1__run003,incremental_valid_n32_002,12,incremental_valid,32,20292725,e8cdeb05953ff39785d5a3d981ea3913af8adb5f3567412656e010babd38d300,13,nested_heavy_valid,16,15,31,2,2,14,13,27,0.8709677419354839,0.8709677419354839,7,7,7,53,52,105,0.4666666666666667,0,0,0,simplified_jordan_paper_ordinary_list,minimal,checked,5,5,1,548417,True,,True,True,
week11_pilot_v1,week11_pilot_v1__run003,incremental_valid_n32_002,12,incremental_valid,32,20292725,e8cdeb05953ff39785d5a3d981ea3913af8adb5f3567412656e010babd38d300,13,nested_heavy_valid,16,15,31,2,2,14,13,27,0.8709677419354839,0.8709677419354839,7,7,7,53,52,105,0.4666666666666667,0,0,0,python_sort,minimal,checked,5,5,2,875,True,,True,True,
week11_pilot_v1,week11_pilot_v1__run003,incremental_valid_n32_002,12,incremental_valid,32,20292725,e8cdeb05953ff39785d5a3d981ea3913af8adb5f3567412656e010babd38d300,13,nested_heavy_valid,16,15,31,2,2,14,13,27,0.8709677419354839,0.8709677419354839,7,7,7,53,52,105,0.4666666666666667,0,0,0,simplified_jordan_reference,minimal,checked,5,5,3,195833,True,,True,True,
week11_pilot_v1,week11_pilot_v1__run003,incremental_valid_n32_002,12,incremental_valid,32,20292725,e8cdeb05953ff39785d5a3d981ea3913af8adb5f3567412656e010babd38d300,13,nested_heavy_valid,16,15,31,2,2,14,13,27,0.8709677419354839,0.8709677419354839,7,7,7,53,52,105,0.4666666666666667,0,0,0,python_sort,minimal,checked,6,6,1,833,True,,True,True,
week11_pilot_v1,week11_pilot_v1__run003,incremental_valid_n32_002,12,incremental_valid,32,20292725,e8cdeb05953ff39785d5a3d981ea3913af8adb5f3567412656e010babd38d300,13,nested_heavy_valid,16,15,31,2,2,14,13,27,0.8709677419354839,0.8709677419354839,7,7,7,53,52,105,0.4666666666666667,0,0,0,simplified_jordan_reference,minimal,checked,6,6,2,177125,True,,True,True,
week11_pilot_v1,week11_pilot_v1__run003,incremental_valid_n32_002,12,incremental_valid,32,20292725,e8cdeb05953ff39785d5a3d981ea3913af8adb5f3567412656e010babd38d300,13,nested_heavy_valid,16,15,31,2,2,14,13,27,0.8709677419354839,0.8709677419354839,7,7,7,53,52,105,0.4666666666666667,0,0,0,simplified_jordan_paper_ordinary_list,minimal,checked,6,6,3,569292,True,,True,True,
week11_pilot_v1,week11_pilot_v1__run003,incremental_valid_n32_002,12,incremental_valid,32,20292725,e8cdeb05953ff39785d5a3d981ea3913af8adb5f3567412656e010babd38d300,13,nested_heavy_valid,16,15,31,2,2,14,13,27,0.8709677419354839,0.8709677419354839,7,7,7,53,52,105,0.4666666666666667,0,0,0,simplified_jordan_reference,minimal,checked,7,7,1,186625,True,,True,True,
week11_pilot_v1,week11_pilot_v1__run003,incremental_valid_n32_002,12,incremental_valid,32,20292725,e8cdeb05953ff39785d5a3d981ea3913af8adb5f3567412656e010babd38d300,13,nested_heavy_valid,16,15,31,2,2,14,13,27,0.8709677419354839,0.8709677419354839,7,7,7,53,52,105,0.4666666666666667,0,0,0,simplified_jordan_paper_ordinary_list,minimal,checked,7,7,2,553209,True,,True,True,
week11_pilot_v1,week11_pilot_v1__run003,incremental_valid_n32_002,12,incremental_valid,32,20292725,e8cdeb05953ff39785d5a3d981ea3913af8adb5f3567412656e010babd38d300,13,nested_heavy_valid,16,15,31,2,2,14,13,27,0.8709677419354839,0.8709677419354839,7,7,7,53,52,105,0.4666666666666667,0,0,0,python_sort,minimal,checked,7,7,3,917,True,,True,True,
week11_pilot_v1,week11_pilot_v1__run003,incremental_valid_n32_002,12,incremental_valid,32,20292725,e8cdeb05953ff39785d5a3d981ea3913af8adb5f3567412656e010babd38d300,13,nested_heavy_valid,16,15,31,2,2,14,13,27,0.8709677419354839,0.8709677419354839,7,7,7,53,52,105,0.4666666666666667,0,0,0,simplified_jordan_paper_ordinary_list,minimal,checked,8,8,1,555541,True,,True,True,
week11_pilot_v1,week11_pilot_v1__run003,incremental_valid_n32_002,12,incremental_valid,32,20292725,e8cdeb05953ff39785d5a3d981ea3913af8adb5f3567412656e010babd38d300,13,nested_heavy_valid,16,15,31,2,2,14,13,27,0.8709677419354839,0.8709677419354839,7,7,7,53,52,105,0.4666666666666667,0,0,0,python_sort,minimal,checked,8,8,2,875,True,,True,True,
week11_pilot_v1,week11_pilot_v1__run003,incremental_valid_n32_002,12,incremental_valid,32,20292725,e8cdeb05953ff39785d5a3d981ea3913af8adb5f3567412656e010babd38d300,13,nested_heavy_valid,16,15,31,2,2,14,13,27,0.8709677419354839,0.8709677419354839,7,7,7,53,52,105,0.4666666666666667,0,0,0,simplified_jordan_reference,minimal,checked,8,8,3,185625,True,,True,True,
week11_pilot_v1,week11_pilot_v1__run003,incremental_valid_n32_002,12,incremental_valid,32,20292725,e8cdeb05953ff39785d5a3d981ea3913af8adb5f3567412656e010babd38d300,13,nested_heavy_valid,16,15,31,2,2,14,13,27,0.8709677419354839,0.8709677419354839,7,7,7,53,52,105,0.4666666666666667,0,0,0,python_sort,minimal,checked,9,9,1,834,True,,True,True,
week11_pilot_v1,week11_pilot_v1__run003,incremental_valid_n32_002,12,incremental_valid,32,20292725,e8cdeb05953ff39785d5a3d981ea3913af8adb5f3567412656e010babd38d300,13,nested_heavy_valid,16,15,31,2,2,14,13,27,0.8709677419354839,0.8709677419354839,7,7,7,53,52,105,0.4666666666666667,0,0,0,simplified_jordan_reference,minimal,checked,9,9,2,179541,True,,True,True,
week11_pilot_v1,week11_pilot_v1__run003,incremental_valid_n32_002,12,incremental_valid,32,20292725,e8cdeb05953ff39785d5a3d981ea3913af8adb5f3567412656e010babd38d300,13,nested_heavy_valid,16,15,31,2,2,14,13,27,0.8709677419354839,0.8709677419354839,7,7,7,53,52,105,0.4666666666666667,0,0,0,simplified_jordan_paper_ordinary_list,minimal,checked,9,9,3,555792,True,,True,True,
week11_pilot_v1,week11_pilot_v1__run003,incremental_valid_n32_002,12,incremental_valid,32,20292725,e8cdeb05953ff39785d5a3d981ea3913af8adb5f3567412656e010babd38d300,13,nested_heavy_valid,16,15,31,2,2,14,13,27,0.8709677419354839,0.8709677419354839,7,7,7,53,52,105,0.4666666666666667,0,0,0,simplified_jordan_reference,minimal,checked,10,10,1,182042,True,,True,True,
week11_pilot_v1,week11_pilot_v1__run003,incremental_valid_n32_002,12,incremental_valid,32,20292725,e8cdeb05953ff39785d5a3d981ea3913af8adb5f3567412656e010babd38d300,13,nested_heavy_valid,16,15,31,2,2,14,13,27,0.8709677419354839,0.8709677419354839,7,7,7,53,52,105,0.4666666666666667,0,0,0,simplified_jordan_paper_ordinary_list,minimal,checked,10,10,2,608375,True,,True,True,
week11_pilot_v1,week11_pilot_v1__run003,incremental_valid_n32_002,12,incremental_valid,32,20292725,e8cdeb05953ff39785d5a3d981ea3913af8adb5f3567412656e010babd38d300,13,nested_heavy_valid,16,15,31,2,2,14,13,27,0.8709677419354839,0.8709677419354839,7,7,7,53,52,105,0.4666666666666667,0,0,0,python_sort,minimal,checked,10,10,3,1125,True,,True,True,
week11_pilot_v1,week11_pilot_v1__run003,incremental_valid_n128_001,21,incremental_valid,128,20388724,96c9ddf6b53e8581cae8b2e8ac84990c20bf51a2058ff10873b3e0129af52acd,14,nested_heavy_valid,64,63,127,2,2,62,61,123,0.968503937007874,0.968503937007874,22,20,22,685,725,1410,0.35525321239606955,0,0,0,python_sort,minimal,checked,1,1,1,2833,True,,True,True,
week11_pilot_v1,week11_pilot_v1__run003,incremental_valid_n128_001,21,incremental_valid,128,20388724,96c9ddf6b53e8581cae8b2e8ac84990c20bf51a2058ff10873b3e0129af52acd,14,nested_heavy_valid,64,63,127,2,2,62,61,123,0.968503937007874,0.968503937007874,22,20,22,685,725,1410,0.35525321239606955,0,0,0,simplified_jordan_reference,minimal,checked,1,1,2,2109041,True,,True,True,
week11_pilot_v1,week11_pilot_v1__run003,incremental_valid_n128_001,21,incremental_valid,128,20388724,96c9ddf6b53e8581cae8b2e8ac84990c20bf51a2058ff10873b3e0129af52acd,14,nested_heavy_valid,64,63,127,2,2,62,61,123,0.968503937007874,0.968503937007874,22,20,22,685,725,1410,0.35525321239606955,0,0,0,simplified_jordan_paper_ordinary_list,minimal,checked,1,1,3,2836542,True,,True,True,
week11_pilot_v1,week11_pilot_v1__run003,incremental_valid_n128_001,21,incremental_valid,128,20388724,96c9ddf6b53e8581cae8b2e8ac84990c20bf51a2058ff10873b3e0129af52acd,14,nested_heavy_valid,64,63,127,2,2,62,61,123,0.968503937007874,0.968503937007874,22,20,22,685,725,1410,0.35525321239606955,0,0,0,simplified_jordan_reference,minimal,checked,2,2,1,2076417,True,,True,True,
week11_pilot_v1,week11_pilot_v1__run003,incremental_valid_n128_001,21,incremental_valid,128,20388724,96c9ddf6b53e8581cae8b2e8ac84990c20bf51a2058ff10873b3e0129af52acd,14,nested_heavy_valid,64,63,127,2,2,62,61,123,0.968503937007874,0.968503937007874,22,20,22,685,725,1410,0.35525321239606955,0,0,0,simplified_jordan_paper_ordinary_list,minimal,checked,2,2,2,2826958,True,,True,True,
week11_pilot_v1,week11_pilot_v1__run003,incremental_valid_n128_001,21,incremental_valid,128,20388724,96c9ddf6b53e8581cae8b2e8ac84990c20bf51a2058ff10873b3e0129af52acd,14,nested_heavy_valid,64,63,127,2,2,62,61,123,0.968503937007874,0.968503937007874,22,20,22,685,725,1410,0.35525321239606955,0,0,0,python_sort,minimal,checked,2,2,3,2666,True,,True,True,
week11_pilot_v1,week11_pilot_v1__run003,incremental_valid_n128_001,21,incremental_valid,128,20388724,96c9ddf6b53e8581cae8b2e8ac84990c20bf51a2058ff10873b3e0129af52acd,14,nested_heavy_valid,64,63,127,2,2,62,61,123,0.968503937007874,0.968503937007874,22,20,22,685,725,1410,0.35525321239606955,0,0,0,simplified_jordan_paper_ordinary_list,minimal,checked,3,3,1,2780917,True,,True,True,
week11_pilot_v1,week11_pilot_v1__run003,incremental_valid_n128_001,21,incremental_valid,128,20388724,96c9ddf6b53e8581cae8b2e8ac84990c20bf51a2058ff10873b3e0129af52acd,14,nested_heavy_valid,64,63,127,2,2,62,61,123,0.968503937007874,0.968503937007874,22,20,22,685,725,1410,0.35525321239606955,0,0,0,python_sort,minimal,checked,3,3,2,2750,True,,True,True,
week11_pilot_v1,week11_pilot_v1__run003,incremental_valid_n128_001,21,incremental_valid,128,20388724,96c9ddf6b53e8581cae8b2e8ac84990c20bf51a2058ff10873b3e0129af52acd,14,nested_heavy_valid,64,63,127,2,2,62,61,123,0.968503937007874,0.968503937007874,22,20,22,685,725,1410,0.35525321239606955,0,0,0,simplified_jordan_reference,minimal,checked,3,3,3,2079708,True,,True,True,
week11_pilot_v1,week11_pilot_v1__run003,incremental_valid_n128_001,21,incremental_valid,128,20388724,96c9ddf6b53e8581cae8b2e8ac84990c20bf51a2058ff10873b3e0129af52acd,14,nested_heavy_valid,64,63,127,2,2,62,61,123,0.968503937007874,0.968503937007874,22,20,22,685,725,1410,0.35525321239606955,0,0,0,python_sort,minimal,checked,4,4,1,2625,True,,True,True,
week11_pilot_v1,week11_pilot_v1__run003,incremental_valid_n128_001,21,incremental_valid,128,20388724,96c9ddf6b53e8581cae8b2e8ac84990c20bf51a2058ff10873b3e0129af52acd,14,nested_heavy_valid,64,63,127,2,2,62,61,123,0.968503937007874,0.968503937007874,22,20,22,685,725,1410,0.35525321239606955,0,0,0,simplified_jordan_reference,minimal,checked,4,4,2,2078375,True,,True,True,
week11_pilot_v1,week11_pilot_v1__run003,incremental_valid_n128_001,21,incremental_valid,128,20388724,96c9ddf6b53e8581cae8b2e8ac84990c20bf51a2058ff10873b3e0129af52acd,14,nested_heavy_valid,64,63,127,2,2,62,61,123,0.968503937007874,0.968503937007874,22,20,22,685,725,1410,0.35525321239606955,0,0,0,simplified_jordan_paper_ordinary_list,minimal,checked,4,4,3,2867666,True,,True,True,
week11_pilot_v1,week11_pilot_v1__run003,incremental_valid_n128_001,21,incremental_valid,128,20388724,96c9ddf6b53e8581cae8b2e8ac84990c20bf51a2058ff10873b3e0129af52acd,14,nested_heavy_valid,64,63,127,2,2,62,61,123,0.968503937007874,0.968503937007874,22,20,22,685,725,1410,0.35525321239606955,0,0,0,simplified_jordan_reference,minimal,checked,5,5,1,2067667,True,,True,True,
week11_pilot_v1,week11_pilot_v1__run003,incremental_valid_n128_001,21,incremental_valid,128,20388724,96c9ddf6b53e8581cae8b2e8ac84990c20bf51a2058ff10873b3e0129af52acd,14,nested_heavy_valid,64,63,127,2,2,62,61,123,0.968503937007874,0.968503937007874,22,20,22,685,725,1410,0.35525321239606955,0,0,0,simplified_jordan_paper_ordinary_list,minimal,checked,5,5,2,2797625,True,,True,True,
week11_pilot_v1,week11_pilot_v1__run003,incremental_valid_n128_001,21,incremental_valid,128,20388724,96c9ddf6b53e8581cae8b2e8ac84990c20bf51a2058ff10873b3e0129af52acd,14,nested_heavy_valid,64,63,127,2,2,62,61,123,0.968503937007874,0.968503937007874,22,20,22,685,725,1410,0.35525321239606955,0,0,0,python_sort,minimal,checked,5,5,3,2709,True,,True,True,
week11_pilot_v1,week11_pilot_v1__run003,incremental_valid_n128_001,21,incremental_valid,128,20388724,96c9ddf6b53e8581cae8b2e8ac84990c20bf51a2058ff10873b3e0129af52acd,14,nested_heavy_valid,64,63,127,2,2,62,61,123,0.968503937007874,0.968503937007874,22,20,22,685,725,1410,0.35525321239606955,0,0,0,simplified_jordan_paper_ordinary_list,minimal,checked,6,6,1,2790416,True,,True,True,
week11_pilot_v1,week11_pilot_v1__run003,incremental_valid_n128_001,21,incremental_valid,128,20388724,96c9ddf6b53e8581cae8b2e8ac84990c20bf51a2058ff10873b3e0129af52acd,14,nested_heavy_valid,64,63,127,2,2,62,61,123,0.968503937007874,0.968503937007874,22,20,22,685,725,1410,0.35525321239606955,0,0,0,python_sort,minimal,checked,6,6,2,2583,True,,True,True,
week11_pilot_v1,week11_pilot_v1__run003,incremental_valid_n128_001,21,incremental_valid,128,20388724,96c9ddf6b53e8581cae8b2e8ac84990c20bf51a2058ff10873b3e0129af52acd,14,nested_heavy_valid,64,63,127,2,2,62,61,123,0.968503937007874,0.968503937007874,22,20,22,685,725,1410,0.35525321239606955,0,0,0,simplified_jordan_reference,minimal,checked,6,6,3,2055666,True,,True,True,
week11_pilot_v1,week11_pilot_v1__run003,incremental_valid_n128_001,21,incremental_valid,128,20388724,96c9ddf6b53e8581cae8b2e8ac84990c20bf51a2058ff10873b3e0129af52acd,14,nested_heavy_valid,64,63,127,2,2,62,61,123,0.968503937007874,0.968503937007874,22,20,22,685,725,1410,0.35525321239606955,0,0,0,python_sort,minimal,checked,7,7,1,2625,True,,True,True,
week11_pilot_v1,week11_pilot_v1__run003,incremental_valid_n128_001,21,incremental_valid,128,20388724,96c9ddf6b53e8581cae8b2e8ac84990c20bf51a2058ff10873b3e0129af52acd,14,nested_heavy_valid,64,63,127,2,2,62,61,123,0.968503937007874,0.968503937007874,22,20,22,685,725,1410,0.35525321239606955,0,0,0,simplified_jordan_reference,minimal,checked,7,7,2,2073208,True,,True,True,
week11_pilot_v1,week11_pilot_v1__run003,incremental_valid_n128_001,21,incremental_valid,128,20388724,96c9ddf6b53e8581cae8b2e8ac84990c20bf51a2058ff10873b3e0129af52acd,14,nested_heavy_valid,64,63,127,2,2,62,61,123,0.968503937007874,0.968503937007874,22,20,22,685,725,1410,0.35525321239606955,0,0,0,simplified_jordan_paper_ordinary_list,minimal,checked,7,7,3,2812916,True,,True,True,
week11_pilot_v1,week11_pilot_v1__run003,incremental_valid_n128_001,21,incremental_valid,128,20388724,96c9ddf6b53e8581cae8b2e8ac84990c20bf51a2058ff10873b3e0129af52acd,14,nested_heavy_valid,64,63,127,2,2,62,61,123,0.968503937007874,0.968503937007874,22,20,22,685,725,1410,0.35525321239606955,0,0,0,simplified_jordan_reference,minimal,checked,8,8,1,2145584,True,,True,True,
week11_pilot_v1,week11_pilot_v1__run003,incremental_valid_n128_001,21,incremental_valid,128,20388724,96c9ddf6b53e8581cae8b2e8ac84990c20bf51a2058ff10873b3e0129af52acd,14,nested_heavy_valid,64,63,127,2,2,62,61,123,0.968503937007874,0.968503937007874,22,20,22,685,725,1410,0.35525321239606955,0,0,0,simplified_jordan_paper_ordinary_list,minimal,checked,8,8,2,2813666,True,,True,True,
week11_pilot_v1,week11_pilot_v1__run003,incremental_valid_n128_001,21,incremental_valid,128,20388724,96c9ddf6b53e8581cae8b2e8ac84990c20bf51a2058ff10873b3e0129af52acd,14,nested_heavy_valid,64,63,127,2,2,62,61,123,0.968503937007874,0.968503937007874,22,20,22,685,725,1410,0.35525321239606955,0,0,0,python_sort,minimal,checked,8,8,3,2834,True,,True,True,
week11_pilot_v1,week11_pilot_v1__run003,incremental_valid_n128_001,21,incremental_valid,128,20388724,96c9ddf6b53e8581cae8b2e8ac84990c20bf51a2058ff10873b3e0129af52acd,14,nested_heavy_valid,64,63,127,2,2,62,61,123,0.968503937007874,0.968503937007874,22,20,22,685,725,1410,0.35525321239606955,0,0,0,simplified_jordan_paper_ordinary_list,minimal,checked,9,9,1,2827500,True,,True,True,
week11_pilot_v1,week11_pilot_v1__run003,incremental_valid_n128_001,21,incremental_valid,128,20388724,96c9ddf6b53e8581cae8b2e8ac84990c20bf51a2058ff10873b3e0129af52acd,14,nested_heavy_valid,64,63,127,2,2,62,61,123,0.968503937007874,0.968503937007874,22,20,22,685,725,1410,0.35525321239606955,0,0,0,python_sort,minimal,checked,9,9,2,2792,True,,True,True,
week11_pilot_v1,week11_pilot_v1__run003,incremental_valid_n128_001,21,incremental_valid,128,20388724,96c9ddf6b53e8581cae8b2e8ac84990c20bf51a2058ff10873b3e0129af52acd,14,nested_heavy_valid,64,63,127,2,2,62,61,123,0.968503937007874,0.968503937007874,22,20,22,685,725,1410,0.35525321239606955,0,0,0,simplified_jordan_reference,minimal,checked,9,9,3,2064625,True,,True,True,
week11_pilot_v1,week11_pilot_v1__run003,incremental_valid_n128_001,21,incremental_valid,128,20388724,96c9ddf6b53e8581cae8b2e8ac84990c20bf51a2058ff10873b3e0129af52acd,14,nested_heavy_valid,64,63,127,2,2,62,61,123,0.968503937007874,0.968503937007874,22,20,22,685,725,1410,0.35525321239606955,0,0,0,python_sort,minimal,checked,10,10,1,2583,True,,True,True,
week11_pilot_v1,week11_pilot_v1__run003,incremental_valid_n128_001,21,incremental_valid,128,20388724,96c9ddf6b53e8581cae8b2e8ac84990c20bf51a2058ff10873b3e0129af52acd,14,nested_heavy_valid,64,63,127,2,2,62,61,123,0.968503937007874,0.968503937007874,22,20,22,685,725,1410,0.35525321239606955,0,0,0,simplified_jordan_reference,minimal,checked,10,10,2,2089209,True,,True,True,
week11_pilot_v1,week11_pilot_v1__run003,incremental_valid_n128_001,21,incremental_valid,128,20388724,96c9ddf6b53e8581cae8b2e8ac84990c20bf51a2058ff10873b3e0129af52acd,14,nested_heavy_valid,64,63,127,2,2,62,61,123,0.968503937007874,0.968503937007874,22,20,22,685,725,1410,0.35525321239606955,0,0,0,simplified_jordan_paper_ordinary_list,minimal,checked,10,10,3,2805792,True,,True,True,
week11_pilot_v1,week11_pilot_v1__run003,incremental_valid_n512_003,33,incremental_valid,512,20772726,85d3cc4da148fb989b42e78b09edc2b23d66bff64b3c71a09937397d02d53850,15,nested_heavy_valid,256,255,511,2,1,254,254,508,0.9941291585127201,0.9941291585127201,123,120,123,14422,14791,29213,0.44925797770088427,0,0,0,python_sort,minimal,checked,1,1,1,10625,True,,True,True,
week11_pilot_v1,week11_pilot_v1__run003,incremental_valid_n512_003,33,incremental_valid,512,20772726,85d3cc4da148fb989b42e78b09edc2b23d66bff64b3c71a09937397d02d53850,15,nested_heavy_valid,256,255,511,2,1,254,254,508,0.9941291585127201,0.9941291585127201,123,120,123,14422,14791,29213,0.44925797770088427,0,0,0,simplified_jordan_paper_ordinary_list,minimal,checked,1,1,2,18732792,True,,True,True,
week11_pilot_v1,week11_pilot_v1__run003,incremental_valid_n512_003,33,incremental_valid,512,20772726,85d3cc4da148fb989b42e78b09edc2b23d66bff64b3c71a09937397d02d53850,15,nested_heavy_valid,256,255,511,2,1,254,254,508,0.9941291585127201,0.9941291585127201,123,120,123,14422,14791,29213,0.44925797770088427,0,0,0,simplified_jordan_reference,minimal,checked,1,1,3,33368083,True,,True,True,
week11_pilot_v1,week11_pilot_v1__run003,incremental_valid_n512_003,33,incremental_valid,512,20772726,85d3cc4da148fb989b42e78b09edc2b23d66bff64b3c71a09937397d02d53850,15,nested_heavy_valid,256,255,511,2,1,254,254,508,0.9941291585127201,0.9941291585127201,123,120,123,14422,14791,29213,0.44925797770088427,0,0,0,simplified_jordan_paper_ordinary_list,minimal,checked,2,2,1,18693250,True,,True,True,
week11_pilot_v1,week11_pilot_v1__run003,incremental_valid_n512_003,33,incremental_valid,512,20772726,85d3cc4da148fb989b42e78b09edc2b23d66bff64b3c71a09937397d02d53850,15,nested_heavy_valid,256,255,511,2,1,254,254,508,0.9941291585127201,0.9941291585127201,123,120,123,14422,14791,29213,0.44925797770088427,0,0,0,simplified_jordan_reference,minimal,checked,2,2,2,33399084,True,,True,True,
week11_pilot_v1,week11_pilot_v1__run003,incremental_valid_n512_003,33,incremental_valid,512,20772726,85d3cc4da148fb989b42e78b09edc2b23d66bff64b3c71a09937397d02d53850,15,nested_heavy_valid,256,255,511,2,1,254,254,508,0.9941291585127201,0.9941291585127201,123,120,123,14422,14791,29213,0.44925797770088427,0,0,0,python_sort,minimal,checked,2,2,3,11791,True,,True,True,
week11_pilot_v1,week11_pilot_v1__run003,incremental_valid_n512_003,33,incremental_valid,512,20772726,85d3cc4da148fb989b42e78b09edc2b23d66bff64b3c71a09937397d02d53850,15,nested_heavy_valid,256,255,511,2,1,254,254,508,0.9941291585127201,0.9941291585127201,123,120,123,14422,14791,29213,0.44925797770088427,0,0,0,simplified_jordan_reference,minimal,checked,3,3,1,33318250,True,,True,True,
week11_pilot_v1,week11_pilot_v1__run003,incremental_valid_n512_003,33,incremental_valid,512,20772726,85d3cc4da148fb989b42e78b09edc2b23d66bff64b3c71a09937397d02d53850,15,nested_heavy_valid,256,255,511,2,1,254,254,508,0.9941291585127201,0.9941291585127201,123,120,123,14422,14791,29213,0.44925797770088427,0,0,0,python_sort,minimal,checked,3,3,2,11250,True,,True,True,
week11_pilot_v1,week11_pilot_v1__run003,incremental_valid_n512_003,33,incremental_valid,512,20772726,85d3cc4da148fb989b42e78b09edc2b23d66bff64b3c71a09937397d02d53850,15,nested_heavy_valid,256,255,511,2,1,254,254,508,0.9941291585127201,0.9941291585127201,123,120,123,14422,14791,29213,0.44925797770088427,0,0,0,simplified_jordan_paper_ordinary_list,minimal,checked,3,3,3,18837834,True,,True,True,
week11_pilot_v1,week11_pilot_v1__run003,incremental_valid_n512_003,33,incremental_valid,512,20772726,85d3cc4da148fb989b42e78b09edc2b23d66bff64b3c71a09937397d02d53850,15,nested_heavy_valid,256,255,511,2,1,254,254,508,0.9941291585127201,0.9941291585127201,123,120,123,14422,14791,29213,0.44925797770088427,0,0,0,python_sort,minimal,checked,4,4,1,10625,True,,True,True,
week11_pilot_v1,week11_pilot_v1__run003,incremental_valid_n512_003,33,incremental_valid,512,20772726,85d3cc4da148fb989b42e78b09edc2b23d66bff64b3c71a09937397d02d53850,15,nested_heavy_valid,256,255,511,2,1,254,254,508,0.9941291585127201,0.9941291585127201,123,120,123,14422,14791,29213,0.44925797770088427,0,0,0,simplified_jordan_paper_ordinary_list,minimal,checked,4,4,2,18712834,True,,True,True,
week11_pilot_v1,week11_pilot_v1__run003,incremental_valid_n512_003,33,incremental_valid,512,20772726,85d3cc4da148fb989b42e78b09edc2b23d66bff64b3c71a09937397d02d53850,15,nested_heavy_valid,256,255,511,2,1,254,254,508,0.9941291585127201,0.9941291585127201,123,120,123,14422,14791,29213,0.44925797770088427,0,0,0,simplified_jordan_reference,minimal,checked,4,4,3,33313625,True,,True,True,
week11_pilot_v1,week11_pilot_v1__run003,incremental_valid_n512_003,33,incremental_valid,512,20772726,85d3cc4da148fb989b42e78b09edc2b23d66bff64b3c71a09937397d02d53850,15,nested_heavy_valid,256,255,511,2,1,254,254,508,0.9941291585127201,0.9941291585127201,123,120,123,14422,14791,29213,0.44925797770088427,0,0,0,simplified_jordan_paper_ordinary_list,minimal,checked,5,5,1,18735583,True,,True,True,
week11_pilot_v1,week11_pilot_v1__run003,incremental_valid_n512_003,33,incremental_valid,512,20772726,85d3cc4da148fb989b42e78b09edc2b23d66bff64b3c71a09937397d02d53850,15,nested_heavy_valid,256,255,511,2,1,254,254,508,0.9941291585127201,0.9941291585127201,123,120,123,14422,14791,29213,0.44925797770088427,0,0,0,simplified_jordan_reference,minimal,checked,5,5,2,33387625,True,,True,True,
week11_pilot_v1,week11_pilot_v1__run003,incremental_valid_n512_003,33,incremental_valid,512,20772726,85d3cc4da148fb989b42e78b09edc2b23d66bff64b3c71a09937397d02d53850,15,nested_heavy_valid,256,255,511,2,1,254,254,508,0.9941291585127201,0.9941291585127201,123,120,123,14422,14791,29213,0.44925797770088427,0,0,0,python_sort,minimal,checked,5,5,3,15584,True,,True,True,
week11_pilot_v1,week11_pilot_v1__run003,incremental_valid_n512_003,33,incremental_valid,512,20772726,85d3cc4da148fb989b42e78b09edc2b23d66bff64b3c71a09937397d02d53850,15,nested_heavy_valid,256,255,511,2,1,254,254,508,0.9941291585127201,0.9941291585127201,123,120,123,14422,14791,29213,0.44925797770088427,0,0,0,simplified_jordan_reference,minimal,checked,6,6,1,33241666,True,,True,True,
week11_pilot_v1,week11_pilot_v1__run003,incremental_valid_n512_003,33,incremental_valid,512,20772726,85d3cc4da148fb989b42e78b09edc2b23d66bff64b3c71a09937397d02d53850,15,nested_heavy_valid,256,255,511,2,1,254,254,508,0.9941291585127201,0.9941291585127201,123,120,123,14422,14791,29213,0.44925797770088427,0,0,0,python_sort,minimal,checked,6,6,2,10458,True,,True,True,
week11_pilot_v1,week11_pilot_v1__run003,incremental_valid_n512_003,33,incremental_valid,512,20772726,85d3cc4da148fb989b42e78b09edc2b23d66bff64b3c71a09937397d02d53850,15,nested_heavy_valid,256,255,511,2,1,254,254,508,0.9941291585127201,0.9941291585127201,123,120,123,14422,14791,29213,0.44925797770088427,0,0,0,simplified_jordan_paper_ordinary_list,minimal,checked,6,6,3,18992709,True,,True,True,
week11_pilot_v1,week11_pilot_v1__run003,incremental_valid_n512_003,33,incremental_valid,512,20772726,85d3cc4da148fb989b42e78b09edc2b23d66bff64b3c71a09937397d02d53850,15,nested_heavy_valid,256,255,511,2,1,254,254,508,0.9941291585127201,0.9941291585127201,123,120,123,14422,14791,29213,0.44925797770088427,0,0,0,python_sort,minimal,checked,7,7,1,10458,True,,True,True,
week11_pilot_v1,week11_pilot_v1__run003,incremental_valid_n512_003,33,incremental_valid,512,20772726,85d3cc4da148fb989b42e78b09edc2b23d66bff64b3c71a09937397d02d53850,15,nested_heavy_valid,256,255,511,2,1,254,254,508,0.9941291585127201,0.9941291585127201,123,120,123,14422,14791,29213,0.44925797770088427,0,0,0,simplified_jordan_paper_ordinary_list,minimal,checked,7,7,2,18801584,True,,True,True,
week11_pilot_v1,week11_pilot_v1__run003,incremental_valid_n512_003,33,incremental_valid,512,20772726,85d3cc4da148fb989b42e78b09edc2b23d66bff64b3c71a09937397d02d53850,15,nested_heavy_valid,256,255,511,2,1,254,254,508,0.9941291585127201,0.9941291585127201,123,120,123,14422,14791,29213,0.44925797770088427,0,0,0,simplified_jordan_reference,minimal,checked,7,7,3,33002917,True,,True,True,
week11_pilot_v1,week11_pilot_v1__run003,incremental_valid_n512_003,33,incremental_valid,512,20772726,85d3cc4da148fb989b42e78b09edc2b23d66bff64b3c71a09937397d02d53850,15,nested_heavy_valid,256,255,511,2,1,254,254,508,0.9941291585127201,0.9941291585127201,123,120,123,14422,14791,29213,0.44925797770088427,0,0,0,simplified_jordan_paper_ordinary_list,minimal,checked,8,8,1,18868625,True,,True,True,
week11_pilot_v1,week11_pilot_v1__run003,incremental_valid_n512_003,33,incremental_valid,512,20772726,85d3cc4da148fb989b42e78b09edc2b23d66bff64b3c71a09937397d02d53850,15,nested_heavy_valid,256,255,511,2,1,254,254,508,0.9941291585127201,0.9941291585127201,123,120,123,14422,14791,29213,0.44925797770088427,0,0,0,simplified_jordan_reference,minimal,checked,8,8,2,33190958,True,,True,True,
week11_pilot_v1,week11_pilot_v1__run003,incremental_valid_n512_003,33,incremental_valid,512,20772726,85d3cc4da148fb989b42e78b09edc2b23d66bff64b3c71a09937397d02d53850,15,nested_heavy_valid,256,255,511,2,1,254,254,508,0.9941291585127201,0.9941291585127201,123,120,123,14422,14791,29213,0.44925797770088427,0,0,0,python_sort,minimal,checked,8,8,3,10958,True,,True,True,
week11_pilot_v1,week11_pilot_v1__run003,incremental_valid_n512_003,33,incremental_valid,512,20772726,85d3cc4da148fb989b42e78b09edc2b23d66bff64b3c71a09937397d02d53850,15,nested_heavy_valid,256,255,511,2,1,254,254,508,0.9941291585127201,0.9941291585127201,123,120,123,14422,14791,29213,0.44925797770088427,0,0,0,simplified_jordan_reference,minimal,checked,9,9,1,33200833,True,,True,True,
week11_pilot_v1,week11_pilot_v1__run003,incremental_valid_n512_003,33,incremental_valid,512,20772726,85d3cc4da148fb989b42e78b09edc2b23d66bff64b3c71a09937397d02d53850,15,nested_heavy_valid,256,255,511,2,1,254,254,508,0.9941291585127201,0.9941291585127201,123,120,123,14422,14791,29213,0.44925797770088427,0,0,0,python_sort,minimal,checked,9,9,2,10916,True,,True,True,
week11_pilot_v1,week11_pilot_v1__run003,incremental_valid_n512_003,33,incremental_valid,512,20772726,85d3cc4da148fb989b42e78b09edc2b23d66bff64b3c71a09937397d02d53850,15,nested_heavy_valid,256,255,511,2,1,254,254,508,0.9941291585127201,0.9941291585127201,123,120,123,14422,14791,29213,0.44925797770088427,0,0,0,simplified_jordan_paper_ordinary_list,minimal,checked,9,9,3,18870417,True,,True,True,
week11_pilot_v1,week11_pilot_v1__run003,incremental_valid_n512_003,33,incremental_valid,512,20772726,85d3cc4da148fb989b42e78b09edc2b23d66bff64b3c71a09937397d02d53850,15,nested_heavy_valid,256,255,511,2,1,254,254,508,0.9941291585127201,0.9941291585127201,123,120,123,14422,14791,29213,0.44925797770088427,0,0,0,python_sort,minimal,checked,10,10,1,10541,True,,True,True,
week11_pilot_v1,week11_pilot_v1__run003,incremental_valid_n512_003,33,incremental_valid,512,20772726,85d3cc4da148fb989b42e78b09edc2b23d66bff64b3c71a09937397d02d53850,15,nested_heavy_valid,256,255,511,2,1,254,254,508,0.9941291585127201,0.9941291585127201,123,120,123,14422,14791,29213,0.44925797770088427,0,0,0,simplified_jordan_paper_ordinary_list,minimal,checked,10,10,2,18707209,True,,True,True,
week11_pilot_v1,week11_pilot_v1__run003,incremental_valid_n512_003,33,incremental_valid,512,20772726,85d3cc4da148fb989b42e78b09edc2b23d66bff64b3c71a09937397d02d53850,15,nested_heavy_valid,256,255,511,2,1,254,254,508,0.9941291585127201,0.9941291585127201,123,120,123,14422,14791,29213,0.44925797770088427,0,0,0,simplified_jordan_reference,minimal,checked,10,10,3,33238417,True,,True,True,
week11_pilot_v1,week11_pilot_v1__run003,incremental_valid_n512_002,32,incremental_valid,512,20772725,2b532d16d192eb903acaeb43d109e773b5eb22ffadf51fe2971c0baf519c1e79,16,nested_heavy_valid,256,255,511,1,2,255,253,508,0.9941291585127201,0.9941291585127201,126,105,126,16386,12692,29078,0.44718185313341025,0,0,0,simplified_jordan_paper_ordinary_list,minimal,checked,1,1,1,18909250,True,,True,True,
week11_pilot_v1,week11_pilot_v1__run003,incremental_valid_n512_002,32,incremental_valid,512,20772725,2b532d16d192eb903acaeb43d109e773b5eb22ffadf51fe2971c0baf519c1e79,16,nested_heavy_valid,256,255,511,1,2,255,253,508,0.9941291585127201,0.9941291585127201,126,105,126,16386,12692,29078,0.44718185313341025,0,0,0,simplified_jordan_reference,minimal,checked,1,1,2,33123917,True,,True,True,
week11_pilot_v1,week11_pilot_v1__run003,incremental_valid_n512_002,32,incremental_valid,512,20772725,2b532d16d192eb903acaeb43d109e773b5eb22ffadf51fe2971c0baf519c1e79,16,nested_heavy_valid,256,255,511,1,2,255,253,508,0.9941291585127201,0.9941291585127201,126,105,126,16386,12692,29078,0.44718185313341025,0,0,0,python_sort,minimal,checked,1,1,3,12250,True,,True,True,
week11_pilot_v1,week11_pilot_v1__run003,incremental_valid_n512_002,32,incremental_valid,512,20772725,2b532d16d192eb903acaeb43d109e773b5eb22ffadf51fe2971c0baf519c1e79,16,nested_heavy_valid,256,255,511,1,2,255,253,508,0.9941291585127201,0.9941291585127201,126,105,126,16386,12692,29078,0.44718185313341025,0,0,0,simplified_jordan_reference,minimal,checked,2,2,1,33074541,True,,True,True,
week11_pilot_v1,week11_pilot_v1__run003,incremental_valid_n512_002,32,incremental_valid,512,20772725,2b532d16d192eb903acaeb43d109e773b5eb22ffadf51fe2971c0baf519c1e79,16,nested_heavy_valid,256,255,511,1,2,255,253,508,0.9941291585127201,0.9941291585127201,126,105,126,16386,12692,29078,0.44718185313341025,0,0,0,python_sort,minimal,checked,2,2,2,10291,True,,True,True,
week11_pilot_v1,week11_pilot_v1__run003,incremental_valid_n512_002,32,incremental_valid,512,20772725,2b532d16d192eb903acaeb43d109e773b5eb22ffadf51fe2971c0baf519c1e79,16,nested_heavy_valid,256,255,511,1,2,255,253,508,0.9941291585127201,0.9941291585127201,126,105,126,16386,12692,29078,0.44718185313341025,0,0,0,simplified_jordan_paper_ordinary_list,minimal,checked,2,2,3,18937791,True,,True,True,
week11_pilot_v1,week11_pilot_v1__run003,incremental_valid_n512_002,32,incremental_valid,512,20772725,2b532d16d192eb903acaeb43d109e773b5eb22ffadf51fe2971c0baf519c1e79,16,nested_heavy_valid,256,255,511,1,2,255,253,508,0.9941291585127201,0.9941291585127201,126,105,126,16386,12692,29078,0.44718185313341025,0,0,0,python_sort,minimal,checked,3,3,1,10334,True,,True,True,
week11_pilot_v1,week11_pilot_v1__run003,incremental_valid_n512_002,32,incremental_valid,512,20772725,2b532d16d192eb903acaeb43d109e773b5eb22ffadf51fe2971c0baf519c1e79,16,nested_heavy_valid,256,255,511,1,2,255,253,508,0.9941291585127201,0.9941291585127201,126,105,126,16386,12692,29078,0.44718185313341025,0,0,0,simplified_jordan_paper_ordinary_list,minimal,checked,3,3,2,19112167,True,,True,True,
week11_pilot_v1,week11_pilot_v1__run003,incremental_valid_n512_002,32,incremental_valid,512,20772725,2b532d16d192eb903acaeb43d109e773b5eb22ffadf51fe2971c0baf519c1e79,16,nested_heavy_valid,256,255,511,1,2,255,253,508,0.9941291585127201,0.9941291585127201,126,105,126,16386,12692,29078,0.44718185313341025,0,0,0,simplified_jordan_reference,minimal,checked,3,3,3,33182041,True,,True,True,
week11_pilot_v1,week11_pilot_v1__run003,incremental_valid_n512_002,32,incremental_valid,512,20772725,2b532d16d192eb903acaeb43d109e773b5eb22ffadf51fe2971c0baf519c1e79,16,nested_heavy_valid,256,255,511,1,2,255,253,508,0.9941291585127201,0.9941291585127201,126,105,126,16386,12692,29078,0.44718185313341025,0,0,0,simplified_jordan_paper_ordinary_list,minimal,checked,4,4,1,18966125,True,,True,True,
week11_pilot_v1,week11_pilot_v1__run003,incremental_valid_n512_002,32,incremental_valid,512,20772725,2b532d16d192eb903acaeb43d109e773b5eb22ffadf51fe2971c0baf519c1e79,16,nested_heavy_valid,256,255,511,1,2,255,253,508,0.9941291585127201,0.9941291585127201,126,105,126,16386,12692,29078,0.44718185313341025,0,0,0,simplified_jordan_reference,minimal,checked,4,4,2,33287209,True,,True,True,
week11_pilot_v1,week11_pilot_v1__run003,incremental_valid_n512_002,32,incremental_valid,512,20772725,2b532d16d192eb903acaeb43d109e773b5eb22ffadf51fe2971c0baf519c1e79,16,nested_heavy_valid,256,255,511,1,2,255,253,508,0.9941291585127201,0.9941291585127201,126,105,126,16386,12692,29078,0.44718185313341025,0,0,0,python_sort,minimal,checked,4,4,3,10333,True,,True,True,
week11_pilot_v1,week11_pilot_v1__run003,incremental_valid_n512_002,32,incremental_valid,512,20772725,2b532d16d192eb903acaeb43d109e773b5eb22ffadf51fe2971c0baf519c1e79,16,nested_heavy_valid,256,255,511,1,2,255,253,508,0.9941291585127201,0.9941291585127201,126,105,126,16386,12692,29078,0.44718185313341025,0,0,0,simplified_jordan_reference,minimal,checked,5,5,1,33194167,True,,True,True,
week11_pilot_v1,week11_pilot_v1__run003,incremental_valid_n512_002,32,incremental_valid,512,20772725,2b532d16d192eb903acaeb43d109e773b5eb22ffadf51fe2971c0baf519c1e79,16,nested_heavy_valid,256,255,511,1,2,255,253,508,0.9941291585127201,0.9941291585127201,126,105,126,16386,12692,29078,0.44718185313341025,0,0,0,python_sort,minimal,checked,5,5,2,10250,True,,True,True,
week11_pilot_v1,week11_pilot_v1__run003,incremental_valid_n512_002,32,incremental_valid,512,20772725,2b532d16d192eb903acaeb43d109e773b5eb22ffadf51fe2971c0baf519c1e79,16,nested_heavy_valid,256,255,511,1,2,255,253,508,0.9941291585127201,0.9941291585127201,126,105,126,16386,12692,29078,0.44718185313341025,0,0,0,simplified_jordan_paper_ordinary_list,minimal,checked,5,5,3,18801166,True,,True,True,
week11_pilot_v1,week11_pilot_v1__run003,incremental_valid_n512_002,32,incremental_valid,512,20772725,2b532d16d192eb903acaeb43d109e773b5eb22ffadf51fe2971c0baf519c1e79,16,nested_heavy_valid,256,255,511,1,2,255,253,508,0.9941291585127201,0.9941291585127201,126,105,126,16386,12692,29078,0.44718185313341025,0,0,0,python_sort,minimal,checked,6,6,1,11333,True,,True,True,
week11_pilot_v1,week11_pilot_v1__run003,incremental_valid_n512_002,32,incremental_valid,512,20772725,2b532d16d192eb903acaeb43d109e773b5eb22ffadf51fe2971c0baf519c1e79,16,nested_heavy_valid,256,255,511,1,2,255,253,508,0.9941291585127201,0.9941291585127201,126,105,126,16386,12692,29078,0.44718185313341025,0,0,0,simplified_jordan_paper_ordinary_list,minimal,checked,6,6,2,19103250,True,,True,True,
week11_pilot_v1,week11_pilot_v1__run003,incremental_valid_n512_002,32,incremental_valid,512,20772725,2b532d16d192eb903acaeb43d109e773b5eb22ffadf51fe2971c0baf519c1e79,16,nested_heavy_valid,256,255,511,1,2,255,253,508,0.9941291585127201,0.9941291585127201,126,105,126,16386,12692,29078,0.44718185313341025,0,0,0,simplified_jordan_reference,minimal,checked,6,6,3,33064166,True,,True,True,
week11_pilot_v1,week11_pilot_v1__run003,incremental_valid_n512_002,32,incremental_valid,512,20772725,2b532d16d192eb903acaeb43d109e773b5eb22ffadf51fe2971c0baf519c1e79,16,nested_heavy_valid,256,255,511,1,2,255,253,508,0.9941291585127201,0.9941291585127201,126,105,126,16386,12692,29078,0.44718185313341025,0,0,0,simplified_jordan_paper_ordinary_list,minimal,checked,7,7,1,18935541,True,,True,True,
week11_pilot_v1,week11_pilot_v1__run003,incremental_valid_n512_002,32,incremental_valid,512,20772725,2b532d16d192eb903acaeb43d109e773b5eb22ffadf51fe2971c0baf519c1e79,16,nested_heavy_valid,256,255,511,1,2,255,253,508,0.9941291585127201,0.9941291585127201,126,105,126,16386,12692,29078,0.44718185313341025,0,0,0,simplified_jordan_reference,minimal,checked,7,7,2,33168750,True,,True,True,
week11_pilot_v1,week11_pilot_v1__run003,incremental_valid_n512_002,32,incremental_valid,512,20772725,2b532d16d192eb903acaeb43d109e773b5eb22ffadf51fe2971c0baf519c1e79,16,nested_heavy_valid,256,255,511,1,2,255,253,508,0.9941291585127201,0.9941291585127201,126,105,126,16386,12692,29078,0.44718185313341025,0,0,0,python_sort,minimal,checked,7,7,3,10625,True,,True,True,
week11_pilot_v1,week11_pilot_v1__run003,incremental_valid_n512_002,32,incremental_valid,512,20772725,2b532d16d192eb903acaeb43d109e773b5eb22ffadf51fe2971c0baf519c1e79,16,nested_heavy_valid,256,255,511,1,2,255,253,508,0.9941291585127201,0.9941291585127201,126,105,126,16386,12692,29078,0.44718185313341025,0,0,0,simplified_jordan_reference,minimal,checked,8,8,1,33110583,True,,True,True,
week11_pilot_v1,week11_pilot_v1__run003,incremental_valid_n512_002,32,incremental_valid,512,20772725,2b532d16d192eb903acaeb43d109e773b5eb22ffadf51fe2971c0baf519c1e79,16,nested_heavy_valid,256,255,511,1,2,255,253,508,0.9941291585127201,0.9941291585127201,126,105,126,16386,12692,29078,0.44718185313341025,0,0,0,python_sort,minimal,checked,8,8,2,10416,True,,True,True,
week11_pilot_v1,week11_pilot_v1__run003,incremental_valid_n512_002,32,incremental_valid,512,20772725,2b532d16d192eb903acaeb43d109e773b5eb22ffadf51fe2971c0baf519c1e79,16,nested_heavy_valid,256,255,511,1,2,255,253,508,0.9941291585127201,0.9941291585127201,126,105,126,16386,12692,29078,0.44718185313341025,0,0,0,simplified_jordan_paper_ordinary_list,minimal,checked,8,8,3,18984041,True,,True,True,
week11_pilot_v1,week11_pilot_v1__run003,incremental_valid_n512_002,32,incremental_valid,512,20772725,2b532d16d192eb903acaeb43d109e773b5eb22ffadf51fe2971c0baf519c1e79,16,nested_heavy_valid,256,255,511,1,2,255,253,508,0.9941291585127201,0.9941291585127201,126,105,126,16386,12692,29078,0.44718185313341025,0,0,0,python_sort,minimal,checked,9,9,1,10500,True,,True,True,
week11_pilot_v1,week11_pilot_v1__run003,incremental_valid_n512_002,32,incremental_valid,512,20772725,2b532d16d192eb903acaeb43d109e773b5eb22ffadf51fe2971c0baf519c1e79,16,nested_heavy_valid,256,255,511,1,2,255,253,508,0.9941291585127201,0.9941291585127201,126,105,126,16386,12692,29078,0.44718185313341025,0,0,0,simplified_jordan_paper_ordinary_list,minimal,checked,9,9,2,18902291,True,,True,True,
week11_pilot_v1,week11_pilot_v1__run003,incremental_valid_n512_002,32,incremental_valid,512,20772725,2b532d16d192eb903acaeb43d109e773b5eb22ffadf51fe2971c0baf519c1e79,16,nested_heavy_valid,256,255,511,1,2,255,253,508,0.9941291585127201,0.9941291585127201,126,105,126,16386,12692,29078,0.44718185313341025,0,0,0,simplified_jordan_reference,minimal,checked,9,9,3,33069291,True,,True,True,
week11_pilot_v1,week11_pilot_v1__run003,incremental_valid_n512_002,32,incremental_valid,512,20772725,2b532d16d192eb903acaeb43d109e773b5eb22ffadf51fe2971c0baf519c1e79,16,nested_heavy_valid,256,255,511,1,2,255,253,508,0.9941291585127201,0.9941291585127201,126,105,126,16386,12692,29078,0.44718185313341025,0,0,0,simplified_jordan_paper_ordinary_list,minimal,checked,10,10,1,18919250,True,,True,True,
week11_pilot_v1,week11_pilot_v1__run003,incremental_valid_n512_002,32,incremental_valid,512,20772725,2b532d16d192eb903acaeb43d109e773b5eb22ffadf51fe2971c0baf519c1e79,16,nested_heavy_valid,256,255,511,1,2,255,253,508,0.9941291585127201,0.9941291585127201,126,105,126,16386,12692,29078,0.44718185313341025,0,0,0,simplified_jordan_reference,minimal,checked,10,10,2,33081084,True,,True,True,
week11_pilot_v1,week11_pilot_v1__run003,incremental_valid_n512_002,32,incremental_valid,512,20772725,2b532d16d192eb903acaeb43d109e773b5eb22ffadf51fe2971c0baf519c1e79,16,nested_heavy_valid,256,255,511,1,2,255,253,508,0.9941291585127201,0.9941291585127201,126,105,126,16386,12692,29078,0.44718185313341025,0,0,0,python_sort,minimal,checked,10,10,3,15375,True,,True,True,
week11_pilot_v1,week11_pilot_v1__run003,incremental_valid_n256_003,28,incremental_valid,256,20516726,2829be0a8a1e021270fa18c96086d34e6c35c4a03df6f241f5e1aee6c483d1a5,17,nested_heavy_valid,128,127,255,4,1,124,126,250,0.9803921568627451,0.9803921568627451,50,56,56,3189,3603,6792,0.4211048422096844,0,0,0,simplified_jordan_paper_ordinary_list,minimal,checked,1,1,1,6757208,True,,True,True,
week11_pilot_v1,week11_pilot_v1__run003,incremental_valid_n256_003,28,incremental_valid,256,20516726,2829be0a8a1e021270fa18c96086d34e6c35c4a03df6f241f5e1aee6c483d1a5,17,nested_heavy_valid,128,127,255,4,1,124,126,250,0.9803921568627451,0.9803921568627451,50,56,56,3189,3603,6792,0.4211048422096844,0,0,0,python_sort,minimal,checked,1,1,2,8000,True,,True,True,
week11_pilot_v1,week11_pilot_v1__run003,incremental_valid_n256_003,28,incremental_valid,256,20516726,2829be0a8a1e021270fa18c96086d34e6c35c4a03df6f241f5e1aee6c483d1a5,17,nested_heavy_valid,128,127,255,4,1,124,126,250,0.9803921568627451,0.9803921568627451,50,56,56,3189,3603,6792,0.4211048422096844,0,0,0,simplified_jordan_reference,minimal,checked,1,1,3,7991375,True,,True,True,
week11_pilot_v1,week11_pilot_v1__run003,incremental_valid_n256_003,28,incremental_valid,256,20516726,2829be0a8a1e021270fa18c96086d34e6c35c4a03df6f241f5e1aee6c483d1a5,17,nested_heavy_valid,128,127,255,4,1,124,126,250,0.9803921568627451,0.9803921568627451,50,56,56,3189,3603,6792,0.4211048422096844,0,0,0,python_sort,minimal,checked,2,2,1,5166,True,,True,True,
week11_pilot_v1,week11_pilot_v1__run003,incremental_valid_n256_003,28,incremental_valid,256,20516726,2829be0a8a1e021270fa18c96086d34e6c35c4a03df6f241f5e1aee6c483d1a5,17,nested_heavy_valid,128,127,255,4,1,124,126,250,0.9803921568627451,0.9803921568627451,50,56,56,3189,3603,6792,0.4211048422096844,0,0,0,simplified_jordan_reference,minimal,checked,2,2,2,7974375,True,,True,True,
week11_pilot_v1,week11_pilot_v1__run003,incremental_valid_n256_003,28,incremental_valid,256,20516726,2829be0a8a1e021270fa18c96086d34e6c35c4a03df6f241f5e1aee6c483d1a5,17,nested_heavy_valid,128,127,255,4,1,124,126,250,0.9803921568627451,0.9803921568627451,50,56,56,3189,3603,6792,0.4211048422096844,0,0,0,simplified_jordan_paper_ordinary_list,minimal,checked,2,2,3,6688000,True,,True,True,
week11_pilot_v1,week11_pilot_v1__run003,incremental_valid_n256_003,28,incremental_valid,256,20516726,2829be0a8a1e021270fa18c96086d34e6c35c4a03df6f241f5e1aee6c483d1a5,17,nested_heavy_valid,128,127,255,4,1,124,126,250,0.9803921568627451,0.9803921568627451,50,56,56,3189,3603,6792,0.4211048422096844,0,0,0,simplified_jordan_reference,minimal,checked,3,3,1,7944500,True,,True,True,
week11_pilot_v1,week11_pilot_v1__run003,incremental_valid_n256_003,28,incremental_valid,256,20516726,2829be0a8a1e021270fa18c96086d34e6c35c4a03df6f241f5e1aee6c483d1a5,17,nested_heavy_valid,128,127,255,4,1,124,126,250,0.9803921568627451,0.9803921568627451,50,56,56,3189,3603,6792,0.4211048422096844,0,0,0,simplified_jordan_paper_ordinary_list,minimal,checked,3,3,2,6684791,True,,True,True,
week11_pilot_v1,week11_pilot_v1__run003,incremental_valid_n256_003,28,incremental_valid,256,20516726,2829be0a8a1e021270fa18c96086d34e6c35c4a03df6f241f5e1aee6c483d1a5,17,nested_heavy_valid,128,127,255,4,1,124,126,250,0.9803921568627451,0.9803921568627451,50,56,56,3189,3603,6792,0.4211048422096844,0,0,0,python_sort,minimal,checked,3,3,3,5209,True,,True,True,
week11_pilot_v1,week11_pilot_v1__run003,incremental_valid_n256_003,28,incremental_valid,256,20516726,2829be0a8a1e021270fa18c96086d34e6c35c4a03df6f241f5e1aee6c483d1a5,17,nested_heavy_valid,128,127,255,4,1,124,126,250,0.9803921568627451,0.9803921568627451,50,56,56,3189,3603,6792,0.4211048422096844,0,0,0,simplified_jordan_paper_ordinary_list,minimal,checked,4,4,1,6715084,True,,True,True,
week11_pilot_v1,week11_pilot_v1__run003,incremental_valid_n256_003,28,incremental_valid,256,20516726,2829be0a8a1e021270fa18c96086d34e6c35c4a03df6f241f5e1aee6c483d1a5,17,nested_heavy_valid,128,127,255,4,1,124,126,250,0.9803921568627451,0.9803921568627451,50,56,56,3189,3603,6792,0.4211048422096844,0,0,0,python_sort,minimal,checked,4,4,2,5000,True,,True,True,
week11_pilot_v1,week11_pilot_v1__run003,incremental_valid_n256_003,28,incremental_valid,256,20516726,2829be0a8a1e021270fa18c96086d34e6c35c4a03df6f241f5e1aee6c483d1a5,17,nested_heavy_valid,128,127,255,4,1,124,126,250,0.9803921568627451,0.9803921568627451,50,56,56,3189,3603,6792,0.4211048422096844,0,0,0,simplified_jordan_reference,minimal,checked,4,4,3,7934292,True,,True,True,
week11_pilot_v1,week11_pilot_v1__run003,incremental_valid_n256_003,28,incremental_valid,256,20516726,2829be0a8a1e021270fa18c96086d34e6c35c4a03df6f241f5e1aee6c483d1a5,17,nested_heavy_valid,128,127,255,4,1,124,126,250,0.9803921568627451,0.9803921568627451,50,56,56,3189,3603,6792,0.4211048422096844,0,0,0,python_sort,minimal,checked,5,5,1,5167,True,,True,True,
week11_pilot_v1,week11_pilot_v1__run003,incremental_valid_n256_003,28,incremental_valid,256,20516726,2829be0a8a1e021270fa18c96086d34e6c35c4a03df6f241f5e1aee6c483d1a5,17,nested_heavy_valid,128,127,255,4,1,124,126,250,0.9803921568627451,0.9803921568627451,50,56,56,3189,3603,6792,0.4211048422096844,0,0,0,simplified_jordan_reference,minimal,checked,5,5,2,7987959,True,,True,True,
week11_pilot_v1,week11_pilot_v1__run003,incremental_valid_n256_003,28,incremental_valid,256,20516726,2829be0a8a1e021270fa18c96086d34e6c35c4a03df6f241f5e1aee6c483d1a5,17,nested_heavy_valid,128,127,255,4,1,124,126,250,0.9803921568627451,0.9803921568627451,50,56,56,3189,3603,6792,0.4211048422096844,0,0,0,simplified_jordan_paper_ordinary_list,minimal,checked,5,5,3,6646334,True,,True,True,
week11_pilot_v1,week11_pilot_v1__run003,incremental_valid_n256_003,28,incremental_valid,256,20516726,2829be0a8a1e021270fa18c96086d34e6c35c4a03df6f241f5e1aee6c483d1a5,17,nested_heavy_valid,128,127,255,4,1,124,126,250,0.9803921568627451,0.9803921568627451,50,56,56,3189,3603,6792,0.4211048422096844,0,0,0,simplified_jordan_reference,minimal,checked,6,6,1,7978667,True,,True,True,
week11_pilot_v1,week11_pilot_v1__run003,incremental_valid_n256_003,28,incremental_valid,256,20516726,2829be0a8a1e021270fa18c96086d34e6c35c4a03df6f241f5e1aee6c483d1a5,17,nested_heavy_valid,128,127,255,4,1,124,126,250,0.9803921568627451,0.9803921568627451,50,56,56,3189,3603,6792,0.4211048422096844,0,0,0,simplified_jordan_paper_ordinary_list,minimal,checked,6,6,2,6615625,True,,True,True,
week11_pilot_v1,week11_pilot_v1__run003,incremental_valid_n256_003,28,incremental_valid,256,20516726,2829be0a8a1e021270fa18c96086d34e6c35c4a03df6f241f5e1aee6c483d1a5,17,nested_heavy_valid,128,127,255,4,1,124,126,250,0.9803921568627451,0.9803921568627451,50,56,56,3189,3603,6792,0.4211048422096844,0,0,0,python_sort,minimal,checked,6,6,3,5291,True,,True,True,
week11_pilot_v1,week11_pilot_v1__run003,incremental_valid_n256_003,28,incremental_valid,256,20516726,2829be0a8a1e021270fa18c96086d34e6c35c4a03df6f241f5e1aee6c483d1a5,17,nested_heavy_valid,128,127,255,4,1,124,126,250,0.9803921568627451,0.9803921568627451,50,56,56,3189,3603,6792,0.4211048422096844,0,0,0,simplified_jordan_paper_ordinary_list,minimal,checked,7,7,1,6574416,True,,True,True,
week11_pilot_v1,week11_pilot_v1__run003,incremental_valid_n256_003,28,incremental_valid,256,20516726,2829be0a8a1e021270fa18c96086d34e6c35c4a03df6f241f5e1aee6c483d1a5,17,nested_heavy_valid,128,127,255,4,1,124,126,250,0.9803921568627451,0.9803921568627451,50,56,56,3189,3603,6792,0.4211048422096844,0,0,0,python_sort,minimal,checked,7,7,2,5208,True,,True,True,
week11_pilot_v1,week11_pilot_v1__run003,incremental_valid_n256_003,28,incremental_valid,256,20516726,2829be0a8a1e021270fa18c96086d34e6c35c4a03df6f241f5e1aee6c483d1a5,17,nested_heavy_valid,128,127,255,4,1,124,126,250,0.9803921568627451,0.9803921568627451,50,56,56,3189,3603,6792,0.4211048422096844,0,0,0,simplified_jordan_reference,minimal,checked,7,7,3,7956209,True,,True,True,
week11_pilot_v1,week11_pilot_v1__run003,incremental_valid_n256_003,28,incremental_valid,256,20516726,2829be0a8a1e021270fa18c96086d34e6c35c4a03df6f241f5e1aee6c483d1a5,17,nested_heavy_valid,128,127,255,4,1,124,126,250,0.9803921568627451,0.9803921568627451,50,56,56,3189,3603,6792,0.4211048422096844,0,0,0,python_sort,minimal,checked,8,8,1,5167,True,,True,True,
week11_pilot_v1,week11_pilot_v1__run003,incremental_valid_n256_003,28,incremental_valid,256,20516726,2829be0a8a1e021270fa18c96086d34e6c35c4a03df6f241f5e1aee6c483d1a5,17,nested_heavy_valid,128,127,255,4,1,124,126,250,0.9803921568627451,0.9803921568627451,50,56,56,3189,3603,6792,0.4211048422096844,0,0,0,simplified_jordan_reference,minimal,checked,8,8,2,7918000,True,,True,True,
week11_pilot_v1,week11_pilot_v1__run003,incremental_valid_n256_003,28,incremental_valid,256,20516726,2829be0a8a1e021270fa18c96086d34e6c35c4a03df6f241f5e1aee6c483d1a5,17,nested_heavy_valid,128,127,255,4,1,124,126,250,0.9803921568627451,0.9803921568627451,50,56,56,3189,3603,6792,0.4211048422096844,0,0,0,simplified_jordan_paper_ordinary_list,minimal,checked,8,8,3,6728292,True,,True,True,
week11_pilot_v1,week11_pilot_v1__run003,incremental_valid_n256_003,28,incremental_valid,256,20516726,2829be0a8a1e021270fa18c96086d34e6c35c4a03df6f241f5e1aee6c483d1a5,17,nested_heavy_valid,128,127,255,4,1,124,126,250,0.9803921568627451,0.9803921568627451,50,56,56,3189,3603,6792,0.4211048422096844,0,0,0,simplified_jordan_reference,minimal,checked,9,9,1,7907959,True,,True,True,
week11_pilot_v1,week11_pilot_v1__run003,incremental_valid_n256_003,28,incremental_valid,256,20516726,2829be0a8a1e021270fa18c96086d34e6c35c4a03df6f241f5e1aee6c483d1a5,17,nested_heavy_valid,128,127,255,4,1,124,126,250,0.9803921568627451,0.9803921568627451,50,56,56,3189,3603,6792,0.4211048422096844,0,0,0,simplified_jordan_paper_ordinary_list,minimal,checked,9,9,2,6713375,True,,True,True,
week11_pilot_v1,week11_pilot_v1__run003,incremental_valid_n256_003,28,incremental_valid,256,20516726,2829be0a8a1e021270fa18c96086d34e6c35c4a03df6f241f5e1aee6c483d1a5,17,nested_heavy_valid,128,127,255,4,1,124,126,250,0.9803921568627451,0.9803921568627451,50,56,56,3189,3603,6792,0.4211048422096844,0,0,0,python_sort,minimal,checked,9,9,3,5209,True,,True,True,
week11_pilot_v1,week11_pilot_v1__run003,incremental_valid_n256_003,28,incremental_valid,256,20516726,2829be0a8a1e021270fa18c96086d34e6c35c4a03df6f241f5e1aee6c483d1a5,17,nested_heavy_valid,128,127,255,4,1,124,126,250,0.9803921568627451,0.9803921568627451,50,56,56,3189,3603,6792,0.4211048422096844,0,0,0,simplified_jordan_paper_ordinary_list,minimal,checked,10,10,1,6577750,True,,True,True,
week11_pilot_v1,week11_pilot_v1__run003,incremental_valid_n256_003,28,incremental_valid,256,20516726,2829be0a8a1e021270fa18c96086d34e6c35c4a03df6f241f5e1aee6c483d1a5,17,nested_heavy_valid,128,127,255,4,1,124,126,250,0.9803921568627451,0.9803921568627451,50,56,56,3189,3603,6792,0.4211048422096844,0,0,0,python_sort,minimal,checked,10,10,2,5125,True,,True,True,
week11_pilot_v1,week11_pilot_v1__run003,incremental_valid_n256_003,28,incremental_valid,256,20516726,2829be0a8a1e021270fa18c96086d34e6c35c4a03df6f241f5e1aee6c483d1a5,17,nested_heavy_valid,128,127,255,4,1,124,126,250,0.9803921568627451,0.9803921568627451,50,56,56,3189,3603,6792,0.4211048422096844,0,0,0,simplified_jordan_reference,minimal,checked,10,10,3,7965875,True,,True,True,
week11_pilot_v1,week11_pilot_v1__run003,nested_valid_n512_001,10,nested_valid,512,,35a4a942a09ff9692b8263b4cc8b108234482ec6116ddf1910887d380e54fc52,18,nested_heavy_valid,256,255,511,1,1,255,254,509,0.9960861056751468,0.9960861056751468,255,254,255,32640,32385,65025,1.0,0,0,0,python_sort,minimal,checked,1,1,1,11333,True,,True,True,
week11_pilot_v1,week11_pilot_v1__run003,nested_valid_n512_001,10,nested_valid,512,,35a4a942a09ff9692b8263b4cc8b108234482ec6116ddf1910887d380e54fc52,18,nested_heavy_valid,256,255,511,1,1,255,254,509,0.9960861056751468,0.9960861056751468,255,254,255,32640,32385,65025,1.0,0,0,0,simplified_jordan_reference,minimal,checked,1,1,2,34524000,True,,True,True,
week11_pilot_v1,week11_pilot_v1__run003,nested_valid_n512_001,10,nested_valid,512,,35a4a942a09ff9692b8263b4cc8b108234482ec6116ddf1910887d380e54fc52,18,nested_heavy_valid,256,255,511,1,1,255,254,509,0.9960861056751468,0.9960861056751468,255,254,255,32640,32385,65025,1.0,0,0,0,simplified_jordan_paper_ordinary_list,minimal,checked,1,1,3,17715291,True,,True,True,
week11_pilot_v1,week11_pilot_v1__run003,nested_valid_n512_001,10,nested_valid,512,,35a4a942a09ff9692b8263b4cc8b108234482ec6116ddf1910887d380e54fc52,18,nested_heavy_valid,256,255,511,1,1,255,254,509,0.9960861056751468,0.9960861056751468,255,254,255,32640,32385,65025,1.0,0,0,0,simplified_jordan_reference,minimal,checked,2,2,1,34585500,True,,True,True,
week11_pilot_v1,week11_pilot_v1__run003,nested_valid_n512_001,10,nested_valid,512,,35a4a942a09ff9692b8263b4cc8b108234482ec6116ddf1910887d380e54fc52,18,nested_heavy_valid,256,255,511,1,1,255,254,509,0.9960861056751468,0.9960861056751468,255,254,255,32640,32385,65025,1.0,0,0,0,simplified_jordan_paper_ordinary_list,minimal,checked,2,2,2,17774375,True,,True,True,
week11_pilot_v1,week11_pilot_v1__run003,nested_valid_n512_001,10,nested_valid,512,,35a4a942a09ff9692b8263b4cc8b108234482ec6116ddf1910887d380e54fc52,18,nested_heavy_valid,256,255,511,1,1,255,254,509,0.9960861056751468,0.9960861056751468,255,254,255,32640,32385,65025,1.0,0,0,0,python_sort,minimal,checked,2,2,3,10417,True,,True,True,
week11_pilot_v1,week11_pilot_v1__run003,nested_valid_n512_001,10,nested_valid,512,,35a4a942a09ff9692b8263b4cc8b108234482ec6116ddf1910887d380e54fc52,18,nested_heavy_valid,256,255,511,1,1,255,254,509,0.9960861056751468,0.9960861056751468,255,254,255,32640,32385,65025,1.0,0,0,0,simplified_jordan_paper_ordinary_list,minimal,checked,3,3,1,18061375,True,,True,True,
week11_pilot_v1,week11_pilot_v1__run003,nested_valid_n512_001,10,nested_valid,512,,35a4a942a09ff9692b8263b4cc8b108234482ec6116ddf1910887d380e54fc52,18,nested_heavy_valid,256,255,511,1,1,255,254,509,0.9960861056751468,0.9960861056751468,255,254,255,32640,32385,65025,1.0,0,0,0,python_sort,minimal,checked,3,3,2,10959,True,,True,True,
week11_pilot_v1,week11_pilot_v1__run003,nested_valid_n512_001,10,nested_valid,512,,35a4a942a09ff9692b8263b4cc8b108234482ec6116ddf1910887d380e54fc52,18,nested_heavy_valid,256,255,511,1,1,255,254,509,0.9960861056751468,0.9960861056751468,255,254,255,32640,32385,65025,1.0,0,0,0,simplified_jordan_reference,minimal,checked,3,3,3,34318417,True,,True,True,
week11_pilot_v1,week11_pilot_v1__run003,nested_valid_n512_001,10,nested_valid,512,,35a4a942a09ff9692b8263b4cc8b108234482ec6116ddf1910887d380e54fc52,18,nested_heavy_valid,256,255,511,1,1,255,254,509,0.9960861056751468,0.9960861056751468,255,254,255,32640,32385,65025,1.0,0,0,0,python_sort,minimal,checked,4,4,1,10583,True,,True,True,
week11_pilot_v1,week11_pilot_v1__run003,nested_valid_n512_001,10,nested_valid,512,,35a4a942a09ff9692b8263b4cc8b108234482ec6116ddf1910887d380e54fc52,18,nested_heavy_valid,256,255,511,1,1,255,254,509,0.9960861056751468,0.9960861056751468,255,254,255,32640,32385,65025,1.0,0,0,0,simplified_jordan_reference,minimal,checked,4,4,2,34397125,True,,True,True,
week11_pilot_v1,week11_pilot_v1__run003,nested_valid_n512_001,10,nested_valid,512,,35a4a942a09ff9692b8263b4cc8b108234482ec6116ddf1910887d380e54fc52,18,nested_heavy_valid,256,255,511,1,1,255,254,509,0.9960861056751468,0.9960861056751468,255,254,255,32640,32385,65025,1.0,0,0,0,simplified_jordan_paper_ordinary_list,minimal,checked,4,4,3,17779875,True,,True,True,
week11_pilot_v1,week11_pilot_v1__run003,nested_valid_n512_001,10,nested_valid,512,,35a4a942a09ff9692b8263b4cc8b108234482ec6116ddf1910887d380e54fc52,18,nested_heavy_valid,256,255,511,1,1,255,254,509,0.9960861056751468,0.9960861056751468,255,254,255,32640,32385,65025,1.0,0,0,0,simplified_jordan_reference,minimal,checked,5,5,1,34452166,True,,True,True,
week11_pilot_v1,week11_pilot_v1__run003,nested_valid_n512_001,10,nested_valid,512,,35a4a942a09ff9692b8263b4cc8b108234482ec6116ddf1910887d380e54fc52,18,nested_heavy_valid,256,255,511,1,1,255,254,509,0.9960861056751468,0.9960861056751468,255,254,255,32640,32385,65025,1.0,0,0,0,simplified_jordan_paper_ordinary_list,minimal,checked,5,5,2,17798167,True,,True,True,
week11_pilot_v1,week11_pilot_v1__run003,nested_valid_n512_001,10,nested_valid,512,,35a4a942a09ff9692b8263b4cc8b108234482ec6116ddf1910887d380e54fc52,18,nested_heavy_valid,256,255,511,1,1,255,254,509,0.9960861056751468,0.9960861056751468,255,254,255,32640,32385,65025,1.0,0,0,0,python_sort,minimal,checked,5,5,3,10875,True,,True,True,
week11_pilot_v1,week11_pilot_v1__run003,nested_valid_n512_001,10,nested_valid,512,,35a4a942a09ff9692b8263b4cc8b108234482ec6116ddf1910887d380e54fc52,18,nested_heavy_valid,256,255,511,1,1,255,254,509,0.9960861056751468,0.9960861056751468,255,254,255,32640,32385,65025,1.0,0,0,0,simplified_jordan_paper_ordinary_list,minimal,checked,6,6,1,18087959,True,,True,True,
week11_pilot_v1,week11_pilot_v1__run003,nested_valid_n512_001,10,nested_valid,512,,35a4a942a09ff9692b8263b4cc8b108234482ec6116ddf1910887d380e54fc52,18,nested_heavy_valid,256,255,511,1,1,255,254,509,0.9960861056751468,0.9960861056751468,255,254,255,32640,32385,65025,1.0,0,0,0,python_sort,minimal,checked,6,6,2,10250,True,,True,True,
week11_pilot_v1,week11_pilot_v1__run003,nested_valid_n512_001,10,nested_valid,512,,35a4a942a09ff9692b8263b4cc8b108234482ec6116ddf1910887d380e54fc52,18,nested_heavy_valid,256,255,511,1,1,255,254,509,0.9960861056751468,0.9960861056751468,255,254,255,32640,32385,65025,1.0,0,0,0,simplified_jordan_reference,minimal,checked,6,6,3,34396916,True,,True,True,
week11_pilot_v1,week11_pilot_v1__run003,nested_valid_n512_001,10,nested_valid,512,,35a4a942a09ff9692b8263b4cc8b108234482ec6116ddf1910887d380e54fc52,18,nested_heavy_valid,256,255,511,1,1,255,254,509,0.9960861056751468,0.9960861056751468,255,254,255,32640,32385,65025,1.0,0,0,0,python_sort,minimal,checked,7,7,1,10584,True,,True,True,
week11_pilot_v1,week11_pilot_v1__run003,nested_valid_n512_001,10,nested_valid,512,,35a4a942a09ff9692b8263b4cc8b108234482ec6116ddf1910887d380e54fc52,18,nested_heavy_valid,256,255,511,1,1,255,254,509,0.9960861056751468,0.9960861056751468,255,254,255,32640,32385,65025,1.0,0,0,0,simplified_jordan_reference,minimal,checked,7,7,2,34346666,True,,True,True,
week11_pilot_v1,week11_pilot_v1__run003,nested_valid_n512_001,10,nested_valid,512,,35a4a942a09ff9692b8263b4cc8b108234482ec6116ddf1910887d380e54fc52,18,nested_heavy_valid,256,255,511,1,1,255,254,509,0.9960861056751468,0.9960861056751468,255,254,255,32640,32385,65025,1.0,0,0,0,simplified_jordan_paper_ordinary_list,minimal,checked,7,7,3,17975625,True,,True,True,
week11_pilot_v1,week11_pilot_v1__run003,nested_valid_n512_001,10,nested_valid,512,,35a4a942a09ff9692b8263b4cc8b108234482ec6116ddf1910887d380e54fc52,18,nested_heavy_valid,256,255,511,1,1,255,254,509,0.9960861056751468,0.9960861056751468,255,254,255,32640,32385,65025,1.0,0,0,0,simplified_jordan_reference,minimal,checked,8,8,1,34334042,True,,True,True,
week11_pilot_v1,week11_pilot_v1__run003,nested_valid_n512_001,10,nested_valid,512,,35a4a942a09ff9692b8263b4cc8b108234482ec6116ddf1910887d380e54fc52,18,nested_heavy_valid,256,255,511,1,1,255,254,509,0.9960861056751468,0.9960861056751468,255,254,255,32640,32385,65025,1.0,0,0,0,simplified_jordan_paper_ordinary_list,minimal,checked,8,8,2,18061291,True,,True,True,
week11_pilot_v1,week11_pilot_v1__run003,nested_valid_n512_001,10,nested_valid,512,,35a4a942a09ff9692b8263b4cc8b108234482ec6116ddf1910887d380e54fc52,18,nested_heavy_valid,256,255,511,1,1,255,254,509,0.9960861056751468,0.9960861056751468,255,254,255,32640,32385,65025,1.0,0,0,0,python_sort,minimal,checked,8,8,3,12000,True,,True,True,
week11_pilot_v1,week11_pilot_v1__run003,nested_valid_n512_001,10,nested_valid,512,,35a4a942a09ff9692b8263b4cc8b108234482ec6116ddf1910887d380e54fc52,18,nested_heavy_valid,256,255,511,1,1,255,254,509,0.9960861056751468,0.9960861056751468,255,254,255,32640,32385,65025,1.0,0,0,0,simplified_jordan_paper_ordinary_list,minimal,checked,9,9,1,18183125,True,,True,True,
week11_pilot_v1,week11_pilot_v1__run003,nested_valid_n512_001,10,nested_valid,512,,35a4a942a09ff9692b8263b4cc8b108234482ec6116ddf1910887d380e54fc52,18,nested_heavy_valid,256,255,511,1,1,255,254,509,0.9960861056751468,0.9960861056751468,255,254,255,32640,32385,65025,1.0,0,0,0,python_sort,minimal,checked,9,9,2,9334,True,,True,True,
week11_pilot_v1,week11_pilot_v1__run003,nested_valid_n512_001,10,nested_valid,512,,35a4a942a09ff9692b8263b4cc8b108234482ec6116ddf1910887d380e54fc52,18,nested_heavy_valid,256,255,511,1,1,255,254,509,0.9960861056751468,0.9960861056751468,255,254,255,32640,32385,65025,1.0,0,0,0,simplified_jordan_reference,minimal,checked,9,9,3,34502459,True,,True,True,
week11_pilot_v1,week11_pilot_v1__run003,nested_valid_n512_001,10,nested_valid,512,,35a4a942a09ff9692b8263b4cc8b108234482ec6116ddf1910887d380e54fc52,18,nested_heavy_valid,256,255,511,1,1,255,254,509,0.9960861056751468,0.9960861056751468,255,254,255,32640,32385,65025,1.0,0,0,0,python_sort,minimal,checked,10,10,1,8916,True,,True,True,
week11_pilot_v1,week11_pilot_v1__run003,nested_valid_n512_001,10,nested_valid,512,,35a4a942a09ff9692b8263b4cc8b108234482ec6116ddf1910887d380e54fc52,18,nested_heavy_valid,256,255,511,1,1,255,254,509,0.9960861056751468,0.9960861056751468,255,254,255,32640,32385,65025,1.0,0,0,0,simplified_jordan_reference,minimal,checked,10,10,2,34492292,True,,True,True,
week11_pilot_v1,week11_pilot_v1__run003,nested_valid_n512_001,10,nested_valid,512,,35a4a942a09ff9692b8263b4cc8b108234482ec6116ddf1910887d380e54fc52,18,nested_heavy_valid,256,255,511,1,1,255,254,509,0.9960861056751468,0.9960861056751468,255,254,255,32640,32385,65025,1.0,0,0,0,simplified_jordan_paper_ordinary_list,minimal,checked,10,10,3,17809917,True,,True,True,
week11_pilot_v1,week11_pilot_v1__run003,incremental_valid_n128_005,25,incremental_valid,128,20388728,194d848c1820a5d7211d44cb23e958be37b3097ce3be239858940600e3d0fca0,19,nested_heavy_valid,64,63,127,2,4,62,59,121,0.952755905511811,0.952755905511811,26,23,26,662,735,1397,0.35197782816830436,0,0,0,simplified_jordan_paper_ordinary_list,minimal,checked,1,1,1,2825209,True,,True,True,
week11_pilot_v1,week11_pilot_v1__run003,incremental_valid_n128_005,25,incremental_valid,128,20388728,194d848c1820a5d7211d44cb23e958be37b3097ce3be239858940600e3d0fca0,19,nested_heavy_valid,64,63,127,2,4,62,59,121,0.952755905511811,0.952755905511811,26,23,26,662,735,1397,0.35197782816830436,0,0,0,python_sort,minimal,checked,1,1,2,4291,True,,True,True,
week11_pilot_v1,week11_pilot_v1__run003,incremental_valid_n128_005,25,incremental_valid,128,20388728,194d848c1820a5d7211d44cb23e958be37b3097ce3be239858940600e3d0fca0,19,nested_heavy_valid,64,63,127,2,4,62,59,121,0.952755905511811,0.952755905511811,26,23,26,662,735,1397,0.35197782816830436,0,0,0,simplified_jordan_reference,minimal,checked,1,1,3,2097542,True,,True,True,
week11_pilot_v1,week11_pilot_v1__run003,incremental_valid_n128_005,25,incremental_valid,128,20388728,194d848c1820a5d7211d44cb23e958be37b3097ce3be239858940600e3d0fca0,19,nested_heavy_valid,64,63,127,2,4,62,59,121,0.952755905511811,0.952755905511811,26,23,26,662,735,1397,0.35197782816830436,0,0,0,python_sort,minimal,checked,2,2,1,2625,True,,True,True,
week11_pilot_v1,week11_pilot_v1__run003,incremental_valid_n128_005,25,incremental_valid,128,20388728,194d848c1820a5d7211d44cb23e958be37b3097ce3be239858940600e3d0fca0,19,nested_heavy_valid,64,63,127,2,4,62,59,121,0.952755905511811,0.952755905511811,26,23,26,662,735,1397,0.35197782816830436,0,0,0,simplified_jordan_reference,minimal,checked,2,2,2,2077542,True,,True,True,
week11_pilot_v1,week11_pilot_v1__run003,incremental_valid_n128_005,25,incremental_valid,128,20388728,194d848c1820a5d7211d44cb23e958be37b3097ce3be239858940600e3d0fca0,19,nested_heavy_valid,64,63,127,2,4,62,59,121,0.952755905511811,0.952755905511811,26,23,26,662,735,1397,0.35197782816830436,0,0,0,simplified_jordan_paper_ordinary_list,minimal,checked,2,2,3,2787125,True,,True,True,
week11_pilot_v1,week11_pilot_v1__run003,incremental_valid_n128_005,25,incremental_valid,128,20388728,194d848c1820a5d7211d44cb23e958be37b3097ce3be239858940600e3d0fca0,19,nested_heavy_valid,64,63,127,2,4,62,59,121,0.952755905511811,0.952755905511811,26,23,26,662,735,1397,0.35197782816830436,0,0,0,simplified_jordan_reference,minimal,checked,3,3,1,2096750,True,,True,True,
week11_pilot_v1,week11_pilot_v1__run003,incremental_valid_n128_005,25,incremental_valid,128,20388728,194d848c1820a5d7211d44cb23e958be37b3097ce3be239858940600e3d0fca0,19,nested_heavy_valid,64,63,127,2,4,62,59,121,0.952755905511811,0.952755905511811,26,23,26,662,735,1397,0.35197782816830436,0,0,0,simplified_jordan_paper_ordinary_list,minimal,checked,3,3,2,2759167,True,,True,True,
week11_pilot_v1,week11_pilot_v1__run003,incremental_valid_n128_005,25,incremental_valid,128,20388728,194d848c1820a5d7211d44cb23e958be37b3097ce3be239858940600e3d0fca0,19,nested_heavy_valid,64,63,127,2,4,62,59,121,0.952755905511811,0.952755905511811,26,23,26,662,735,1397,0.35197782816830436,0,0,0,python_sort,minimal,checked,3,3,3,4209,True,,True,True,
week11_pilot_v1,week11_pilot_v1__run003,incremental_valid_n128_005,25,incremental_valid,128,20388728,194d848c1820a5d7211d44cb23e958be37b3097ce3be239858940600e3d0fca0,19,nested_heavy_valid,64,63,127,2,4,62,59,121,0.952755905511811,0.952755905511811,26,23,26,662,735,1397,0.35197782816830436,0,0,0,simplified_jordan_paper_ordinary_list,minimal,checked,4,4,1,2750666,True,,True,True,
week11_pilot_v1,week11_pilot_v1__run003,incremental_valid_n128_005,25,incremental_valid,128,20388728,194d848c1820a5d7211d44cb23e958be37b3097ce3be239858940600e3d0fca0,19,nested_heavy_valid,64,63,127,2,4,62,59,121,0.952755905511811,0.952755905511811,26,23,26,662,735,1397,0.35197782816830436,0,0,0,python_sort,minimal,checked,4,4,2,3250,True,,True,True,
week11_pilot_v1,week11_pilot_v1__run003,incremental_valid_n128_005,25,incremental_valid,128,20388728,194d848c1820a5d7211d44cb23e958be37b3097ce3be239858940600e3d0fca0,19,nested_heavy_valid,64,63,127,2,4,62,59,121,0.952755905511811,0.952755905511811,26,23,26,662,735,1397,0.35197782816830436,0,0,0,simplified_jordan_reference,minimal,checked,4,4,3,2251083,True,,True,True,
week11_pilot_v1,week11_pilot_v1__run003,incremental_valid_n128_005,25,incremental_valid,128,20388728,194d848c1820a5d7211d44cb23e958be37b3097ce3be239858940600e3d0fca0,19,nested_heavy_valid,64,63,127,2,4,62,59,121,0.952755905511811,0.952755905511811,26,23,26,662,735,1397,0.35197782816830436,0,0,0,python_sort,minimal,checked,5,5,1,3583,True,,True,True,
week11_pilot_v1,week11_pilot_v1__run003,incremental_valid_n128_005,25,incremental_valid,128,20388728,194d848c1820a5d7211d44cb23e958be37b3097ce3be239858940600e3d0fca0,19,nested_heavy_valid,64,63,127,2,4,62,59,121,0.952755905511811,0.952755905511811,26,23,26,662,735,1397,0.35197782816830436,0,0,0,simplified_jordan_reference,minimal,checked,5,5,2,2111791,True,,True,True,
week11_pilot_v1,week11_pilot_v1__run003,incremental_valid_n128_005,25,incremental_valid,128,20388728,194d848c1820a5d7211d44cb23e958be37b3097ce3be239858940600e3d0fca0,19,nested_heavy_valid,64,63,127,2,4,62,59,121,0.952755905511811,0.952755905511811,26,23,26,662,735,1397,0.35197782816830436,0,0,0,simplified_jordan_paper_ordinary_list,minimal,checked,5,5,3,2836292,True,,True,True,
week11_pilot_v1,week11_pilot_v1__run003,incremental_valid_n128_005,25,incremental_valid,128,20388728,194d848c1820a5d7211d44cb23e958be37b3097ce3be239858940600e3d0fca0,19,nested_heavy_valid,64,63,127,2,4,62,59,121,0.952755905511811,0.952755905511811,26,23,26,662,735,1397,0.35197782816830436,0,0,0,simplified_jordan_reference,minimal,checked,6,6,1,2116583,True,,True,True,
week11_pilot_v1,week11_pilot_v1__run003,incremental_valid_n128_005,25,incremental_valid,128,20388728,194d848c1820a5d7211d44cb23e958be37b3097ce3be239858940600e3d0fca0,19,nested_heavy_valid,64,63,127,2,4,62,59,121,0.952755905511811,0.952755905511811,26,23,26,662,735,1397,0.35197782816830436,0,0,0,simplified_jordan_paper_ordinary_list,minimal,checked,6,6,2,2742042,True,,True,True,
week11_pilot_v1,week11_pilot_v1__run003,incremental_valid_n128_005,25,incremental_valid,128,20388728,194d848c1820a5d7211d44cb23e958be37b3097ce3be239858940600e3d0fca0,19,nested_heavy_valid,64,63,127,2,4,62,59,121,0.952755905511811,0.952755905511811,26,23,26,662,735,1397,0.35197782816830436,0,0,0,python_sort,minimal,checked,6,6,3,2875,True,,True,True,
week11_pilot_v1,week11_pilot_v1__run003,incremental_valid_n128_005,25,incremental_valid,128,20388728,194d848c1820a5d7211d44cb23e958be37b3097ce3be239858940600e3d0fca0,19,nested_heavy_valid,64,63,127,2,4,62,59,121,0.952755905511811,0.952755905511811,26,23,26,662,735,1397,0.35197782816830436,0,0,0,simplified_jordan_paper_ordinary_list,minimal,checked,7,7,1,2745833,True,,True,True,
week11_pilot_v1,week11_pilot_v1__run003,incremental_valid_n128_005,25,incremental_valid,128,20388728,194d848c1820a5d7211d44cb23e958be37b3097ce3be239858940600e3d0fca0,19,nested_heavy_valid,64,63,127,2,4,62,59,121,0.952755905511811,0.952755905511811,26,23,26,662,735,1397,0.35197782816830436,0,0,0,python_sort,minimal,checked,7,7,2,2791,True,,True,True,
week11_pilot_v1,week11_pilot_v1__run003,incremental_valid_n128_005,25,incremental_valid,128,20388728,194d848c1820a5d7211d44cb23e958be37b3097ce3be239858940600e3d0fca0,19,nested_heavy_valid,64,63,127,2,4,62,59,121,0.952755905511811,0.952755905511811,26,23,26,662,735,1397,0.35197782816830436,0,0,0,simplified_jordan_reference,minimal,checked,7,7,3,2079416,True,,True,True,
week11_pilot_v1,week11_pilot_v1__run003,incremental_valid_n128_005,25,incremental_valid,128,20388728,194d848c1820a5d7211d44cb23e958be37b3097ce3be239858940600e3d0fca0,19,nested_heavy_valid,64,63,127,2,4,62,59,121,0.952755905511811,0.952755905511811,26,23,26,662,735,1397,0.35197782816830436,0,0,0,python_sort,minimal,checked,8,8,1,2667,True,,True,True,
week11_pilot_v1,week11_pilot_v1__run003,incremental_valid_n128_005,25,incremental_valid,128,20388728,194d848c1820a5d7211d44cb23e958be37b3097ce3be239858940600e3d0fca0,19,nested_heavy_valid,64,63,127,2,4,62,59,121,0.952755905511811,0.952755905511811,26,23,26,662,735,1397,0.35197782816830436,0,0,0,simplified_jordan_reference,minimal,checked,8,8,2,2175042,True,,True,True,
week11_pilot_v1,week11_pilot_v1__run003,incremental_valid_n128_005,25,incremental_valid,128,20388728,194d848c1820a5d7211d44cb23e958be37b3097ce3be239858940600e3d0fca0,19,nested_heavy_valid,64,63,127,2,4,62,59,121,0.952755905511811,0.952755905511811,26,23,26,662,735,1397,0.35197782816830436,0,0,0,simplified_jordan_paper_ordinary_list,minimal,checked,8,8,3,2723417,True,,True,True,
week11_pilot_v1,week11_pilot_v1__run003,incremental_valid_n128_005,25,incremental_valid,128,20388728,194d848c1820a5d7211d44cb23e958be37b3097ce3be239858940600e3d0fca0,19,nested_heavy_valid,64,63,127,2,4,62,59,121,0.952755905511811,0.952755905511811,26,23,26,662,735,1397,0.35197782816830436,0,0,0,simplified_jordan_reference,minimal,checked,9,9,1,2074333,True,,True,True,
week11_pilot_v1,week11_pilot_v1__run003,incremental_valid_n128_005,25,incremental_valid,128,20388728,194d848c1820a5d7211d44cb23e958be37b3097ce3be239858940600e3d0fca0,19,nested_heavy_valid,64,63,127,2,4,62,59,121,0.952755905511811,0.952755905511811,26,23,26,662,735,1397,0.35197782816830436,0,0,0,simplified_jordan_paper_ordinary_list,minimal,checked,9,9,2,2722916,True,,True,True,
week11_pilot_v1,week11_pilot_v1__run003,incremental_valid_n128_005,25,incremental_valid,128,20388728,194d848c1820a5d7211d44cb23e958be37b3097ce3be239858940600e3d0fca0,19,nested_heavy_valid,64,63,127,2,4,62,59,121,0.952755905511811,0.952755905511811,26,23,26,662,735,1397,0.35197782816830436,0,0,0,python_sort,minimal,checked,9,9,3,2750,True,,True,True,
week11_pilot_v1,week11_pilot_v1__run003,incremental_valid_n128_005,25,incremental_valid,128,20388728,194d848c1820a5d7211d44cb23e958be37b3097ce3be239858940600e3d0fca0,19,nested_heavy_valid,64,63,127,2,4,62,59,121,0.952755905511811,0.952755905511811,26,23,26,662,735,1397,0.35197782816830436,0,0,0,simplified_jordan_paper_ordinary_list,minimal,checked,10,10,1,2686959,True,,True,True,
week11_pilot_v1,week11_pilot_v1__run003,incremental_valid_n128_005,25,incremental_valid,128,20388728,194d848c1820a5d7211d44cb23e958be37b3097ce3be239858940600e3d0fca0,19,nested_heavy_valid,64,63,127,2,4,62,59,121,0.952755905511811,0.952755905511811,26,23,26,662,735,1397,0.35197782816830436,0,0,0,python_sort,minimal,checked,10,10,2,2709,True,,True,True,
week11_pilot_v1,week11_pilot_v1__run003,incremental_valid_n128_005,25,incremental_valid,128,20388728,194d848c1820a5d7211d44cb23e958be37b3097ce3be239858940600e3d0fca0,19,nested_heavy_valid,64,63,127,2,4,62,59,121,0.952755905511811,0.952755905511811,26,23,26,662,735,1397,0.35197782816830436,0,0,0,simplified_jordan_reference,minimal,checked,10,10,3,2113625,True,,True,True,
week11_pilot_v1,week11_pilot_v1__run003,flat_valid_n128_001,3,flat_valid,128,,f0d76dfdfbf5467a030817361d4cedd8ddc8e86a9b24ee55e7749eb72a658b53,20,strict_flat,64,63,127,64,63,0,0,0,0.0,0.0,0,0,0,0,0,0,0.0,0,0,0,simplified_jordan_paper_ordinary_list,minimal,checked,1,1,1,1722458,True,,True,True,
week11_pilot_v1,week11_pilot_v1__run003,flat_valid_n128_001,3,flat_valid,128,,f0d76dfdfbf5467a030817361d4cedd8ddc8e86a9b24ee55e7749eb72a658b53,20,strict_flat,64,63,127,64,63,0,0,0,0.0,0.0,0,0,0,0,0,0,0.0,0,0,0,simplified_jordan_reference,minimal,checked,1,1,2,1880250,True,,True,True,
week11_pilot_v1,week11_pilot_v1__run003,flat_valid_n128_001,3,flat_valid,128,,f0d76dfdfbf5467a030817361d4cedd8ddc8e86a9b24ee55e7749eb72a658b53,20,strict_flat,64,63,127,64,63,0,0,0,0.0,0.0,0,0,0,0,0,0,0.0,0,0,0,python_sort,minimal,checked,1,1,3,458,True,,True,True,
week11_pilot_v1,week11_pilot_v1__run003,flat_valid_n128_001,3,flat_valid,128,,f0d76dfdfbf5467a030817361d4cedd8ddc8e86a9b24ee55e7749eb72a658b53,20,strict_flat,64,63,127,64,63,0,0,0,0.0,0.0,0,0,0,0,0,0,0.0,0,0,0,simplified_jordan_reference,minimal,checked,2,2,1,1902417,True,,True,True,
week11_pilot_v1,week11_pilot_v1__run003,flat_valid_n128_001,3,flat_valid,128,,f0d76dfdfbf5467a030817361d4cedd8ddc8e86a9b24ee55e7749eb72a658b53,20,strict_flat,64,63,127,64,63,0,0,0,0.0,0.0,0,0,0,0,0,0,0.0,0,0,0,python_sort,minimal,checked,2,2,2,458,True,,True,True,
week11_pilot_v1,week11_pilot_v1__run003,flat_valid_n128_001,3,flat_valid,128,,f0d76dfdfbf5467a030817361d4cedd8ddc8e86a9b24ee55e7749eb72a658b53,20,strict_flat,64,63,127,64,63,0,0,0,0.0,0.0,0,0,0,0,0,0,0.0,0,0,0,simplified_jordan_paper_ordinary_list,minimal,checked,2,2,3,1719625,True,,True,True,
week11_pilot_v1,week11_pilot_v1__run003,flat_valid_n128_001,3,flat_valid,128,,f0d76dfdfbf5467a030817361d4cedd8ddc8e86a9b24ee55e7749eb72a658b53,20,strict_flat,64,63,127,64,63,0,0,0,0.0,0.0,0,0,0,0,0,0,0.0,0,0,0,python_sort,minimal,checked,3,3,1,500,True,,True,True,
week11_pilot_v1,week11_pilot_v1__run003,flat_valid_n128_001,3,flat_valid,128,,f0d76dfdfbf5467a030817361d4cedd8ddc8e86a9b24ee55e7749eb72a658b53,20,strict_flat,64,63,127,64,63,0,0,0,0.0,0.0,0,0,0,0,0,0,0.0,0,0,0,simplified_jordan_paper_ordinary_list,minimal,checked,3,3,2,1776917,True,,True,True,
week11_pilot_v1,week11_pilot_v1__run003,flat_valid_n128_001,3,flat_valid,128,,f0d76dfdfbf5467a030817361d4cedd8ddc8e86a9b24ee55e7749eb72a658b53,20,strict_flat,64,63,127,64,63,0,0,0,0.0,0.0,0,0,0,0,0,0,0.0,0,0,0,simplified_jordan_reference,minimal,checked,3,3,3,1872500,True,,True,True,
week11_pilot_v1,week11_pilot_v1__run003,flat_valid_n128_001,3,flat_valid,128,,f0d76dfdfbf5467a030817361d4cedd8ddc8e86a9b24ee55e7749eb72a658b53,20,strict_flat,64,63,127,64,63,0,0,0,0.0,0.0,0,0,0,0,0,0,0.0,0,0,0,simplified_jordan_paper_ordinary_list,minimal,checked,4,4,1,1724792,True,,True,True,
week11_pilot_v1,week11_pilot_v1__run003,flat_valid_n128_001,3,flat_valid,128,,f0d76dfdfbf5467a030817361d4cedd8ddc8e86a9b24ee55e7749eb72a658b53,20,strict_flat,64,63,127,64,63,0,0,0,0.0,0.0,0,0,0,0,0,0,0.0,0,0,0,simplified_jordan_reference,minimal,checked,4,4,2,1876417,True,,True,True,
week11_pilot_v1,week11_pilot_v1__run003,flat_valid_n128_001,3,flat_valid,128,,f0d76dfdfbf5467a030817361d4cedd8ddc8e86a9b24ee55e7749eb72a658b53,20,strict_flat,64,63,127,64,63,0,0,0,0.0,0.0,0,0,0,0,0,0,0.0,0,0,0,python_sort,minimal,checked,4,4,3,458,True,,True,True,
week11_pilot_v1,week11_pilot_v1__run003,flat_valid_n128_001,3,flat_valid,128,,f0d76dfdfbf5467a030817361d4cedd8ddc8e86a9b24ee55e7749eb72a658b53,20,strict_flat,64,63,127,64,63,0,0,0,0.0,0.0,0,0,0,0,0,0,0.0,0,0,0,simplified_jordan_reference,minimal,checked,5,5,1,1872041,True,,True,True,
week11_pilot_v1,week11_pilot_v1__run003,flat_valid_n128_001,3,flat_valid,128,,f0d76dfdfbf5467a030817361d4cedd8ddc8e86a9b24ee55e7749eb72a658b53,20,strict_flat,64,63,127,64,63,0,0,0,0.0,0.0,0,0,0,0,0,0,0.0,0,0,0,python_sort,minimal,checked,5,5,2,458,True,,True,True,
week11_pilot_v1,week11_pilot_v1__run003,flat_valid_n128_001,3,flat_valid,128,,f0d76dfdfbf5467a030817361d4cedd8ddc8e86a9b24ee55e7749eb72a658b53,20,strict_flat,64,63,127,64,63,0,0,0,0.0,0.0,0,0,0,0,0,0,0.0,0,0,0,simplified_jordan_paper_ordinary_list,minimal,checked,5,5,3,1715250,True,,True,True,
week11_pilot_v1,week11_pilot_v1__run003,flat_valid_n128_001,3,flat_valid,128,,f0d76dfdfbf5467a030817361d4cedd8ddc8e86a9b24ee55e7749eb72a658b53,20,strict_flat,64,63,127,64,63,0,0,0,0.0,0.0,0,0,0,0,0,0,0.0,0,0,0,python_sort,minimal,checked,6,6,1,500,True,,True,True,
week11_pilot_v1,week11_pilot_v1__run003,flat_valid_n128_001,3,flat_valid,128,,f0d76dfdfbf5467a030817361d4cedd8ddc8e86a9b24ee55e7749eb72a658b53,20,strict_flat,64,63,127,64,63,0,0,0,0.0,0.0,0,0,0,0,0,0,0.0,0,0,0,simplified_jordan_paper_ordinary_list,minimal,checked,6,6,2,1729250,True,,True,True,
week11_pilot_v1,week11_pilot_v1__run003,flat_valid_n128_001,3,flat_valid,128,,f0d76dfdfbf5467a030817361d4cedd8ddc8e86a9b24ee55e7749eb72a658b53,20,strict_flat,64,63,127,64,63,0,0,0,0.0,0.0,0,0,0,0,0,0,0.0,0,0,0,simplified_jordan_reference,minimal,checked,6,6,3,1903583,True,,True,True,
week11_pilot_v1,week11_pilot_v1__run003,flat_valid_n128_001,3,flat_valid,128,,f0d76dfdfbf5467a030817361d4cedd8ddc8e86a9b24ee55e7749eb72a658b53,20,strict_flat,64,63,127,64,63,0,0,0,0.0,0.0,0,0,0,0,0,0,0.0,0,0,0,simplified_jordan_paper_ordinary_list,minimal,checked,7,7,1,1732167,True,,True,True,
week11_pilot_v1,week11_pilot_v1__run003,flat_valid_n128_001,3,flat_valid,128,,f0d76dfdfbf5467a030817361d4cedd8ddc8e86a9b24ee55e7749eb72a658b53,20,strict_flat,64,63,127,64,63,0,0,0,0.0,0.0,0,0,0,0,0,0,0.0,0,0,0,simplified_jordan_reference,minimal,checked,7,7,2,1950250,True,,True,True,
week11_pilot_v1,week11_pilot_v1__run003,flat_valid_n128_001,3,flat_valid,128,,f0d76dfdfbf5467a030817361d4cedd8ddc8e86a9b24ee55e7749eb72a658b53,20,strict_flat,64,63,127,64,63,0,0,0,0.0,0.0,0,0,0,0,0,0,0.0,0,0,0,python_sort,minimal,checked,7,7,3,625,True,,True,True,
week11_pilot_v1,week11_pilot_v1__run003,flat_valid_n128_001,3,flat_valid,128,,f0d76dfdfbf5467a030817361d4cedd8ddc8e86a9b24ee55e7749eb72a658b53,20,strict_flat,64,63,127,64,63,0,0,0,0.0,0.0,0,0,0,0,0,0,0.0,0,0,0,simplified_jordan_reference,minimal,checked,8,8,1,1875959,True,,True,True,
week11_pilot_v1,week11_pilot_v1__run003,flat_valid_n128_001,3,flat_valid,128,,f0d76dfdfbf5467a030817361d4cedd8ddc8e86a9b24ee55e7749eb72a658b53,20,strict_flat,64,63,127,64,63,0,0,0,0.0,0.0,0,0,0,0,0,0,0.0,0,0,0,python_sort,minimal,checked,8,8,2,500,True,,True,True,
week11_pilot_v1,week11_pilot_v1__run003,flat_valid_n128_001,3,flat_valid,128,,f0d76dfdfbf5467a030817361d4cedd8ddc8e86a9b24ee55e7749eb72a658b53,20,strict_flat,64,63,127,64,63,0,0,0,0.0,0.0,0,0,0,0,0,0,0.0,0,0,0,simplified_jordan_paper_ordinary_list,minimal,checked,8,8,3,1750583,True,,True,True,
week11_pilot_v1,week11_pilot_v1__run003,flat_valid_n128_001,3,flat_valid,128,,f0d76dfdfbf5467a030817361d4cedd8ddc8e86a9b24ee55e7749eb72a658b53,20,strict_flat,64,63,127,64,63,0,0,0,0.0,0.0,0,0,0,0,0,0,0.0,0,0,0,python_sort,minimal,checked,9,9,1,458,True,,True,True,
week11_pilot_v1,week11_pilot_v1__run003,flat_valid_n128_001,3,flat_valid,128,,f0d76dfdfbf5467a030817361d4cedd8ddc8e86a9b24ee55e7749eb72a658b53,20,strict_flat,64,63,127,64,63,0,0,0,0.0,0.0,0,0,0,0,0,0,0.0,0,0,0,simplified_jordan_paper_ordinary_list,minimal,checked,9,9,2,1741709,True,,True,True,
week11_pilot_v1,week11_pilot_v1__run003,flat_valid_n128_001,3,flat_valid,128,,f0d76dfdfbf5467a030817361d4cedd8ddc8e86a9b24ee55e7749eb72a658b53,20,strict_flat,64,63,127,64,63,0,0,0,0.0,0.0,0,0,0,0,0,0,0.0,0,0,0,simplified_jordan_reference,minimal,checked,9,9,3,1883708,True,,True,True,
week11_pilot_v1,week11_pilot_v1__run003,flat_valid_n128_001,3,flat_valid,128,,f0d76dfdfbf5467a030817361d4cedd8ddc8e86a9b24ee55e7749eb72a658b53,20,strict_flat,64,63,127,64,63,0,0,0,0.0,0.0,0,0,0,0,0,0,0.0,0,0,0,simplified_jordan_paper_ordinary_list,minimal,checked,10,10,1,1766500,True,,True,True,
week11_pilot_v1,week11_pilot_v1__run003,flat_valid_n128_001,3,flat_valid,128,,f0d76dfdfbf5467a030817361d4cedd8ddc8e86a9b24ee55e7749eb72a658b53,20,strict_flat,64,63,127,64,63,0,0,0,0.0,0.0,0,0,0,0,0,0,0.0,0,0,0,simplified_jordan_reference,minimal,checked,10,10,2,1888208,True,,True,True,
week11_pilot_v1,week11_pilot_v1__run003,flat_valid_n128_001,3,flat_valid,128,,f0d76dfdfbf5467a030817361d4cedd8ddc8e86a9b24ee55e7749eb72a658b53,20,strict_flat,64,63,127,64,63,0,0,0,0.0,0.0,0,0,0,0,0,0,0.0,0,0,0,python_sort,minimal,checked,10,10,3,583,True,,True,True,
week11_pilot_v1,week11_pilot_v1__run003,incremental_valid_n512_004,34,incremental_valid,512,20772727,48679a6c3e82ea8e6f5df8322b062b6b02911d629ec5c09b4d6f4699b47a71de,21,nested_heavy_valid,256,255,511,2,1,254,254,508,0.9941291585127201,0.9941291585127201,114,112,114,13960,13684,27644,0.4251287966166859,0,0,0,python_sort,minimal,checked,1,1,1,13500,True,,True,True,
week11_pilot_v1,week11_pilot_v1__run003,incremental_valid_n512_004,34,incremental_valid,512,20772727,48679a6c3e82ea8e6f5df8322b062b6b02911d629ec5c09b4d6f4699b47a71de,21,nested_heavy_valid,256,255,511,2,1,254,254,508,0.9941291585127201,0.9941291585127201,114,112,114,13960,13684,27644,0.4251287966166859,0,0,0,simplified_jordan_reference,minimal,checked,1,1,2,33136458,True,,True,True,
week11_pilot_v1,week11_pilot_v1__run003,incremental_valid_n512_004,34,incremental_valid,512,20772727,48679a6c3e82ea8e6f5df8322b062b6b02911d629ec5c09b4d6f4699b47a71de,21,nested_heavy_valid,256,255,511,2,1,254,254,508,0.9941291585127201,0.9941291585127201,114,112,114,13960,13684,27644,0.4251287966166859,0,0,0,simplified_jordan_paper_ordinary_list,minimal,checked,1,1,3,18597000,True,,True,True,
week11_pilot_v1,week11_pilot_v1__run003,incremental_valid_n512_004,34,incremental_valid,512,20772727,48679a6c3e82ea8e6f5df8322b062b6b02911d629ec5c09b4d6f4699b47a71de,21,nested_heavy_valid,256,255,511,2,1,254,254,508,0.9941291585127201,0.9941291585127201,114,112,114,13960,13684,27644,0.4251287966166859,0,0,0,simplified_jordan_reference,minimal,checked,2,2,1,33118667,True,,True,True,
week11_pilot_v1,week11_pilot_v1__run003,incremental_valid_n512_004,34,incremental_valid,512,20772727,48679a6c3e82ea8e6f5df8322b062b6b02911d629ec5c09b4d6f4699b47a71de,21,nested_heavy_valid,256,255,511,2,1,254,254,508,0.9941291585127201,0.9941291585127201,114,112,114,13960,13684,27644,0.4251287966166859,0,0,0,simplified_jordan_paper_ordinary_list,minimal,checked,2,2,2,18785250,True,,True,True,
week11_pilot_v1,week11_pilot_v1__run003,incremental_valid_n512_004,34,incremental_valid,512,20772727,48679a6c3e82ea8e6f5df8322b062b6b02911d629ec5c09b4d6f4699b47a71de,21,nested_heavy_valid,256,255,511,2,1,254,254,508,0.9941291585127201,0.9941291585127201,114,112,114,13960,13684,27644,0.4251287966166859,0,0,0,python_sort,minimal,checked,2,2,3,10584,True,,True,True,
week11_pilot_v1,week11_pilot_v1__run003,incremental_valid_n512_004,34,incremental_valid,512,20772727,48679a6c3e82ea8e6f5df8322b062b6b02911d629ec5c09b4d6f4699b47a71de,21,nested_heavy_valid,256,255,511,2,1,254,254,508,0.9941291585127201,0.9941291585127201,114,112,114,13960,13684,27644,0.4251287966166859,0,0,0,simplified_jordan_paper_ordinary_list,minimal,checked,3,3,1,18580125,True,,True,True,
week11_pilot_v1,week11_pilot_v1__run003,incremental_valid_n512_004,34,incremental_valid,512,20772727,48679a6c3e82ea8e6f5df8322b062b6b02911d629ec5c09b4d6f4699b47a71de,21,nested_heavy_valid,256,255,511,2,1,254,254,508,0.9941291585127201,0.9941291585127201,114,112,114,13960,13684,27644,0.4251287966166859,0,0,0,python_sort,minimal,checked,3,3,2,10542,True,,True,True,
week11_pilot_v1,week11_pilot_v1__run003,incremental_valid_n512_004,34,incremental_valid,512,20772727,48679a6c3e82ea8e6f5df8322b062b6b02911d629ec5c09b4d6f4699b47a71de,21,nested_heavy_valid,256,255,511,2,1,254,254,508,0.9941291585127201,0.9941291585127201,114,112,114,13960,13684,27644,0.4251287966166859,0,0,0,simplified_jordan_reference,minimal,checked,3,3,3,33249875,True,,True,True,
week11_pilot_v1,week11_pilot_v1__run003,incremental_valid_n512_004,34,incremental_valid,512,20772727,48679a6c3e82ea8e6f5df8322b062b6b02911d629ec5c09b4d6f4699b47a71de,21,nested_heavy_valid,256,255,511,2,1,254,254,508,0.9941291585127201,0.9941291585127201,114,112,114,13960,13684,27644,0.4251287966166859,0,0,0,python_sort,minimal,checked,4,4,1,10250,True,,True,True,
week11_pilot_v1,week11_pilot_v1__run003,incremental_valid_n512_004,34,incremental_valid,512,20772727,48679a6c3e82ea8e6f5df8322b062b6b02911d629ec5c09b4d6f4699b47a71de,21,nested_heavy_valid,256,255,511,2,1,254,254,508,0.9941291585127201,0.9941291585127201,114,112,114,13960,13684,27644,0.4251287966166859,0,0,0,simplified_jordan_reference,minimal,checked,4,4,2,33288084,True,,True,True,
week11_pilot_v1,week11_pilot_v1__run003,incremental_valid_n512_004,34,incremental_valid,512,20772727,48679a6c3e82ea8e6f5df8322b062b6b02911d629ec5c09b4d6f4699b47a71de,21,nested_heavy_valid,256,255,511,2,1,254,254,508,0.9941291585127201,0.9941291585127201,114,112,114,13960,13684,27644,0.4251287966166859,0,0,0,simplified_jordan_paper_ordinary_list,minimal,checked,4,4,3,18672292,True,,True,True,
week11_pilot_v1,week11_pilot_v1__run003,incremental_valid_n512_004,34,incremental_valid,512,20772727,48679a6c3e82ea8e6f5df8322b062b6b02911d629ec5c09b4d6f4699b47a71de,21,nested_heavy_valid,256,255,511,2,1,254,254,508,0.9941291585127201,0.9941291585127201,114,112,114,13960,13684,27644,0.4251287966166859,0,0,0,simplified_jordan_reference,minimal,checked,5,5,1,33268875,True,,True,True,
week11_pilot_v1,week11_pilot_v1__run003,incremental_valid_n512_004,34,incremental_valid,512,20772727,48679a6c3e82ea8e6f5df8322b062b6b02911d629ec5c09b4d6f4699b47a71de,21,nested_heavy_valid,256,255,511,2,1,254,254,508,0.9941291585127201,0.9941291585127201,114,112,114,13960,13684,27644,0.4251287966166859,0,0,0,simplified_jordan_paper_ordinary_list,minimal,checked,5,5,2,18735584,True,,True,True,
week11_pilot_v1,week11_pilot_v1__run003,incremental_valid_n512_004,34,incremental_valid,512,20772727,48679a6c3e82ea8e6f5df8322b062b6b02911d629ec5c09b4d6f4699b47a71de,21,nested_heavy_valid,256,255,511,2,1,254,254,508,0.9941291585127201,0.9941291585127201,114,112,114,13960,13684,27644,0.4251287966166859,0,0,0,python_sort,minimal,checked,5,5,3,16833,True,,True,True,
week11_pilot_v1,week11_pilot_v1__run003,incremental_valid_n512_004,34,incremental_valid,512,20772727,48679a6c3e82ea8e6f5df8322b062b6b02911d629ec5c09b4d6f4699b47a71de,21,nested_heavy_valid,256,255,511,2,1,254,254,508,0.9941291585127201,0.9941291585127201,114,112,114,13960,13684,27644,0.4251287966166859,0,0,0,simplified_jordan_paper_ordinary_list,minimal,checked,6,6,1,18964250,True,,True,True,
week11_pilot_v1,week11_pilot_v1__run003,incremental_valid_n512_004,34,incremental_valid,512,20772727,48679a6c3e82ea8e6f5df8322b062b6b02911d629ec5c09b4d6f4699b47a71de,21,nested_heavy_valid,256,255,511,2,1,254,254,508,0.9941291585127201,0.9941291585127201,114,112,114,13960,13684,27644,0.4251287966166859,0,0,0,python_sort,minimal,checked,6,6,2,13667,True,,True,True,
week11_pilot_v1,week11_pilot_v1__run003,incremental_valid_n512_004,34,incremental_valid,512,20772727,48679a6c3e82ea8e6f5df8322b062b6b02911d629ec5c09b4d6f4699b47a71de,21,nested_heavy_valid,256,255,511,2,1,254,254,508,0.9941291585127201,0.9941291585127201,114,112,114,13960,13684,27644,0.4251287966166859,0,0,0,simplified_jordan_reference,minimal,checked,6,6,3,33447834,True,,True,True,
week11_pilot_v1,week11_pilot_v1__run003,incremental_valid_n512_004,34,incremental_valid,512,20772727,48679a6c3e82ea8e6f5df8322b062b6b02911d629ec5c09b4d6f4699b47a71de,21,nested_heavy_valid,256,255,511,2,1,254,254,508,0.9941291585127201,0.9941291585127201,114,112,114,13960,13684,27644,0.4251287966166859,0,0,0,python_sort,minimal,checked,7,7,1,11625,True,,True,True,
week11_pilot_v1,week11_pilot_v1__run003,incremental_valid_n512_004,34,incremental_valid,512,20772727,48679a6c3e82ea8e6f5df8322b062b6b02911d629ec5c09b4d6f4699b47a71de,21,nested_heavy_valid,256,255,511,2,1,254,254,508,0.9941291585127201,0.9941291585127201,114,112,114,13960,13684,27644,0.4251287966166859,0,0,0,simplified_jordan_reference,minimal,checked,7,7,2,33272208,True,,True,True,
week11_pilot_v1,week11_pilot_v1__run003,incremental_valid_n512_004,34,incremental_valid,512,20772727,48679a6c3e82ea8e6f5df8322b062b6b02911d629ec5c09b4d6f4699b47a71de,21,nested_heavy_valid,256,255,511,2,1,254,254,508,0.9941291585127201,0.9941291585127201,114,112,114,13960,13684,27644,0.4251287966166859,0,0,0,simplified_jordan_paper_ordinary_list,minimal,checked,7,7,3,19089833,True,,True,True,
week11_pilot_v1,week11_pilot_v1__run003,incremental_valid_n512_004,34,incremental_valid,512,20772727,48679a6c3e82ea8e6f5df8322b062b6b02911d629ec5c09b4d6f4699b47a71de,21,nested_heavy_valid,256,255,511,2,1,254,254,508,0.9941291585127201,0.9941291585127201,114,112,114,13960,13684,27644,0.4251287966166859,0,0,0,simplified_jordan_reference,minimal,checked,8,8,1,33294125,True,,True,True,
week11_pilot_v1,week11_pilot_v1__run003,incremental_valid_n512_004,34,incremental_valid,512,20772727,48679a6c3e82ea8e6f5df8322b062b6b02911d629ec5c09b4d6f4699b47a71de,21,nested_heavy_valid,256,255,511,2,1,254,254,508,0.9941291585127201,0.9941291585127201,114,112,114,13960,13684,27644,0.4251287966166859,0,0,0,simplified_jordan_paper_ordinary_list,minimal,checked,8,8,2,18948084,True,,True,True,
week11_pilot_v1,week11_pilot_v1__run003,incremental_valid_n512_004,34,incremental_valid,512,20772727,48679a6c3e82ea8e6f5df8322b062b6b02911d629ec5c09b4d6f4699b47a71de,21,nested_heavy_valid,256,255,511,2,1,254,254,508,0.9941291585127201,0.9941291585127201,114,112,114,13960,13684,27644,0.4251287966166859,0,0,0,python_sort,minimal,checked,8,8,3,11458,True,,True,True,
week11_pilot_v1,week11_pilot_v1__run003,incremental_valid_n512_004,34,incremental_valid,512,20772727,48679a6c3e82ea8e6f5df8322b062b6b02911d629ec5c09b4d6f4699b47a71de,21,nested_heavy_valid,256,255,511,2,1,254,254,508,0.9941291585127201,0.9941291585127201,114,112,114,13960,13684,27644,0.4251287966166859,0,0,0,simplified_jordan_paper_ordinary_list,minimal,checked,9,9,1,18932375,True,,True,True,
week11_pilot_v1,week11_pilot_v1__run003,incremental_valid_n512_004,34,incremental_valid,512,20772727,48679a6c3e82ea8e6f5df8322b062b6b02911d629ec5c09b4d6f4699b47a71de,21,nested_heavy_valid,256,255,511,2,1,254,254,508,0.9941291585127201,0.9941291585127201,114,112,114,13960,13684,27644,0.4251287966166859,0,0,0,python_sort,minimal,checked,9,9,2,10958,True,,True,True,
week11_pilot_v1,week11_pilot_v1__run003,incremental_valid_n512_004,34,incremental_valid,512,20772727,48679a6c3e82ea8e6f5df8322b062b6b02911d629ec5c09b4d6f4699b47a71de,21,nested_heavy_valid,256,255,511,2,1,254,254,508,0.9941291585127201,0.9941291585127201,114,112,114,13960,13684,27644,0.4251287966166859,0,0,0,simplified_jordan_reference,minimal,checked,9,9,3,33217125,True,,True,True,
week11_pilot_v1,week11_pilot_v1__run003,incremental_valid_n512_004,34,incremental_valid,512,20772727,48679a6c3e82ea8e6f5df8322b062b6b02911d629ec5c09b4d6f4699b47a71de,21,nested_heavy_valid,256,255,511,2,1,254,254,508,0.9941291585127201,0.9941291585127201,114,112,114,13960,13684,27644,0.4251287966166859,0,0,0,python_sort,minimal,checked,10,10,1,10625,True,,True,True,
week11_pilot_v1,week11_pilot_v1__run003,incremental_valid_n512_004,34,incremental_valid,512,20772727,48679a6c3e82ea8e6f5df8322b062b6b02911d629ec5c09b4d6f4699b47a71de,21,nested_heavy_valid,256,255,511,2,1,254,254,508,0.9941291585127201,0.9941291585127201,114,112,114,13960,13684,27644,0.4251287966166859,0,0,0,simplified_jordan_reference,minimal,checked,10,10,2,33317875,True,,True,True,
week11_pilot_v1,week11_pilot_v1__run003,incremental_valid_n512_004,34,incremental_valid,512,20772727,48679a6c3e82ea8e6f5df8322b062b6b02911d629ec5c09b4d6f4699b47a71de,21,nested_heavy_valid,256,255,511,2,1,254,254,508,0.9941291585127201,0.9941291585127201,114,112,114,13960,13684,27644,0.4251287966166859,0,0,0,simplified_jordan_paper_ordinary_list,minimal,checked,10,10,3,18915917,True,,True,True,
week11_pilot_v1,week11_pilot_v1__run003,incremental_valid_n32_004,14,incremental_valid,32,20292727,0b22871f3e65f8f2e4af233c233161744ac369324a5c13132b38f9d27d6ac65e,22,nested_heavy_valid,16,15,31,1,1,15,14,29,0.9354838709677419,0.9354838709677419,6,7,7,54,59,113,0.5022222222222222,0,0,0,simplified_jordan_paper_ordinary_list,minimal,checked,1,1,1,571916,True,,True,True,
week11_pilot_v1,week11_pilot_v1__run003,incremental_valid_n32_004,14,incremental_valid,32,20292727,0b22871f3e65f8f2e4af233c233161744ac369324a5c13132b38f9d27d6ac65e,22,nested_heavy_valid,16,15,31,1,1,15,14,29,0.9354838709677419,0.9354838709677419,6,7,7,54,59,113,0.5022222222222222,0,0,0,python_sort,minimal,checked,1,1,2,875,True,,True,True,
week11_pilot_v1,week11_pilot_v1__run003,incremental_valid_n32_004,14,incremental_valid,32,20292727,0b22871f3e65f8f2e4af233c233161744ac369324a5c13132b38f9d27d6ac65e,22,nested_heavy_valid,16,15,31,1,1,15,14,29,0.9354838709677419,0.9354838709677419,6,7,7,54,59,113,0.5022222222222222,0,0,0,simplified_jordan_reference,minimal,checked,1,1,3,182750,True,,True,True,
week11_pilot_v1,week11_pilot_v1__run003,incremental_valid_n32_004,14,incremental_valid,32,20292727,0b22871f3e65f8f2e4af233c233161744ac369324a5c13132b38f9d27d6ac65e,22,nested_heavy_valid,16,15,31,1,1,15,14,29,0.9354838709677419,0.9354838709677419,6,7,7,54,59,113,0.5022222222222222,0,0,0,python_sort,minimal,checked,2,2,1,834,True,,True,True,
week11_pilot_v1,week11_pilot_v1__run003,incremental_valid_n32_004,14,incremental_valid,32,20292727,0b22871f3e65f8f2e4af233c233161744ac369324a5c13132b38f9d27d6ac65e,22,nested_heavy_valid,16,15,31,1,1,15,14,29,0.9354838709677419,0.9354838709677419,6,7,7,54,59,113,0.5022222222222222,0,0,0,simplified_jordan_reference,minimal,checked,2,2,2,177750,True,,True,True,
week11_pilot_v1,week11_pilot_v1__run003,incremental_valid_n32_004,14,incremental_valid,32,20292727,0b22871f3e65f8f2e4af233c233161744ac369324a5c13132b38f9d27d6ac65e,22,nested_heavy_valid,16,15,31,1,1,15,14,29,0.9354838709677419,0.9354838709677419,6,7,7,54,59,113,0.5022222222222222,0,0,0,simplified_jordan_paper_ordinary_list,minimal,checked,2,2,3,569291,True,,True,True,
week11_pilot_v1,week11_pilot_v1__run003,incremental_valid_n32_004,14,incremental_valid,32,20292727,0b22871f3e65f8f2e4af233c233161744ac369324a5c13132b38f9d27d6ac65e,22,nested_heavy_valid,16,15,31,1,1,15,14,29,0.9354838709677419,0.9354838709677419,6,7,7,54,59,113,0.5022222222222222,0,0,0,simplified_jordan_reference,minimal,checked,3,3,1,184625,True,,True,True,
week11_pilot_v1,week11_pilot_v1__run003,incremental_valid_n32_004,14,incremental_valid,32,20292727,0b22871f3e65f8f2e4af233c233161744ac369324a5c13132b38f9d27d6ac65e,22,nested_heavy_valid,16,15,31,1,1,15,14,29,0.9354838709677419,0.9354838709677419,6,7,7,54,59,113,0.5022222222222222,0,0,0,simplified_jordan_paper_ordinary_list,minimal,checked,3,3,2,569541,True,,True,True,
week11_pilot_v1,week11_pilot_v1__run003,incremental_valid_n32_004,14,incremental_valid,32,20292727,0b22871f3e65f8f2e4af233c233161744ac369324a5c13132b38f9d27d6ac65e,22,nested_heavy_valid,16,15,31,1,1,15,14,29,0.9354838709677419,0.9354838709677419,6,7,7,54,59,113,0.5022222222222222,0,0,0,python_sort,minimal,checked,3,3,3,834,True,,True,True,
week11_pilot_v1,week11_pilot_v1__run003,incremental_valid_n32_004,14,incremental_valid,32,20292727,0b22871f3e65f8f2e4af233c233161744ac369324a5c13132b38f9d27d6ac65e,22,nested_heavy_valid,16,15,31,1,1,15,14,29,0.9354838709677419,0.9354838709677419,6,7,7,54,59,113,0.5022222222222222,0,0,0,simplified_jordan_paper_ordinary_list,minimal,checked,4,4,1,562917,True,,True,True,
week11_pilot_v1,week11_pilot_v1__run003,incremental_valid_n32_004,14,incremental_valid,32,20292727,0b22871f3e65f8f2e4af233c233161744ac369324a5c13132b38f9d27d6ac65e,22,nested_heavy_valid,16,15,31,1,1,15,14,29,0.9354838709677419,0.9354838709677419,6,7,7,54,59,113,0.5022222222222222,0,0,0,python_sort,minimal,checked,4,4,2,875,True,,True,True,
week11_pilot_v1,week11_pilot_v1__run003,incremental_valid_n32_004,14,incremental_valid,32,20292727,0b22871f3e65f8f2e4af233c233161744ac369324a5c13132b38f9d27d6ac65e,22,nested_heavy_valid,16,15,31,1,1,15,14,29,0.9354838709677419,0.9354838709677419,6,7,7,54,59,113,0.5022222222222222,0,0,0,simplified_jordan_reference,minimal,checked,4,4,3,185250,True,,True,True,
week11_pilot_v1,week11_pilot_v1__run003,incremental_valid_n32_004,14,incremental_valid,32,20292727,0b22871f3e65f8f2e4af233c233161744ac369324a5c13132b38f9d27d6ac65e,22,nested_heavy_valid,16,15,31,1,1,15,14,29,0.9354838709677419,0.9354838709677419,6,7,7,54,59,113,0.5022222222222222,0,0,0,python_sort,minimal,checked,5,5,1,750,True,,True,True,
week11_pilot_v1,week11_pilot_v1__run003,incremental_valid_n32_004,14,incremental_valid,32,20292727,0b22871f3e65f8f2e4af233c233161744ac369324a5c13132b38f9d27d6ac65e,22,nested_heavy_valid,16,15,31,1,1,15,14,29,0.9354838709677419,0.9354838709677419,6,7,7,54,59,113,0.5022222222222222,0,0,0,simplified_jordan_reference,minimal,checked,5,5,2,176959,True,,True,True,
week11_pilot_v1,week11_pilot_v1__run003,incremental_valid_n32_004,14,incremental_valid,32,20292727,0b22871f3e65f8f2e4af233c233161744ac369324a5c13132b38f9d27d6ac65e,22,nested_heavy_valid,16,15,31,1,1,15,14,29,0.9354838709677419,0.9354838709677419,6,7,7,54,59,113,0.5022222222222222,0,0,0,simplified_jordan_paper_ordinary_list,minimal,checked,5,5,3,576583,True,,True,True,
week11_pilot_v1,week11_pilot_v1__run003,incremental_valid_n32_004,14,incremental_valid,32,20292727,0b22871f3e65f8f2e4af233c233161744ac369324a5c13132b38f9d27d6ac65e,22,nested_heavy_valid,16,15,31,1,1,15,14,29,0.9354838709677419,0.9354838709677419,6,7,7,54,59,113,0.5022222222222222,0,0,0,simplified_jordan_reference,minimal,checked,6,6,1,182583,True,,True,True,
week11_pilot_v1,week11_pilot_v1__run003,incremental_valid_n32_004,14,incremental_valid,32,20292727,0b22871f3e65f8f2e4af233c233161744ac369324a5c13132b38f9d27d6ac65e,22,nested_heavy_valid,16,15,31,1,1,15,14,29,0.9354838709677419,0.9354838709677419,6,7,7,54,59,113,0.5022222222222222,0,0,0,simplified_jordan_paper_ordinary_list,minimal,checked,6,6,2,580334,True,,True,True,
week11_pilot_v1,week11_pilot_v1__run003,incremental_valid_n32_004,14,incremental_valid,32,20292727,0b22871f3e65f8f2e4af233c233161744ac369324a5c13132b38f9d27d6ac65e,22,nested_heavy_valid,16,15,31,1,1,15,14,29,0.9354838709677419,0.9354838709677419,6,7,7,54,59,113,0.5022222222222222,0,0,0,python_sort,minimal,checked,6,6,3,833,True,,True,True,
week11_pilot_v1,week11_pilot_v1__run003,incremental_valid_n32_004,14,incremental_valid,32,20292727,0b22871f3e65f8f2e4af233c233161744ac369324a5c13132b38f9d27d6ac65e,22,nested_heavy_valid,16,15,31,1,1,15,14,29,0.9354838709677419,0.9354838709677419,6,7,7,54,59,113,0.5022222222222222,0,0,0,simplified_jordan_paper_ordinary_list,minimal,checked,7,7,1,566708,True,,True,True,
week11_pilot_v1,week11_pilot_v1__run003,incremental_valid_n32_004,14,incremental_valid,32,20292727,0b22871f3e65f8f2e4af233c233161744ac369324a5c13132b38f9d27d6ac65e,22,nested_heavy_valid,16,15,31,1,1,15,14,29,0.9354838709677419,0.9354838709677419,6,7,7,54,59,113,0.5022222222222222,0,0,0,python_sort,minimal,checked,7,7,2,791,True,,True,True,
week11_pilot_v1,week11_pilot_v1__run003,incremental_valid_n32_004,14,incremental_valid,32,20292727,0b22871f3e65f8f2e4af233c233161744ac369324a5c13132b38f9d27d6ac65e,22,nested_heavy_valid,16,15,31,1,1,15,14,29,0.9354838709677419,0.9354838709677419,6,7,7,54,59,113,0.5022222222222222,0,0,0,simplified_jordan_reference,minimal,checked,7,7,3,183000,True,,True,True,
week11_pilot_v1,week11_pilot_v1__run003,incremental_valid_n32_004,14,incremental_valid,32,20292727,0b22871f3e65f8f2e4af233c233161744ac369324a5c13132b38f9d27d6ac65e,22,nested_heavy_valid,16,15,31,1,1,15,14,29,0.9354838709677419,0.9354838709677419,6,7,7,54,59,113,0.5022222222222222,0,0,0,python_sort,minimal,checked,8,8,1,709,True,,True,True,
week11_pilot_v1,week11_pilot_v1__run003,incremental_valid_n32_004,14,incremental_valid,32,20292727,0b22871f3e65f8f2e4af233c233161744ac369324a5c13132b38f9d27d6ac65e,22,nested_heavy_valid,16,15,31,1,1,15,14,29,0.9354838709677419,0.9354838709677419,6,7,7,54,59,113,0.5022222222222222,0,0,0,simplified_jordan_reference,minimal,checked,8,8,2,178708,True,,True,True,
week11_pilot_v1,week11_pilot_v1__run003,incremental_valid_n32_004,14,incremental_valid,32,20292727,0b22871f3e65f8f2e4af233c233161744ac369324a5c13132b38f9d27d6ac65e,22,nested_heavy_valid,16,15,31,1,1,15,14,29,0.9354838709677419,0.9354838709677419,6,7,7,54,59,113,0.5022222222222222,0,0,0,simplified_jordan_paper_ordinary_list,minimal,checked,8,8,3,599333,True,,True,True,
week11_pilot_v1,week11_pilot_v1__run003,incremental_valid_n32_004,14,incremental_valid,32,20292727,0b22871f3e65f8f2e4af233c233161744ac369324a5c13132b38f9d27d6ac65e,22,nested_heavy_valid,16,15,31,1,1,15,14,29,0.9354838709677419,0.9354838709677419,6,7,7,54,59,113,0.5022222222222222,0,0,0,simplified_jordan_reference,minimal,checked,9,9,1,193750,True,,True,True,
week11_pilot_v1,week11_pilot_v1__run003,incremental_valid_n32_004,14,incremental_valid,32,20292727,0b22871f3e65f8f2e4af233c233161744ac369324a5c13132b38f9d27d6ac65e,22,nested_heavy_valid,16,15,31,1,1,15,14,29,0.9354838709677419,0.9354838709677419,6,7,7,54,59,113,0.5022222222222222,0,0,0,simplified_jordan_paper_ordinary_list,minimal,checked,9,9,2,569917,True,,True,True,
week11_pilot_v1,week11_pilot_v1__run003,incremental_valid_n32_004,14,incremental_valid,32,20292727,0b22871f3e65f8f2e4af233c233161744ac369324a5c13132b38f9d27d6ac65e,22,nested_heavy_valid,16,15,31,1,1,15,14,29,0.9354838709677419,0.9354838709677419,6,7,7,54,59,113,0.5022222222222222,0,0,0,python_sort,minimal,checked,9,9,3,875,True,,True,True,
week11_pilot_v1,week11_pilot_v1__run003,incremental_valid_n32_004,14,incremental_valid,32,20292727,0b22871f3e65f8f2e4af233c233161744ac369324a5c13132b38f9d27d6ac65e,22,nested_heavy_valid,16,15,31,1,1,15,14,29,0.9354838709677419,0.9354838709677419,6,7,7,54,59,113,0.5022222222222222,0,0,0,simplified_jordan_paper_ordinary_list,minimal,checked,10,10,1,560291,True,,True,True,
week11_pilot_v1,week11_pilot_v1__run003,incremental_valid_n32_004,14,incremental_valid,32,20292727,0b22871f3e65f8f2e4af233c233161744ac369324a5c13132b38f9d27d6ac65e,22,nested_heavy_valid,16,15,31,1,1,15,14,29,0.9354838709677419,0.9354838709677419,6,7,7,54,59,113,0.5022222222222222,0,0,0,python_sort,minimal,checked,10,10,2,875,True,,True,True,
week11_pilot_v1,week11_pilot_v1__run003,incremental_valid_n32_004,14,incremental_valid,32,20292727,0b22871f3e65f8f2e4af233c233161744ac369324a5c13132b38f9d27d6ac65e,22,nested_heavy_valid,16,15,31,1,1,15,14,29,0.9354838709677419,0.9354838709677419,6,7,7,54,59,113,0.5022222222222222,0,0,0,simplified_jordan_reference,minimal,checked,10,10,3,184375,True,,True,True,
week11_pilot_v1,week11_pilot_v1__run003,incremental_valid_n64_003,18,incremental_valid,64,20324726,2fc264d341fb0a1f94f743f3fb81658d99a2404488d7a473ccaf6ca3ba657974,23,nested_heavy_valid,32,31,63,2,1,30,30,60,0.9523809523809523,0.9523809523809523,13,12,13,207,180,387,0.40270551508844954,0,0,0,python_sort,minimal,checked,1,1,1,1500,True,,True,True,
week11_pilot_v1,week11_pilot_v1__run003,incremental_valid_n64_003,18,incremental_valid,64,20324726,2fc264d341fb0a1f94f743f3fb81658d99a2404488d7a473ccaf6ca3ba657974,23,nested_heavy_valid,32,31,63,2,1,30,30,60,0.9523809523809523,0.9523809523809523,13,12,13,207,180,387,0.40270551508844954,0,0,0,simplified_jordan_paper_ordinary_list,minimal,checked,1,1,2,1312000,True,,True,True,
week11_pilot_v1,week11_pilot_v1__run003,incremental_valid_n64_003,18,incremental_valid,64,20324726,2fc264d341fb0a1f94f743f3fb81658d99a2404488d7a473ccaf6ca3ba657974,23,nested_heavy_valid,32,31,63,2,1,30,30,60,0.9523809523809523,0.9523809523809523,13,12,13,207,180,387,0.40270551508844954,0,0,0,simplified_jordan_reference,minimal,checked,1,1,3,588750,True,,True,True,
week11_pilot_v1,week11_pilot_v1__run003,incremental_valid_n64_003,18,incremental_valid,64,20324726,2fc264d341fb0a1f94f743f3fb81658d99a2404488d7a473ccaf6ca3ba657974,23,nested_heavy_valid,32,31,63,2,1,30,30,60,0.9523809523809523,0.9523809523809523,13,12,13,207,180,387,0.40270551508844954,0,0,0,simplified_jordan_paper_ordinary_list,minimal,checked,2,2,1,1299458,True,,True,True,
week11_pilot_v1,week11_pilot_v1__run003,incremental_valid_n64_003,18,incremental_valid,64,20324726,2fc264d341fb0a1f94f743f3fb81658d99a2404488d7a473ccaf6ca3ba657974,23,nested_heavy_valid,32,31,63,2,1,30,30,60,0.9523809523809523,0.9523809523809523,13,12,13,207,180,387,0.40270551508844954,0,0,0,simplified_jordan_reference,minimal,checked,2,2,2,587417,True,,True,True,
week11_pilot_v1,week11_pilot_v1__run003,incremental_valid_n64_003,18,incremental_valid,64,20324726,2fc264d341fb0a1f94f743f3fb81658d99a2404488d7a473ccaf6ca3ba657974,23,nested_heavy_valid,32,31,63,2,1,30,30,60,0.9523809523809523,0.9523809523809523,13,12,13,207,180,387,0.40270551508844954,0,0,0,python_sort,minimal,checked,2,2,3,1375,True,,True,True,
week11_pilot_v1,week11_pilot_v1__run003,incremental_valid_n64_003,18,incremental_valid,64,20324726,2fc264d341fb0a1f94f743f3fb81658d99a2404488d7a473ccaf6ca3ba657974,23,nested_heavy_valid,32,31,63,2,1,30,30,60,0.9523809523809523,0.9523809523809523,13,12,13,207,180,387,0.40270551508844954,0,0,0,simplified_jordan_reference,minimal,checked,3,3,1,582292,True,,True,True,
week11_pilot_v1,week11_pilot_v1__run003,incremental_valid_n64_003,18,incremental_valid,64,20324726,2fc264d341fb0a1f94f743f3fb81658d99a2404488d7a473ccaf6ca3ba657974,23,nested_heavy_valid,32,31,63,2,1,30,30,60,0.9523809523809523,0.9523809523809523,13,12,13,207,180,387,0.40270551508844954,0,0,0,python_sort,minimal,checked,3,3,2,1417,True,,True,True,
week11_pilot_v1,week11_pilot_v1__run003,incremental_valid_n64_003,18,incremental_valid,64,20324726,2fc264d341fb0a1f94f743f3fb81658d99a2404488d7a473ccaf6ca3ba657974,23,nested_heavy_valid,32,31,63,2,1,30,30,60,0.9523809523809523,0.9523809523809523,13,12,13,207,180,387,0.40270551508844954,0,0,0,simplified_jordan_paper_ordinary_list,minimal,checked,3,3,3,1326667,True,,True,True,
week11_pilot_v1,week11_pilot_v1__run003,incremental_valid_n64_003,18,incremental_valid,64,20324726,2fc264d341fb0a1f94f743f3fb81658d99a2404488d7a473ccaf6ca3ba657974,23,nested_heavy_valid,32,31,63,2,1,30,30,60,0.9523809523809523,0.9523809523809523,13,12,13,207,180,387,0.40270551508844954,0,0,0,python_sort,minimal,checked,4,4,1,1500,True,,True,True,
week11_pilot_v1,week11_pilot_v1__run003,incremental_valid_n64_003,18,incremental_valid,64,20324726,2fc264d341fb0a1f94f743f3fb81658d99a2404488d7a473ccaf6ca3ba657974,23,nested_heavy_valid,32,31,63,2,1,30,30,60,0.9523809523809523,0.9523809523809523,13,12,13,207,180,387,0.40270551508844954,0,0,0,simplified_jordan_paper_ordinary_list,minimal,checked,4,4,2,1311458,True,,True,True,
week11_pilot_v1,week11_pilot_v1__run003,incremental_valid_n64_003,18,incremental_valid,64,20324726,2fc264d341fb0a1f94f743f3fb81658d99a2404488d7a473ccaf6ca3ba657974,23,nested_heavy_valid,32,31,63,2,1,30,30,60,0.9523809523809523,0.9523809523809523,13,12,13,207,180,387,0.40270551508844954,0,0,0,simplified_jordan_reference,minimal,checked,4,4,3,606167,True,,True,True,
week11_pilot_v1,week11_pilot_v1__run003,incremental_valid_n64_003,18,incremental_valid,64,20324726,2fc264d341fb0a1f94f743f3fb81658d99a2404488d7a473ccaf6ca3ba657974,23,nested_heavy_valid,32,31,63,2,1,30,30,60,0.9523809523809523,0.9523809523809523,13,12,13,207,180,387,0.40270551508844954,0,0,0,simplified_jordan_paper_ordinary_list,minimal,checked,5,5,1,1345875,True,,True,True,
week11_pilot_v1,week11_pilot_v1__run003,incremental_valid_n64_003,18,incremental_valid,64,20324726,2fc264d341fb0a1f94f743f3fb81658d99a2404488d7a473ccaf6ca3ba657974,23,nested_heavy_valid,32,31,63,2,1,30,30,60,0.9523809523809523,0.9523809523809523,13,12,13,207,180,387,0.40270551508844954,0,0,0,simplified_jordan_reference,minimal,checked,5,5,2,597667,True,,True,True,
week11_pilot_v1,week11_pilot_v1__run003,incremental_valid_n64_003,18,incremental_valid,64,20324726,2fc264d341fb0a1f94f743f3fb81658d99a2404488d7a473ccaf6ca3ba657974,23,nested_heavy_valid,32,31,63,2,1,30,30,60,0.9523809523809523,0.9523809523809523,13,12,13,207,180,387,0.40270551508844954,0,0,0,python_sort,minimal,checked,5,5,3,1542,True,,True,True,
week11_pilot_v1,week11_pilot_v1__run003,incremental_valid_n64_003,18,incremental_valid,64,20324726,2fc264d341fb0a1f94f743f3fb81658d99a2404488d7a473ccaf6ca3ba657974,23,nested_heavy_valid,32,31,63,2,1,30,30,60,0.9523809523809523,0.9523809523809523,13,12,13,207,180,387,0.40270551508844954,0,0,0,simplified_jordan_reference,minimal,checked,6,6,1,594917,True,,True,True,
week11_pilot_v1,week11_pilot_v1__run003,incremental_valid_n64_003,18,incremental_valid,64,20324726,2fc264d341fb0a1f94f743f3fb81658d99a2404488d7a473ccaf6ca3ba657974,23,nested_heavy_valid,32,31,63,2,1,30,30,60,0.9523809523809523,0.9523809523809523,13,12,13,207,180,387,0.40270551508844954,0,0,0,python_sort,minimal,checked,6,6,2,1416,True,,True,True,
week11_pilot_v1,week11_pilot_v1__run003,incremental_valid_n64_003,18,incremental_valid,64,20324726,2fc264d341fb0a1f94f743f3fb81658d99a2404488d7a473ccaf6ca3ba657974,23,nested_heavy_valid,32,31,63,2,1,30,30,60,0.9523809523809523,0.9523809523809523,13,12,13,207,180,387,0.40270551508844954,0,0,0,simplified_jordan_paper_ordinary_list,minimal,checked,6,6,3,1308458,True,,True,True,
week11_pilot_v1,week11_pilot_v1__run003,incremental_valid_n64_003,18,incremental_valid,64,20324726,2fc264d341fb0a1f94f743f3fb81658d99a2404488d7a473ccaf6ca3ba657974,23,nested_heavy_valid,32,31,63,2,1,30,30,60,0.9523809523809523,0.9523809523809523,13,12,13,207,180,387,0.40270551508844954,0,0,0,python_sort,minimal,checked,7,7,1,1458,True,,True,True,
week11_pilot_v1,week11_pilot_v1__run003,incremental_valid_n64_003,18,incremental_valid,64,20324726,2fc264d341fb0a1f94f743f3fb81658d99a2404488d7a473ccaf6ca3ba657974,23,nested_heavy_valid,32,31,63,2,1,30,30,60,0.9523809523809523,0.9523809523809523,13,12,13,207,180,387,0.40270551508844954,0,0,0,simplified_jordan_paper_ordinary_list,minimal,checked,7,7,2,1298875,True,,True,True,
week11_pilot_v1,week11_pilot_v1__run003,incremental_valid_n64_003,18,incremental_valid,64,20324726,2fc264d341fb0a1f94f743f3fb81658d99a2404488d7a473ccaf6ca3ba657974,23,nested_heavy_valid,32,31,63,2,1,30,30,60,0.9523809523809523,0.9523809523809523,13,12,13,207,180,387,0.40270551508844954,0,0,0,simplified_jordan_reference,minimal,checked,7,7,3,590750,True,,True,True,
week11_pilot_v1,week11_pilot_v1__run003,incremental_valid_n64_003,18,incremental_valid,64,20324726,2fc264d341fb0a1f94f743f3fb81658d99a2404488d7a473ccaf6ca3ba657974,23,nested_heavy_valid,32,31,63,2,1,30,30,60,0.9523809523809523,0.9523809523809523,13,12,13,207,180,387,0.40270551508844954,0,0,0,simplified_jordan_paper_ordinary_list,minimal,checked,8,8,1,1333625,True,,True,True,
week11_pilot_v1,week11_pilot_v1__run003,incremental_valid_n64_003,18,incremental_valid,64,20324726,2fc264d341fb0a1f94f743f3fb81658d99a2404488d7a473ccaf6ca3ba657974,23,nested_heavy_valid,32,31,63,2,1,30,30,60,0.9523809523809523,0.9523809523809523,13,12,13,207,180,387,0.40270551508844954,0,0,0,simplified_jordan_reference,minimal,checked,8,8,2,588000,True,,True,True,
week11_pilot_v1,week11_pilot_v1__run003,incremental_valid_n64_003,18,incremental_valid,64,20324726,2fc264d341fb0a1f94f743f3fb81658d99a2404488d7a473ccaf6ca3ba657974,23,nested_heavy_valid,32,31,63,2,1,30,30,60,0.9523809523809523,0.9523809523809523,13,12,13,207,180,387,0.40270551508844954,0,0,0,python_sort,minimal,checked,8,8,3,1458,True,,True,True,
week11_pilot_v1,week11_pilot_v1__run003,incremental_valid_n64_003,18,incremental_valid,64,20324726,2fc264d341fb0a1f94f743f3fb81658d99a2404488d7a473ccaf6ca3ba657974,23,nested_heavy_valid,32,31,63,2,1,30,30,60,0.9523809523809523,0.9523809523809523,13,12,13,207,180,387,0.40270551508844954,0,0,0,simplified_jordan_reference,minimal,checked,9,9,1,595125,True,,True,True,
week11_pilot_v1,week11_pilot_v1__run003,incremental_valid_n64_003,18,incremental_valid,64,20324726,2fc264d341fb0a1f94f743f3fb81658d99a2404488d7a473ccaf6ca3ba657974,23,nested_heavy_valid,32,31,63,2,1,30,30,60,0.9523809523809523,0.9523809523809523,13,12,13,207,180,387,0.40270551508844954,0,0,0,python_sort,minimal,checked,9,9,2,1416,True,,True,True,
week11_pilot_v1,week11_pilot_v1__run003,incremental_valid_n64_003,18,incremental_valid,64,20324726,2fc264d341fb0a1f94f743f3fb81658d99a2404488d7a473ccaf6ca3ba657974,23,nested_heavy_valid,32,31,63,2,1,30,30,60,0.9523809523809523,0.9523809523809523,13,12,13,207,180,387,0.40270551508844954,0,0,0,simplified_jordan_paper_ordinary_list,minimal,checked,9,9,3,1311084,True,,True,True,
week11_pilot_v1,week11_pilot_v1__run003,incremental_valid_n64_003,18,incremental_valid,64,20324726,2fc264d341fb0a1f94f743f3fb81658d99a2404488d7a473ccaf6ca3ba657974,23,nested_heavy_valid,32,31,63,2,1,30,30,60,0.9523809523809523,0.9523809523809523,13,12,13,207,180,387,0.40270551508844954,0,0,0,python_sort,minimal,checked,10,10,1,1417,True,,True,True,
week11_pilot_v1,week11_pilot_v1__run003,incremental_valid_n64_003,18,incremental_valid,64,20324726,2fc264d341fb0a1f94f743f3fb81658d99a2404488d7a473ccaf6ca3ba657974,23,nested_heavy_valid,32,31,63,2,1,30,30,60,0.9523809523809523,0.9523809523809523,13,12,13,207,180,387,0.40270551508844954,0,0,0,simplified_jordan_paper_ordinary_list,minimal,checked,10,10,2,1328833,True,,True,True,
week11_pilot_v1,week11_pilot_v1__run003,incremental_valid_n64_003,18,incremental_valid,64,20324726,2fc264d341fb0a1f94f743f3fb81658d99a2404488d7a473ccaf6ca3ba657974,23,nested_heavy_valid,32,31,63,2,1,30,30,60,0.9523809523809523,0.9523809523809523,13,12,13,207,180,387,0.40270551508844954,0,0,0,simplified_jordan_reference,minimal,checked,10,10,3,603875,True,,True,True,
week11_pilot_v1,week11_pilot_v1__run003,flat_valid_n512_001,5,flat_valid,512,,cee2d84d07588bde247877928568e20c93ac99dfc7b4c4e8524423bbe6910632,24,strict_flat,256,255,511,256,255,0,0,0,0.0,0.0,0,0,0,0,0,0,0.0,0,0,0,simplified_jordan_reference,minimal,checked,1,1,1,28946750,True,,True,True,
week11_pilot_v1,week11_pilot_v1__run003,flat_valid_n512_001,5,flat_valid,512,,cee2d84d07588bde247877928568e20c93ac99dfc7b4c4e8524423bbe6910632,24,strict_flat,256,255,511,256,255,0,0,0,0.0,0.0,0,0,0,0,0,0,0.0,0,0,0,python_sort,minimal,checked,1,1,2,1333,True,,True,True,
week11_pilot_v1,week11_pilot_v1__run003,flat_valid_n512_001,5,flat_valid,512,,cee2d84d07588bde247877928568e20c93ac99dfc7b4c4e8524423bbe6910632,24,strict_flat,256,255,511,256,255,0,0,0,0.0,0.0,0,0,0,0,0,0,0.0,0,0,0,simplified_jordan_paper_ordinary_list,minimal,checked,1,1,3,8098666,True,,True,True,
week11_pilot_v1,week11_pilot_v1__run003,flat_valid_n512_001,5,flat_valid,512,,cee2d84d07588bde247877928568e20c93ac99dfc7b4c4e8524423bbe6910632,24,strict_flat,256,255,511,256,255,0,0,0,0.0,0.0,0,0,0,0,0,0,0.0,0,0,0,python_sort,minimal,checked,2,2,1,1250,True,,True,True,
week11_pilot_v1,week11_pilot_v1__run003,flat_valid_n512_001,5,flat_valid,512,,cee2d84d07588bde247877928568e20c93ac99dfc7b4c4e8524423bbe6910632,24,strict_flat,256,255,511,256,255,0,0,0,0.0,0.0,0,0,0,0,0,0,0.0,0,0,0,simplified_jordan_paper_ordinary_list,minimal,checked,2,2,2,8097791,True,,True,True,
week11_pilot_v1,week11_pilot_v1__run003,flat_valid_n512_001,5,flat_valid,512,,cee2d84d07588bde247877928568e20c93ac99dfc7b4c4e8524423bbe6910632,24,strict_flat,256,255,511,256,255,0,0,0,0.0,0.0,0,0,0,0,0,0,0.0,0,0,0,simplified_jordan_reference,minimal,checked,2,2,3,29021416,True,,True,True,
week11_pilot_v1,week11_pilot_v1__run003,flat_valid_n512_001,5,flat_valid,512,,cee2d84d07588bde247877928568e20c93ac99dfc7b4c4e8524423bbe6910632,24,strict_flat,256,255,511,256,255,0,0,0,0.0,0.0,0,0,0,0,0,0,0.0,0,0,0,simplified_jordan_paper_ordinary_list,minimal,checked,3,3,1,8185125,True,,True,True,
week11_pilot_v1,week11_pilot_v1__run003,flat_valid_n512_001,5,flat_valid,512,,cee2d84d07588bde247877928568e20c93ac99dfc7b4c4e8524423bbe6910632,24,strict_flat,256,255,511,256,255,0,0,0,0.0,0.0,0,0,0,0,0,0,0.0,0,0,0,simplified_jordan_reference,minimal,checked,3,3,2,29100875,True,,True,True,
week11_pilot_v1,week11_pilot_v1__run003,flat_valid_n512_001,5,flat_valid,512,,cee2d84d07588bde247877928568e20c93ac99dfc7b4c4e8524423bbe6910632,24,strict_flat,256,255,511,256,255,0,0,0,0.0,0.0,0,0,0,0,0,0,0.0,0,0,0,python_sort,minimal,checked,3,3,3,1750,True,,True,True,
week11_pilot_v1,week11_pilot_v1__run003,flat_valid_n512_001,5,flat_valid,512,,cee2d84d07588bde247877928568e20c93ac99dfc7b4c4e8524423bbe6910632,24,strict_flat,256,255,511,256,255,0,0,0,0.0,0.0,0,0,0,0,0,0,0.0,0,0,0,simplified_jordan_reference,minimal,checked,4,4,1,28844000,True,,True,True,
week11_pilot_v1,week11_pilot_v1__run003,flat_valid_n512_001,5,flat_valid,512,,cee2d84d07588bde247877928568e20c93ac99dfc7b4c4e8524423bbe6910632,24,strict_flat,256,255,511,256,255,0,0,0,0.0,0.0,0,0,0,0,0,0,0.0,0,0,0,python_sort,minimal,checked,4,4,2,1250,True,,True,True,
week11_pilot_v1,week11_pilot_v1__run003,flat_valid_n512_001,5,flat_valid,512,,cee2d84d07588bde247877928568e20c93ac99dfc7b4c4e8524423bbe6910632,24,strict_flat,256,255,511,256,255,0,0,0,0.0,0.0,0,0,0,0,0,0,0.0,0,0,0,simplified_jordan_paper_ordinary_list,minimal,checked,4,4,3,8145166,True,,True,True,
week11_pilot_v1,week11_pilot_v1__run003,flat_valid_n512_001,5,flat_valid,512,,cee2d84d07588bde247877928568e20c93ac99dfc7b4c4e8524423bbe6910632,24,strict_flat,256,255,511,256,255,0,0,0,0.0,0.0,0,0,0,0,0,0,0.0,0,0,0,python_sort,minimal,checked,5,5,1,1209,True,,True,True,
week11_pilot_v1,week11_pilot_v1__run003,flat_valid_n512_001,5,flat_valid,512,,cee2d84d07588bde247877928568e20c93ac99dfc7b4c4e8524423bbe6910632,24,strict_flat,256,255,511,256,255,0,0,0,0.0,0.0,0,0,0,0,0,0,0.0,0,0,0,simplified_jordan_paper_ordinary_list,minimal,checked,5,5,2,8030833,True,,True,True,
week11_pilot_v1,week11_pilot_v1__run003,flat_valid_n512_001,5,flat_valid,512,,cee2d84d07588bde247877928568e20c93ac99dfc7b4c4e8524423bbe6910632,24,strict_flat,256,255,511,256,255,0,0,0,0.0,0.0,0,0,0,0,0,0,0.0,0,0,0,simplified_jordan_reference,minimal,checked,5,5,3,28971750,True,,True,True,
week11_pilot_v1,week11_pilot_v1__run003,flat_valid_n512_001,5,flat_valid,512,,cee2d84d07588bde247877928568e20c93ac99dfc7b4c4e8524423bbe6910632,24,strict_flat,256,255,511,256,255,0,0,0,0.0,0.0,0,0,0,0,0,0,0.0,0,0,0,simplified_jordan_paper_ordinary_list,minimal,checked,6,6,1,8127792,True,,True,True,
week11_pilot_v1,week11_pilot_v1__run003,flat_valid_n512_001,5,flat_valid,512,,cee2d84d07588bde247877928568e20c93ac99dfc7b4c4e8524423bbe6910632,24,strict_flat,256,255,511,256,255,0,0,0,0.0,0.0,0,0,0,0,0,0,0.0,0,0,0,simplified_jordan_reference,minimal,checked,6,6,2,28902084,True,,True,True,
week11_pilot_v1,week11_pilot_v1__run003,flat_valid_n512_001,5,flat_valid,512,,cee2d84d07588bde247877928568e20c93ac99dfc7b4c4e8524423bbe6910632,24,strict_flat,256,255,511,256,255,0,0,0,0.0,0.0,0,0,0,0,0,0,0.0,0,0,0,python_sort,minimal,checked,6,6,3,1625,True,,True,True,
week11_pilot_v1,week11_pilot_v1__run003,flat_valid_n512_001,5,flat_valid,512,,cee2d84d07588bde247877928568e20c93ac99dfc7b4c4e8524423bbe6910632,24,strict_flat,256,255,511,256,255,0,0,0,0.0,0.0,0,0,0,0,0,0,0.0,0,0,0,simplified_jordan_reference,minimal,checked,7,7,1,29054292,True,,True,True,
week11_pilot_v1,week11_pilot_v1__run003,flat_valid_n512_001,5,flat_valid,512,,cee2d84d07588bde247877928568e20c93ac99dfc7b4c4e8524423bbe6910632,24,strict_flat,256,255,511,256,255,0,0,0,0.0,0.0,0,0,0,0,0,0,0.0,0,0,0,python_sort,minimal,checked,7,7,2,1292,True,,True,True,
week11_pilot_v1,week11_pilot_v1__run003,flat_valid_n512_001,5,flat_valid,512,,cee2d84d07588bde247877928568e20c93ac99dfc7b4c4e8524423bbe6910632,24,strict_flat,256,255,511,256,255,0,0,0,0.0,0.0,0,0,0,0,0,0,0.0,0,0,0,simplified_jordan_paper_ordinary_list,minimal,checked,7,7,3,8191833,True,,True,True,
week11_pilot_v1,week11_pilot_v1__run003,flat_valid_n512_001,5,flat_valid,512,,cee2d84d07588bde247877928568e20c93ac99dfc7b4c4e8524423bbe6910632,24,strict_flat,256,255,511,256,255,0,0,0,0.0,0.0,0,0,0,0,0,0,0.0,0,0,0,python_sort,minimal,checked,8,8,1,1458,True,,True,True,
week11_pilot_v1,week11_pilot_v1__run003,flat_valid_n512_001,5,flat_valid,512,,cee2d84d07588bde247877928568e20c93ac99dfc7b4c4e8524423bbe6910632,24,strict_flat,256,255,511,256,255,0,0,0,0.0,0.0,0,0,0,0,0,0,0.0,0,0,0,simplified_jordan_paper_ordinary_list,minimal,checked,8,8,2,8142417,True,,True,True,
week11_pilot_v1,week11_pilot_v1__run003,flat_valid_n512_001,5,flat_valid,512,,cee2d84d07588bde247877928568e20c93ac99dfc7b4c4e8524423bbe6910632,24,strict_flat,256,255,511,256,255,0,0,0,0.0,0.0,0,0,0,0,0,0,0.0,0,0,0,simplified_jordan_reference,minimal,checked,8,8,3,28970458,True,,True,True,
week11_pilot_v1,week11_pilot_v1__run003,flat_valid_n512_001,5,flat_valid,512,,cee2d84d07588bde247877928568e20c93ac99dfc7b4c4e8524423bbe6910632,24,strict_flat,256,255,511,256,255,0,0,0,0.0,0.0,0,0,0,0,0,0,0.0,0,0,0,simplified_jordan_paper_ordinary_list,minimal,checked,9,9,1,8113541,True,,True,True,
week11_pilot_v1,week11_pilot_v1__run003,flat_valid_n512_001,5,flat_valid,512,,cee2d84d07588bde247877928568e20c93ac99dfc7b4c4e8524423bbe6910632,24,strict_flat,256,255,511,256,255,0,0,0,0.0,0.0,0,0,0,0,0,0,0.0,0,0,0,simplified_jordan_reference,minimal,checked,9,9,2,28929292,True,,True,True,
week11_pilot_v1,week11_pilot_v1__run003,flat_valid_n512_001,5,flat_valid,512,,cee2d84d07588bde247877928568e20c93ac99dfc7b4c4e8524423bbe6910632,24,strict_flat,256,255,511,256,255,0,0,0,0.0,0.0,0,0,0,0,0,0,0.0,0,0,0,python_sort,minimal,checked,9,9,3,1500,True,,True,True,
week11_pilot_v1,week11_pilot_v1__run003,flat_valid_n512_001,5,flat_valid,512,,cee2d84d07588bde247877928568e20c93ac99dfc7b4c4e8524423bbe6910632,24,strict_flat,256,255,511,256,255,0,0,0,0.0,0.0,0,0,0,0,0,0,0.0,0,0,0,simplified_jordan_reference,minimal,checked,10,10,1,28960583,True,,True,True,
week11_pilot_v1,week11_pilot_v1__run003,flat_valid_n512_001,5,flat_valid,512,,cee2d84d07588bde247877928568e20c93ac99dfc7b4c4e8524423bbe6910632,24,strict_flat,256,255,511,256,255,0,0,0,0.0,0.0,0,0,0,0,0,0,0.0,0,0,0,python_sort,minimal,checked,10,10,2,1667,True,,True,True,
week11_pilot_v1,week11_pilot_v1__run003,flat_valid_n512_001,5,flat_valid,512,,cee2d84d07588bde247877928568e20c93ac99dfc7b4c4e8524423bbe6910632,24,strict_flat,256,255,511,256,255,0,0,0,0.0,0.0,0,0,0,0,0,0,0.0,0,0,0,simplified_jordan_paper_ordinary_list,minimal,checked,10,10,3,8078209,True,,True,True,
week11_pilot_v1,week11_pilot_v1__run003,incremental_valid_n128_003,23,incremental_valid,128,20388726,afac7e5e2b018827d978b03c7960c1577a063b7793157cc418abd07d835dd8f1,25,nested_heavy_valid,64,63,127,1,3,63,60,123,0.968503937007874,0.968503937007874,26,22,26,783,710,1493,0.3761652809271857,0,0,0,python_sort,minimal,checked,1,1,1,2667,True,,True,True,
week11_pilot_v1,week11_pilot_v1__run003,incremental_valid_n128_003,23,incremental_valid,128,20388726,afac7e5e2b018827d978b03c7960c1577a063b7793157cc418abd07d835dd8f1,25,nested_heavy_valid,64,63,127,1,3,63,60,123,0.968503937007874,0.968503937007874,26,22,26,783,710,1493,0.3761652809271857,0,0,0,simplified_jordan_paper_ordinary_list,minimal,checked,1,1,2,2824917,True,,True,True,
week11_pilot_v1,week11_pilot_v1__run003,incremental_valid_n128_003,23,incremental_valid,128,20388726,afac7e5e2b018827d978b03c7960c1577a063b7793157cc418abd07d835dd8f1,25,nested_heavy_valid,64,63,127,1,3,63,60,123,0.968503937007874,0.968503937007874,26,22,26,783,710,1493,0.3761652809271857,0,0,0,simplified_jordan_reference,minimal,checked,1,1,3,2108709,True,,True,True,
week11_pilot_v1,week11_pilot_v1__run003,incremental_valid_n128_003,23,incremental_valid,128,20388726,afac7e5e2b018827d978b03c7960c1577a063b7793157cc418abd07d835dd8f1,25,nested_heavy_valid,64,63,127,1,3,63,60,123,0.968503937007874,0.968503937007874,26,22,26,783,710,1493,0.3761652809271857,0,0,0,simplified_jordan_paper_ordinary_list,minimal,checked,2,2,1,2886125,True,,True,True,
week11_pilot_v1,week11_pilot_v1__run003,incremental_valid_n128_003,23,incremental_valid,128,20388726,afac7e5e2b018827d978b03c7960c1577a063b7793157cc418abd07d835dd8f1,25,nested_heavy_valid,64,63,127,1,3,63,60,123,0.968503937007874,0.968503937007874,26,22,26,783,710,1493,0.3761652809271857,0,0,0,simplified_jordan_reference,minimal,checked,2,2,2,2104458,True,,True,True,
week11_pilot_v1,week11_pilot_v1__run003,incremental_valid_n128_003,23,incremental_valid,128,20388726,afac7e5e2b018827d978b03c7960c1577a063b7793157cc418abd07d835dd8f1,25,nested_heavy_valid,64,63,127,1,3,63,60,123,0.968503937007874,0.968503937007874,26,22,26,783,710,1493,0.3761652809271857,0,0,0,python_sort,minimal,checked,2,2,3,2875,True,,True,True,
week11_pilot_v1,week11_pilot_v1__run003,incremental_valid_n128_003,23,incremental_valid,128,20388726,afac7e5e2b018827d978b03c7960c1577a063b7793157cc418abd07d835dd8f1,25,nested_heavy_valid,64,63,127,1,3,63,60,123,0.968503937007874,0.968503937007874,26,22,26,783,710,1493,0.3761652809271857,0,0,0,simplified_jordan_reference,minimal,checked,3,3,1,2068042,True,,True,True,
week11_pilot_v1,week11_pilot_v1__run003,incremental_valid_n128_003,23,incremental_valid,128,20388726,afac7e5e2b018827d978b03c7960c1577a063b7793157cc418abd07d835dd8f1,25,nested_heavy_valid,64,63,127,1,3,63,60,123,0.968503937007874,0.968503937007874,26,22,26,783,710,1493,0.3761652809271857,0,0,0,python_sort,minimal,checked,3,3,2,2834,True,,True,True,
week11_pilot_v1,week11_pilot_v1__run003,incremental_valid_n128_003,23,incremental_valid,128,20388726,afac7e5e2b018827d978b03c7960c1577a063b7793157cc418abd07d835dd8f1,25,nested_heavy_valid,64,63,127,1,3,63,60,123,0.968503937007874,0.968503937007874,26,22,26,783,710,1493,0.3761652809271857,0,0,0,simplified_jordan_paper_ordinary_list,minimal,checked,3,3,3,2837167,True,,True,True,
week11_pilot_v1,week11_pilot_v1__run003,incremental_valid_n128_003,23,incremental_valid,128,20388726,afac7e5e2b018827d978b03c7960c1577a063b7793157cc418abd07d835dd8f1,25,nested_heavy_valid,64,63,127,1,3,63,60,123,0.968503937007874,0.968503937007874,26,22,26,783,710,1493,0.3761652809271857,0,0,0,python_sort,minimal,checked,4,4,1,2792,True,,True,True,
week11_pilot_v1,week11_pilot_v1__run003,incremental_valid_n128_003,23,incremental_valid,128,20388726,afac7e5e2b018827d978b03c7960c1577a063b7793157cc418abd07d835dd8f1,25,nested_heavy_valid,64,63,127,1,3,63,60,123,0.968503937007874,0.968503937007874,26,22,26,783,710,1493,0.3761652809271857,0,0,0,simplified_jordan_paper_ordinary_list,minimal,checked,4,4,2,2799708,True,,True,True,
week11_pilot_v1,week11_pilot_v1__run003,incremental_valid_n128_003,23,incremental_valid,128,20388726,afac7e5e2b018827d978b03c7960c1577a063b7793157cc418abd07d835dd8f1,25,nested_heavy_valid,64,63,127,1,3,63,60,123,0.968503937007874,0.968503937007874,26,22,26,783,710,1493,0.3761652809271857,0,0,0,simplified_jordan_reference,minimal,checked,4,4,3,2071250,True,,True,True,
week11_pilot_v1,week11_pilot_v1__run003,incremental_valid_n128_003,23,incremental_valid,128,20388726,afac7e5e2b018827d978b03c7960c1577a063b7793157cc418abd07d835dd8f1,25,nested_heavy_valid,64,63,127,1,3,63,60,123,0.968503937007874,0.968503937007874,26,22,26,783,710,1493,0.3761652809271857,0,0,0,simplified_jordan_paper_ordinary_list,minimal,checked,5,5,1,2851916,True,,True,True,
week11_pilot_v1,week11_pilot_v1__run003,incremental_valid_n128_003,23,incremental_valid,128,20388726,afac7e5e2b018827d978b03c7960c1577a063b7793157cc418abd07d835dd8f1,25,nested_heavy_valid,64,63,127,1,3,63,60,123,0.968503937007874,0.968503937007874,26,22,26,783,710,1493,0.3761652809271857,0,0,0,simplified_jordan_reference,minimal,checked,5,5,2,2123875,True,,True,True,
week11_pilot_v1,week11_pilot_v1__run003,incremental_valid_n128_003,23,incremental_valid,128,20388726,afac7e5e2b018827d978b03c7960c1577a063b7793157cc418abd07d835dd8f1,25,nested_heavy_valid,64,63,127,1,3,63,60,123,0.968503937007874,0.968503937007874,26,22,26,783,710,1493,0.3761652809271857,0,0,0,python_sort,minimal,checked,5,5,3,2916,True,,True,True,
week11_pilot_v1,week11_pilot_v1__run003,incremental_valid_n128_003,23,incremental_valid,128,20388726,afac7e5e2b018827d978b03c7960c1577a063b7793157cc418abd07d835dd8f1,25,nested_heavy_valid,64,63,127,1,3,63,60,123,0.968503937007874,0.968503937007874,26,22,26,783,710,1493,0.3761652809271857,0,0,0,simplified_jordan_reference,minimal,checked,6,6,1,2064292,True,,True,True,
week11_pilot_v1,week11_pilot_v1__run003,incremental_valid_n128_003,23,incremental_valid,128,20388726,afac7e5e2b018827d978b03c7960c1577a063b7793157cc418abd07d835dd8f1,25,nested_heavy_valid,64,63,127,1,3,63,60,123,0.968503937007874,0.968503937007874,26,22,26,783,710,1493,0.3761652809271857,0,0,0,python_sort,minimal,checked,6,6,2,2750,True,,True,True,
week11_pilot_v1,week11_pilot_v1__run003,incremental_valid_n128_003,23,incremental_valid,128,20388726,afac7e5e2b018827d978b03c7960c1577a063b7793157cc418abd07d835dd8f1,25,nested_heavy_valid,64,63,127,1,3,63,60,123,0.968503937007874,0.968503937007874,26,22,26,783,710,1493,0.3761652809271857,0,0,0,simplified_jordan_paper_ordinary_list,minimal,checked,6,6,3,2824667,True,,True,True,
week11_pilot_v1,week11_pilot_v1__run003,incremental_valid_n128_003,23,incremental_valid,128,20388726,afac7e5e2b018827d978b03c7960c1577a063b7793157cc418abd07d835dd8f1,25,nested_heavy_valid,64,63,127,1,3,63,60,123,0.968503937007874,0.968503937007874,26,22,26,783,710,1493,0.3761652809271857,0,0,0,python_sort,minimal,checked,7,7,1,2750,True,,True,True,
week11_pilot_v1,week11_pilot_v1__run003,incremental_valid_n128_003,23,incremental_valid,128,20388726,afac7e5e2b018827d978b03c7960c1577a063b7793157cc418abd07d835dd8f1,25,nested_heavy_valid,64,63,127,1,3,63,60,123,0.968503937007874,0.968503937007874,26,22,26,783,710,1493,0.3761652809271857,0,0,0,simplified_jordan_paper_ordinary_list,minimal,checked,7,7,2,2808417,True,,True,True,
week11_pilot_v1,week11_pilot_v1__run003,incremental_valid_n128_003,23,incremental_valid,128,20388726,afac7e5e2b018827d978b03c7960c1577a063b7793157cc418abd07d835dd8f1,25,nested_heavy_valid,64,63,127,1,3,63,60,123,0.968503937007874,0.968503937007874,26,22,26,783,710,1493,0.3761652809271857,0,0,0,simplified_jordan_reference,minimal,checked,7,7,3,2069292,True,,True,True,
week11_pilot_v1,week11_pilot_v1__run003,incremental_valid_n128_003,23,incremental_valid,128,20388726,afac7e5e2b018827d978b03c7960c1577a063b7793157cc418abd07d835dd8f1,25,nested_heavy_valid,64,63,127,1,3,63,60,123,0.968503937007874,0.968503937007874,26,22,26,783,710,1493,0.3761652809271857,0,0,0,simplified_jordan_paper_ordinary_list,minimal,checked,8,8,1,2825375,True,,True,True,
week11_pilot_v1,week11_pilot_v1__run003,incremental_valid_n128_003,23,incremental_valid,128,20388726,afac7e5e2b018827d978b03c7960c1577a063b7793157cc418abd07d835dd8f1,25,nested_heavy_valid,64,63,127,1,3,63,60,123,0.968503937007874,0.968503937007874,26,22,26,783,710,1493,0.3761652809271857,0,0,0,simplified_jordan_reference,minimal,checked,8,8,2,2127375,True,,True,True,
week11_pilot_v1,week11_pilot_v1__run003,incremental_valid_n128_003,23,incremental_valid,128,20388726,afac7e5e2b018827d978b03c7960c1577a063b7793157cc418abd07d835dd8f1,25,nested_heavy_valid,64,63,127,1,3,63,60,123,0.968503937007874,0.968503937007874,26,22,26,783,710,1493,0.3761652809271857,0,0,0,python_sort,minimal,checked,8,8,3,2917,True,,True,True,
week11_pilot_v1,week11_pilot_v1__run003,incremental_valid_n128_003,23,incremental_valid,128,20388726,afac7e5e2b018827d978b03c7960c1577a063b7793157cc418abd07d835dd8f1,25,nested_heavy_valid,64,63,127,1,3,63,60,123,0.968503937007874,0.968503937007874,26,22,26,783,710,1493,0.3761652809271857,0,0,0,simplified_jordan_reference,minimal,checked,9,9,1,2075959,True,,True,True,
week11_pilot_v1,week11_pilot_v1__run003,incremental_valid_n128_003,23,incremental_valid,128,20388726,afac7e5e2b018827d978b03c7960c1577a063b7793157cc418abd07d835dd8f1,25,nested_heavy_valid,64,63,127,1,3,63,60,123,0.968503937007874,0.968503937007874,26,22,26,783,710,1493,0.3761652809271857,0,0,0,python_sort,minimal,checked,9,9,2,2709,True,,True,True,
week11_pilot_v1,week11_pilot_v1__run003,incremental_valid_n128_003,23,incremental_valid,128,20388726,afac7e5e2b018827d978b03c7960c1577a063b7793157cc418abd07d835dd8f1,25,nested_heavy_valid,64,63,127,1,3,63,60,123,0.968503937007874,0.968503937007874,26,22,26,783,710,1493,0.3761652809271857,0,0,0,simplified_jordan_paper_ordinary_list,minimal,checked,9,9,3,2819500,True,,True,True,
week11_pilot_v1,week11_pilot_v1__run003,incremental_valid_n128_003,23,incremental_valid,128,20388726,afac7e5e2b018827d978b03c7960c1577a063b7793157cc418abd07d835dd8f1,25,nested_heavy_valid,64,63,127,1,3,63,60,123,0.968503937007874,0.968503937007874,26,22,26,783,710,1493,0.3761652809271857,0,0,0,python_sort,minimal,checked,10,10,1,2833,True,,True,True,
week11_pilot_v1,week11_pilot_v1__run003,incremental_valid_n128_003,23,incremental_valid,128,20388726,afac7e5e2b018827d978b03c7960c1577a063b7793157cc418abd07d835dd8f1,25,nested_heavy_valid,64,63,127,1,3,63,60,123,0.968503937007874,0.968503937007874,26,22,26,783,710,1493,0.3761652809271857,0,0,0,simplified_jordan_paper_ordinary_list,minimal,checked,10,10,2,2844250,True,,True,True,
week11_pilot_v1,week11_pilot_v1__run003,incremental_valid_n128_003,23,incremental_valid,128,20388726,afac7e5e2b018827d978b03c7960c1577a063b7793157cc418abd07d835dd8f1,25,nested_heavy_valid,64,63,127,1,3,63,60,123,0.968503937007874,0.968503937007874,26,22,26,783,710,1493,0.3761652809271857,0,0,0,simplified_jordan_reference,minimal,checked,10,10,3,2056500,True,,True,True,
week11_pilot_v1,week11_pilot_v1__run003,incremental_valid_n64_005,20,incremental_valid,64,20324728,d6ea9aa71a5381125cc7f7bc23e02687deb335c05a59a3bf86004d0410f13768,26,nested_heavy_valid,32,31,63,4,4,28,27,55,0.873015873015873,0.873015873015873,11,9,11,146,144,290,0.3017689906347555,0,0,0,simplified_jordan_paper_ordinary_list,minimal,checked,1,1,1,1293541,True,,True,True,
week11_pilot_v1,week11_pilot_v1__run003,incremental_valid_n64_005,20,incremental_valid,64,20324728,d6ea9aa71a5381125cc7f7bc23e02687deb335c05a59a3bf86004d0410f13768,26,nested_heavy_valid,32,31,63,4,4,28,27,55,0.873015873015873,0.873015873015873,11,9,11,146,144,290,0.3017689906347555,0,0,0,python_sort,minimal,checked,1,1,2,1583,True,,True,True,
week11_pilot_v1,week11_pilot_v1__run003,incremental_valid_n64_005,20,incremental_valid,64,20324728,d6ea9aa71a5381125cc7f7bc23e02687deb335c05a59a3bf86004d0410f13768,26,nested_heavy_valid,32,31,63,4,4,28,27,55,0.873015873015873,0.873015873015873,11,9,11,146,144,290,0.3017689906347555,0,0,0,simplified_jordan_reference,minimal,checked,1,1,3,591125,True,,True,True,
week11_pilot_v1,week11_pilot_v1__run003,incremental_valid_n64_005,20,incremental_valid,64,20324728,d6ea9aa71a5381125cc7f7bc23e02687deb335c05a59a3bf86004d0410f13768,26,nested_heavy_valid,32,31,63,4,4,28,27,55,0.873015873015873,0.873015873015873,11,9,11,146,144,290,0.3017689906347555,0,0,0,python_sort,minimal,checked,2,2,1,1417,True,,True,True,
week11_pilot_v1,week11_pilot_v1__run003,incremental_valid_n64_005,20,incremental_valid,64,20324728,d6ea9aa71a5381125cc7f7bc23e02687deb335c05a59a3bf86004d0410f13768,26,nested_heavy_valid,32,31,63,4,4,28,27,55,0.873015873015873,0.873015873015873,11,9,11,146,144,290,0.3017689906347555,0,0,0,simplified_jordan_reference,minimal,checked,2,2,2,570416,True,,True,True,
week11_pilot_v1,week11_pilot_v1__run003,incremental_valid_n64_005,20,incremental_valid,64,20324728,d6ea9aa71a5381125cc7f7bc23e02687deb335c05a59a3bf86004d0410f13768,26,nested_heavy_valid,32,31,63,4,4,28,27,55,0.873015873015873,0.873015873015873,11,9,11,146,144,290,0.3017689906347555,0,0,0,simplified_jordan_paper_ordinary_list,minimal,checked,2,2,3,1225250,True,,True,True,
week11_pilot_v1,week11_pilot_v1__run003,incremental_valid_n64_005,20,incremental_valid,64,20324728,d6ea9aa71a5381125cc7f7bc23e02687deb335c05a59a3bf86004d0410f13768,26,nested_heavy_valid,32,31,63,4,4,28,27,55,0.873015873015873,0.873015873015873,11,9,11,146,144,290,0.3017689906347555,0,0,0,simplified_jordan_reference,minimal,checked,3,3,1,576959,True,,True,True,
week11_pilot_v1,week11_pilot_v1__run003,incremental_valid_n64_005,20,incremental_valid,64,20324728,d6ea9aa71a5381125cc7f7bc23e02687deb335c05a59a3bf86004d0410f13768,26,nested_heavy_valid,32,31,63,4,4,28,27,55,0.873015873015873,0.873015873015873,11,9,11,146,144,290,0.3017689906347555,0,0,0,simplified_jordan_paper_ordinary_list,minimal,checked,3,3,2,1211208,True,,True,True,
week11_pilot_v1,week11_pilot_v1__run003,incremental_valid_n64_005,20,incremental_valid,64,20324728,d6ea9aa71a5381125cc7f7bc23e02687deb335c05a59a3bf86004d0410f13768,26,nested_heavy_valid,32,31,63,4,4,28,27,55,0.873015873015873,0.873015873015873,11,9,11,146,144,290,0.3017689906347555,0,0,0,python_sort,minimal,checked,3,3,3,1458,True,,True,True,
week11_pilot_v1,week11_pilot_v1__run003,incremental_valid_n64_005,20,incremental_valid,64,20324728,d6ea9aa71a5381125cc7f7bc23e02687deb335c05a59a3bf86004d0410f13768,26,nested_heavy_valid,32,31,63,4,4,28,27,55,0.873015873015873,0.873015873015873,11,9,11,146,144,290,0.3017689906347555,0,0,0,simplified_jordan_paper_ordinary_list,minimal,checked,4,4,1,1208125,True,,True,True,
week11_pilot_v1,week11_pilot_v1__run003,incremental_valid_n64_005,20,incremental_valid,64,20324728,d6ea9aa71a5381125cc7f7bc23e02687deb335c05a59a3bf86004d0410f13768,26,nested_heavy_valid,32,31,63,4,4,28,27,55,0.873015873015873,0.873015873015873,11,9,11,146,144,290,0.3017689906347555,0,0,0,python_sort,minimal,checked,4,4,2,1417,True,,True,True,
week11_pilot_v1,week11_pilot_v1__run003,incremental_valid_n64_005,20,incremental_valid,64,20324728,d6ea9aa71a5381125cc7f7bc23e02687deb335c05a59a3bf86004d0410f13768,26,nested_heavy_valid,32,31,63,4,4,28,27,55,0.873015873015873,0.873015873015873,11,9,11,146,144,290,0.3017689906347555,0,0,0,simplified_jordan_reference,minimal,checked,4,4,3,586375,True,,True,True,
week11_pilot_v1,week11_pilot_v1__run003,incremental_valid_n64_005,20,incremental_valid,64,20324728,d6ea9aa71a5381125cc7f7bc23e02687deb335c05a59a3bf86004d0410f13768,26,nested_heavy_valid,32,31,63,4,4,28,27,55,0.873015873015873,0.873015873015873,11,9,11,146,144,290,0.3017689906347555,0,0,0,python_sort,minimal,checked,5,5,1,1375,True,,True,True,
week11_pilot_v1,week11_pilot_v1__run003,incremental_valid_n64_005,20,incremental_valid,64,20324728,d6ea9aa71a5381125cc7f7bc23e02687deb335c05a59a3bf86004d0410f13768,26,nested_heavy_valid,32,31,63,4,4,28,27,55,0.873015873015873,0.873015873015873,11,9,11,146,144,290,0.3017689906347555,0,0,0,simplified_jordan_reference,minimal,checked,5,5,2,565834,True,,True,True,
week11_pilot_v1,week11_pilot_v1__run003,incremental_valid_n64_005,20,incremental_valid,64,20324728,d6ea9aa71a5381125cc7f7bc23e02687deb335c05a59a3bf86004d0410f13768,26,nested_heavy_valid,32,31,63,4,4,28,27,55,0.873015873015873,0.873015873015873,11,9,11,146,144,290,0.3017689906347555,0,0,0,simplified_jordan_paper_ordinary_list,minimal,checked,5,5,3,1222000,True,,True,True,
week11_pilot_v1,week11_pilot_v1__run003,incremental_valid_n64_005,20,incremental_valid,64,20324728,d6ea9aa71a5381125cc7f7bc23e02687deb335c05a59a3bf86004d0410f13768,26,nested_heavy_valid,32,31,63,4,4,28,27,55,0.873015873015873,0.873015873015873,11,9,11,146,144,290,0.3017689906347555,0,0,0,simplified_jordan_reference,minimal,checked,6,6,1,573375,True,,True,True,
week11_pilot_v1,week11_pilot_v1__run003,incremental_valid_n64_005,20,incremental_valid,64,20324728,d6ea9aa71a5381125cc7f7bc23e02687deb335c05a59a3bf86004d0410f13768,26,nested_heavy_valid,32,31,63,4,4,28,27,55,0.873015873015873,0.873015873015873,11,9,11,146,144,290,0.3017689906347555,0,0,0,simplified_jordan_paper_ordinary_list,minimal,checked,6,6,2,1206500,True,,True,True,
week11_pilot_v1,week11_pilot_v1__run003,incremental_valid_n64_005,20,incremental_valid,64,20324728,d6ea9aa71a5381125cc7f7bc23e02687deb335c05a59a3bf86004d0410f13768,26,nested_heavy_valid,32,31,63,4,4,28,27,55,0.873015873015873,0.873015873015873,11,9,11,146,144,290,0.3017689906347555,0,0,0,python_sort,minimal,checked,6,6,3,1375,True,,True,True,
week11_pilot_v1,week11_pilot_v1__run003,incremental_valid_n64_005,20,incremental_valid,64,20324728,d6ea9aa71a5381125cc7f7bc23e02687deb335c05a59a3bf86004d0410f13768,26,nested_heavy_valid,32,31,63,4,4,28,27,55,0.873015873015873,0.873015873015873,11,9,11,146,144,290,0.3017689906347555,0,0,0,simplified_jordan_paper_ordinary_list,minimal,checked,7,7,1,1195584,True,,True,True,
week11_pilot_v1,week11_pilot_v1__run003,incremental_valid_n64_005,20,incremental_valid,64,20324728,d6ea9aa71a5381125cc7f7bc23e02687deb335c05a59a3bf86004d0410f13768,26,nested_heavy_valid,32,31,63,4,4,28,27,55,0.873015873015873,0.873015873015873,11,9,11,146,144,290,0.3017689906347555,0,0,0,python_sort,minimal,checked,7,7,2,1375,True,,True,True,
week11_pilot_v1,week11_pilot_v1__run003,incremental_valid_n64_005,20,incremental_valid,64,20324728,d6ea9aa71a5381125cc7f7bc23e02687deb335c05a59a3bf86004d0410f13768,26,nested_heavy_valid,32,31,63,4,4,28,27,55,0.873015873015873,0.873015873015873,11,9,11,146,144,290,0.3017689906347555,0,0,0,simplified_jordan_reference,minimal,checked,7,7,3,570500,True,,True,True,
week11_pilot_v1,week11_pilot_v1__run003,incremental_valid_n64_005,20,incremental_valid,64,20324728,d6ea9aa71a5381125cc7f7bc23e02687deb335c05a59a3bf86004d0410f13768,26,nested_heavy_valid,32,31,63,4,4,28,27,55,0.873015873015873,0.873015873015873,11,9,11,146,144,290,0.3017689906347555,0,0,0,python_sort,minimal,checked,8,8,1,1375,True,,True,True,
week11_pilot_v1,week11_pilot_v1__run003,incremental_valid_n64_005,20,incremental_valid,64,20324728,d6ea9aa71a5381125cc7f7bc23e02687deb335c05a59a3bf86004d0410f13768,26,nested_heavy_valid,32,31,63,4,4,28,27,55,0.873015873015873,0.873015873015873,11,9,11,146,144,290,0.3017689906347555,0,0,0,simplified_jordan_reference,minimal,checked,8,8,2,566750,True,,True,True,
week11_pilot_v1,week11_pilot_v1__run003,incremental_valid_n64_005,20,incremental_valid,64,20324728,d6ea9aa71a5381125cc7f7bc23e02687deb335c05a59a3bf86004d0410f13768,26,nested_heavy_valid,32,31,63,4,4,28,27,55,0.873015873015873,0.873015873015873,11,9,11,146,144,290,0.3017689906347555,0,0,0,simplified_jordan_paper_ordinary_list,minimal,checked,8,8,3,1236209,True,,True,True,
week11_pilot_v1,week11_pilot_v1__run003,incremental_valid_n64_005,20,incremental_valid,64,20324728,d6ea9aa71a5381125cc7f7bc23e02687deb335c05a59a3bf86004d0410f13768,26,nested_heavy_valid,32,31,63,4,4,28,27,55,0.873015873015873,0.873015873015873,11,9,11,146,144,290,0.3017689906347555,0,0,0,simplified_jordan_reference,minimal,checked,9,9,1,572500,True,,True,True,
week11_pilot_v1,week11_pilot_v1__run003,incremental_valid_n64_005,20,incremental_valid,64,20324728,d6ea9aa71a5381125cc7f7bc23e02687deb335c05a59a3bf86004d0410f13768,26,nested_heavy_valid,32,31,63,4,4,28,27,55,0.873015873015873,0.873015873015873,11,9,11,146,144,290,0.3017689906347555,0,0,0,simplified_jordan_paper_ordinary_list,minimal,checked,9,9,2,1214917,True,,True,True,
week11_pilot_v1,week11_pilot_v1__run003,incremental_valid_n64_005,20,incremental_valid,64,20324728,d6ea9aa71a5381125cc7f7bc23e02687deb335c05a59a3bf86004d0410f13768,26,nested_heavy_valid,32,31,63,4,4,28,27,55,0.873015873015873,0.873015873015873,11,9,11,146,144,290,0.3017689906347555,0,0,0,python_sort,minimal,checked,9,9,3,1417,True,,True,True,
week11_pilot_v1,week11_pilot_v1__run003,incremental_valid_n64_005,20,incremental_valid,64,20324728,d6ea9aa71a5381125cc7f7bc23e02687deb335c05a59a3bf86004d0410f13768,26,nested_heavy_valid,32,31,63,4,4,28,27,55,0.873015873015873,0.873015873015873,11,9,11,146,144,290,0.3017689906347555,0,0,0,simplified_jordan_paper_ordinary_list,minimal,checked,10,10,1,1256209,True,,True,True,
week11_pilot_v1,week11_pilot_v1__run003,incremental_valid_n64_005,20,incremental_valid,64,20324728,d6ea9aa71a5381125cc7f7bc23e02687deb335c05a59a3bf86004d0410f13768,26,nested_heavy_valid,32,31,63,4,4,28,27,55,0.873015873015873,0.873015873015873,11,9,11,146,144,290,0.3017689906347555,0,0,0,python_sort,minimal,checked,10,10,2,2375,True,,True,True,
week11_pilot_v1,week11_pilot_v1__run003,incremental_valid_n64_005,20,incremental_valid,64,20324728,d6ea9aa71a5381125cc7f7bc23e02687deb335c05a59a3bf86004d0410f13768,26,nested_heavy_valid,32,31,63,4,4,28,27,55,0.873015873015873,0.873015873015873,11,9,11,146,144,290,0.3017689906347555,0,0,0,simplified_jordan_reference,minimal,checked,10,10,3,588958,True,,True,True,
week11_pilot_v1,week11_pilot_v1__run003,nested_valid_n128_001,8,nested_valid,128,,c71b70903cdc8e2d30ba2b2cfe709cb50e8806c04c7946881d8134c6e9224fce,27,nested_heavy_valid,64,63,127,1,1,63,62,125,0.984251968503937,0.984251968503937,63,62,63,2016,1953,3969,1.0,0,0,0,simplified_jordan_reference,minimal,checked,1,1,1,2275042,True,,True,True,
week11_pilot_v1,week11_pilot_v1__run003,nested_valid_n128_001,8,nested_valid,128,,c71b70903cdc8e2d30ba2b2cfe709cb50e8806c04c7946881d8134c6e9224fce,27,nested_heavy_valid,64,63,127,1,1,63,62,125,0.984251968503937,0.984251968503937,63,62,63,2016,1953,3969,1.0,0,0,0,simplified_jordan_paper_ordinary_list,minimal,checked,1,1,2,2493375,True,,True,True,
week11_pilot_v1,week11_pilot_v1__run003,nested_valid_n128_001,8,nested_valid,128,,c71b70903cdc8e2d30ba2b2cfe709cb50e8806c04c7946881d8134c6e9224fce,27,nested_heavy_valid,64,63,127,1,1,63,62,125,0.984251968503937,0.984251968503937,63,62,63,2016,1953,3969,1.0,0,0,0,python_sort,minimal,checked,1,1,3,2291,True,,True,True,
week11_pilot_v1,week11_pilot_v1__run003,nested_valid_n128_001,8,nested_valid,128,,c71b70903cdc8e2d30ba2b2cfe709cb50e8806c04c7946881d8134c6e9224fce,27,nested_heavy_valid,64,63,127,1,1,63,62,125,0.984251968503937,0.984251968503937,63,62,63,2016,1953,3969,1.0,0,0,0,simplified_jordan_paper_ordinary_list,minimal,checked,2,2,1,2464792,True,,True,True,
week11_pilot_v1,week11_pilot_v1__run003,nested_valid_n128_001,8,nested_valid,128,,c71b70903cdc8e2d30ba2b2cfe709cb50e8806c04c7946881d8134c6e9224fce,27,nested_heavy_valid,64,63,127,1,1,63,62,125,0.984251968503937,0.984251968503937,63,62,63,2016,1953,3969,1.0,0,0,0,python_sort,minimal,checked,2,2,2,2750,True,,True,True,
week11_pilot_v1,week11_pilot_v1__run003,nested_valid_n128_001,8,nested_valid,128,,c71b70903cdc8e2d30ba2b2cfe709cb50e8806c04c7946881d8134c6e9224fce,27,nested_heavy_valid,64,63,127,1,1,63,62,125,0.984251968503937,0.984251968503937,63,62,63,2016,1953,3969,1.0,0,0,0,simplified_jordan_reference,minimal,checked,2,2,3,2234667,True,,True,True,
week11_pilot_v1,week11_pilot_v1__run003,nested_valid_n128_001,8,nested_valid,128,,c71b70903cdc8e2d30ba2b2cfe709cb50e8806c04c7946881d8134c6e9224fce,27,nested_heavy_valid,64,63,127,1,1,63,62,125,0.984251968503937,0.984251968503937,63,62,63,2016,1953,3969,1.0,0,0,0,python_sort,minimal,checked,3,3,1,2750,True,,True,True,
week11_pilot_v1,week11_pilot_v1__run003,nested_valid_n128_001,8,nested_valid,128,,c71b70903cdc8e2d30ba2b2cfe709cb50e8806c04c7946881d8134c6e9224fce,27,nested_heavy_valid,64,63,127,1,1,63,62,125,0.984251968503937,0.984251968503937,63,62,63,2016,1953,3969,1.0,0,0,0,simplified_jordan_reference,minimal,checked,3,3,2,2205292,True,,True,True,
week11_pilot_v1,week11_pilot_v1__run003,nested_valid_n128_001,8,nested_valid,128,,c71b70903cdc8e2d30ba2b2cfe709cb50e8806c04c7946881d8134c6e9224fce,27,nested_heavy_valid,64,63,127,1,1,63,62,125,0.984251968503937,0.984251968503937,63,62,63,2016,1953,3969,1.0,0,0,0,simplified_jordan_paper_ordinary_list,minimal,checked,3,3,3,2464500,True,,True,True,
week11_pilot_v1,week11_pilot_v1__run003,nested_valid_n128_001,8,nested_valid,128,,c71b70903cdc8e2d30ba2b2cfe709cb50e8806c04c7946881d8134c6e9224fce,27,nested_heavy_valid,64,63,127,1,1,63,62,125,0.984251968503937,0.984251968503937,63,62,63,2016,1953,3969,1.0,0,0,0,simplified_jordan_reference,minimal,checked,4,4,1,2254375,True,,True,True,
week11_pilot_v1,week11_pilot_v1__run003,nested_valid_n128_001,8,nested_valid,128,,c71b70903cdc8e2d30ba2b2cfe709cb50e8806c04c7946881d8134c6e9224fce,27,nested_heavy_valid,64,63,127,1,1,63,62,125,0.984251968503937,0.984251968503937,63,62,63,2016,1953,3969,1.0,0,0,0,simplified_jordan_paper_ordinary_list,minimal,checked,4,4,2,2511167,True,,True,True,
week11_pilot_v1,week11_pilot_v1__run003,nested_valid_n128_001,8,nested_valid,128,,c71b70903cdc8e2d30ba2b2cfe709cb50e8806c04c7946881d8134c6e9224fce,27,nested_heavy_valid,64,63,127,1,1,63,62,125,0.984251968503937,0.984251968503937,63,62,63,2016,1953,3969,1.0,0,0,0,python_sort,minimal,checked,4,4,3,2084,True,,True,True,
week11_pilot_v1,week11_pilot_v1__run003,nested_valid_n128_001,8,nested_valid,128,,c71b70903cdc8e2d30ba2b2cfe709cb50e8806c04c7946881d8134c6e9224fce,27,nested_heavy_valid,64,63,127,1,1,63,62,125,0.984251968503937,0.984251968503937,63,62,63,2016,1953,3969,1.0,0,0,0,simplified_jordan_paper_ordinary_list,minimal,checked,5,5,1,2503458,True,,True,True,
week11_pilot_v1,week11_pilot_v1__run003,nested_valid_n128_001,8,nested_valid,128,,c71b70903cdc8e2d30ba2b2cfe709cb50e8806c04c7946881d8134c6e9224fce,27,nested_heavy_valid,64,63,127,1,1,63,62,125,0.984251968503937,0.984251968503937,63,62,63,2016,1953,3969,1.0,0,0,0,python_sort,minimal,checked,5,5,2,2083,True,,True,True,
week11_pilot_v1,week11_pilot_v1__run003,nested_valid_n128_001,8,nested_valid,128,,c71b70903cdc8e2d30ba2b2cfe709cb50e8806c04c7946881d8134c6e9224fce,27,nested_heavy_valid,64,63,127,1,1,63,62,125,0.984251968503937,0.984251968503937,63,62,63,2016,1953,3969,1.0,0,0,0,simplified_jordan_reference,minimal,checked,5,5,3,2229667,True,,True,True,
week11_pilot_v1,week11_pilot_v1__run003,nested_valid_n128_001,8,nested_valid,128,,c71b70903cdc8e2d30ba2b2cfe709cb50e8806c04c7946881d8134c6e9224fce,27,nested_heavy_valid,64,63,127,1,1,63,62,125,0.984251968503937,0.984251968503937,63,62,63,2016,1953,3969,1.0,0,0,0,python_sort,minimal,checked,6,6,1,2250,True,,True,True,
week11_pilot_v1,week11_pilot_v1__run003,nested_valid_n128_001,8,nested_valid,128,,c71b70903cdc8e2d30ba2b2cfe709cb50e8806c04c7946881d8134c6e9224fce,27,nested_heavy_valid,64,63,127,1,1,63,62,125,0.984251968503937,0.984251968503937,63,62,63,2016,1953,3969,1.0,0,0,0,simplified_jordan_reference,minimal,checked,6,6,2,2230584,True,,True,True,
week11_pilot_v1,week11_pilot_v1__run003,nested_valid_n128_001,8,nested_valid,128,,c71b70903cdc8e2d30ba2b2cfe709cb50e8806c04c7946881d8134c6e9224fce,27,nested_heavy_valid,64,63,127,1,1,63,62,125,0.984251968503937,0.984251968503937,63,62,63,2016,1953,3969,1.0,0,0,0,simplified_jordan_paper_ordinary_list,minimal,checked,6,6,3,2452334,True,,True,True,
week11_pilot_v1,week11_pilot_v1__run003,nested_valid_n128_001,8,nested_valid,128,,c71b70903cdc8e2d30ba2b2cfe709cb50e8806c04c7946881d8134c6e9224fce,27,nested_heavy_valid,64,63,127,1,1,63,62,125,0.984251968503937,0.984251968503937,63,62,63,2016,1953,3969,1.0,0,0,0,simplified_jordan_reference,minimal,checked,7,7,1,2207333,True,,True,True,
week11_pilot_v1,week11_pilot_v1__run003,nested_valid_n128_001,8,nested_valid,128,,c71b70903cdc8e2d30ba2b2cfe709cb50e8806c04c7946881d8134c6e9224fce,27,nested_heavy_valid,64,63,127,1,1,63,62,125,0.984251968503937,0.984251968503937,63,62,63,2016,1953,3969,1.0,0,0,0,simplified_jordan_paper_ordinary_list,minimal,checked,7,7,2,2503875,True,,True,True,
week11_pilot_v1,week11_pilot_v1__run003,nested_valid_n128_001,8,nested_valid,128,,c71b70903cdc8e2d30ba2b2cfe709cb50e8806c04c7946881d8134c6e9224fce,27,nested_heavy_valid,64,63,127,1,1,63,62,125,0.984251968503937,0.984251968503937,63,62,63,2016,1953,3969,1.0,0,0,0,python_sort,minimal,checked,7,7,3,2375,True,,True,True,
week11_pilot_v1,week11_pilot_v1__run003,nested_valid_n128_001,8,nested_valid,128,,c71b70903cdc8e2d30ba2b2cfe709cb50e8806c04c7946881d8134c6e9224fce,27,nested_heavy_valid,64,63,127,1,1,63,62,125,0.984251968503937,0.984251968503937,63,62,63,2016,1953,3969,1.0,0,0,0,simplified_jordan_paper_ordinary_list,minimal,checked,8,8,1,2509625,True,,True,True,
week11_pilot_v1,week11_pilot_v1__run003,nested_valid_n128_001,8,nested_valid,128,,c71b70903cdc8e2d30ba2b2cfe709cb50e8806c04c7946881d8134c6e9224fce,27,nested_heavy_valid,64,63,127,1,1,63,62,125,0.984251968503937,0.984251968503937,63,62,63,2016,1953,3969,1.0,0,0,0,python_sort,minimal,checked,8,8,2,2583,True,,True,True,
week11_pilot_v1,week11_pilot_v1__run003,nested_valid_n128_001,8,nested_valid,128,,c71b70903cdc8e2d30ba2b2cfe709cb50e8806c04c7946881d8134c6e9224fce,27,nested_heavy_valid,64,63,127,1,1,63,62,125,0.984251968503937,0.984251968503937,63,62,63,2016,1953,3969,1.0,0,0,0,simplified_jordan_reference,minimal,checked,8,8,3,2217709,True,,True,True,
week11_pilot_v1,week11_pilot_v1__run003,nested_valid_n128_001,8,nested_valid,128,,c71b70903cdc8e2d30ba2b2cfe709cb50e8806c04c7946881d8134c6e9224fce,27,nested_heavy_valid,64,63,127,1,1,63,62,125,0.984251968503937,0.984251968503937,63,62,63,2016,1953,3969,1.0,0,0,0,python_sort,minimal,checked,9,9,1,2750,True,,True,True,
week11_pilot_v1,week11_pilot_v1__run003,nested_valid_n128_001,8,nested_valid,128,,c71b70903cdc8e2d30ba2b2cfe709cb50e8806c04c7946881d8134c6e9224fce,27,nested_heavy_valid,64,63,127,1,1,63,62,125,0.984251968503937,0.984251968503937,63,62,63,2016,1953,3969,1.0,0,0,0,simplified_jordan_reference,minimal,checked,9,9,2,2203917,True,,True,True,
week11_pilot_v1,week11_pilot_v1__run003,nested_valid_n128_001,8,nested_valid,128,,c71b70903cdc8e2d30ba2b2cfe709cb50e8806c04c7946881d8134c6e9224fce,27,nested_heavy_valid,64,63,127,1,1,63,62,125,0.984251968503937,0.984251968503937,63,62,63,2016,1953,3969,1.0,0,0,0,simplified_jordan_paper_ordinary_list,minimal,checked,9,9,3,2468917,True,,True,True,
week11_pilot_v1,week11_pilot_v1__run003,nested_valid_n128_001,8,nested_valid,128,,c71b70903cdc8e2d30ba2b2cfe709cb50e8806c04c7946881d8134c6e9224fce,27,nested_heavy_valid,64,63,127,1,1,63,62,125,0.984251968503937,0.984251968503937,63,62,63,2016,1953,3969,1.0,0,0,0,simplified_jordan_reference,minimal,checked,10,10,1,2212375,True,,True,True,
week11_pilot_v1,week11_pilot_v1__run003,nested_valid_n128_001,8,nested_valid,128,,c71b70903cdc8e2d30ba2b2cfe709cb50e8806c04c7946881d8134c6e9224fce,27,nested_heavy_valid,64,63,127,1,1,63,62,125,0.984251968503937,0.984251968503937,63,62,63,2016,1953,3969,1.0,0,0,0,simplified_jordan_paper_ordinary_list,minimal,checked,10,10,2,2461708,True,,True,True,
week11_pilot_v1,week11_pilot_v1__run003,nested_valid_n128_001,8,nested_valid,128,,c71b70903cdc8e2d30ba2b2cfe709cb50e8806c04c7946881d8134c6e9224fce,27,nested_heavy_valid,64,63,127,1,1,63,62,125,0.984251968503937,0.984251968503937,63,62,63,2016,1953,3969,1.0,0,0,0,python_sort,minimal,checked,10,10,3,2208,True,,True,True,
week11_pilot_v1,week11_pilot_v1__run003,incremental_valid_n64_002,17,incremental_valid,64,20324725,5023dc32d4d563987824a26050882975a043e36a3b36f36fecb2e555d0e43b6f,28,nested_heavy_valid,32,31,63,2,3,30,28,58,0.9206349206349206,0.9206349206349206,13,10,13,249,165,414,0.4308012486992716,0,0,0,simplified_jordan_reference,minimal,checked,1,1,1,589375,True,,True,True,
week11_pilot_v1,week11_pilot_v1__run003,incremental_valid_n64_002,17,incremental_valid,64,20324725,5023dc32d4d563987824a26050882975a043e36a3b36f36fecb2e555d0e43b6f,28,nested_heavy_valid,32,31,63,2,3,30,28,58,0.9206349206349206,0.9206349206349206,13,10,13,249,165,414,0.4308012486992716,0,0,0,python_sort,minimal,checked,1,1,2,1542,True,,True,True,
week11_pilot_v1,week11_pilot_v1__run003,incremental_valid_n64_002,17,incremental_valid,64,20324725,5023dc32d4d563987824a26050882975a043e36a3b36f36fecb2e555d0e43b6f,28,nested_heavy_valid,32,31,63,2,3,30,28,58,0.9206349206349206,0.9206349206349206,13,10,13,249,165,414,0.4308012486992716,0,0,0,simplified_jordan_paper_ordinary_list,minimal,checked,1,1,3,1262042,True,,True,True,
week11_pilot_v1,week11_pilot_v1__run003,incremental_valid_n64_002,17,incremental_valid,64,20324725,5023dc32d4d563987824a26050882975a043e36a3b36f36fecb2e555d0e43b6f,28,nested_heavy_valid,32,31,63,2,3,30,28,58,0.9206349206349206,0.9206349206349206,13,10,13,249,165,414,0.4308012486992716,0,0,0,python_sort,minimal,checked,2,2,1,1458,True,,True,True,
week11_pilot_v1,week11_pilot_v1__run003,incremental_valid_n64_002,17,incremental_valid,64,20324725,5023dc32d4d563987824a26050882975a043e36a3b36f36fecb2e555d0e43b6f,28,nested_heavy_valid,32,31,63,2,3,30,28,58,0.9206349206349206,0.9206349206349206,13,10,13,249,165,414,0.4308012486992716,0,0,0,simplified_jordan_paper_ordinary_list,minimal,checked,2,2,2,1255250,True,,True,True,
week11_pilot_v1,week11_pilot_v1__run003,incremental_valid_n64_002,17,incremental_valid,64,20324725,5023dc32d4d563987824a26050882975a043e36a3b36f36fecb2e555d0e43b6f,28,nested_heavy_valid,32,31,63,2,3,30,28,58,0.9206349206349206,0.9206349206349206,13,10,13,249,165,414,0.4308012486992716,0,0,0,simplified_jordan_reference,minimal,checked,2,2,3,612542,True,,True,True,
week11_pilot_v1,week11_pilot_v1__run003,incremental_valid_n64_002,17,incremental_valid,64,20324725,5023dc32d4d563987824a26050882975a043e36a3b36f36fecb2e555d0e43b6f,28,nested_heavy_valid,32,31,63,2,3,30,28,58,0.9206349206349206,0.9206349206349206,13,10,13,249,165,414,0.4308012486992716,0,0,0,simplified_jordan_paper_ordinary_list,minimal,checked,3,3,1,1266042,True,,True,True,
week11_pilot_v1,week11_pilot_v1__run003,incremental_valid_n64_002,17,incremental_valid,64,20324725,5023dc32d4d563987824a26050882975a043e36a3b36f36fecb2e555d0e43b6f,28,nested_heavy_valid,32,31,63,2,3,30,28,58,0.9206349206349206,0.9206349206349206,13,10,13,249,165,414,0.4308012486992716,0,0,0,simplified_jordan_reference,minimal,checked,3,3,2,595375,True,,True,True,
week11_pilot_v1,week11_pilot_v1__run003,incremental_valid_n64_002,17,incremental_valid,64,20324725,5023dc32d4d563987824a26050882975a043e36a3b36f36fecb2e555d0e43b6f,28,nested_heavy_valid,32,31,63,2,3,30,28,58,0.9206349206349206,0.9206349206349206,13,10,13,249,165,414,0.4308012486992716,0,0,0,python_sort,minimal,checked,3,3,3,1500,True,,True,True,
week11_pilot_v1,week11_pilot_v1__run003,incremental_valid_n64_002,17,incremental_valid,64,20324725,5023dc32d4d563987824a26050882975a043e36a3b36f36fecb2e555d0e43b6f,28,nested_heavy_valid,32,31,63,2,3,30,28,58,0.9206349206349206,0.9206349206349206,13,10,13,249,165,414,0.4308012486992716,0,0,0,simplified_jordan_reference,minimal,checked,4,4,1,576250,True,,True,True,
week11_pilot_v1,week11_pilot_v1__run003,incremental_valid_n64_002,17,incremental_valid,64,20324725,5023dc32d4d563987824a26050882975a043e36a3b36f36fecb2e555d0e43b6f,28,nested_heavy_valid,32,31,63,2,3,30,28,58,0.9206349206349206,0.9206349206349206,13,10,13,249,165,414,0.4308012486992716,0,0,0,python_sort,minimal,checked,4,4,2,1375,True,,True,True,
week11_pilot_v1,week11_pilot_v1__run003,incremental_valid_n64_002,17,incremental_valid,64,20324725,5023dc32d4d563987824a26050882975a043e36a3b36f36fecb2e555d0e43b6f,28,nested_heavy_valid,32,31,63,2,3,30,28,58,0.9206349206349206,0.9206349206349206,13,10,13,249,165,414,0.4308012486992716,0,0,0,simplified_jordan_paper_ordinary_list,minimal,checked,4,4,3,1254250,True,,True,True,
week11_pilot_v1,week11_pilot_v1__run003,incremental_valid_n64_002,17,incremental_valid,64,20324725,5023dc32d4d563987824a26050882975a043e36a3b36f36fecb2e555d0e43b6f,28,nested_heavy_valid,32,31,63,2,3,30,28,58,0.9206349206349206,0.9206349206349206,13,10,13,249,165,414,0.4308012486992716,0,0,0,python_sort,minimal,checked,5,5,1,1417,True,,True,True,
week11_pilot_v1,week11_pilot_v1__run003,incremental_valid_n64_002,17,incremental_valid,64,20324725,5023dc32d4d563987824a26050882975a043e36a3b36f36fecb2e555d0e43b6f,28,nested_heavy_valid,32,31,63,2,3,30,28,58,0.9206349206349206,0.9206349206349206,13,10,13,249,165,414,0.4308012486992716,0,0,0,simplified_jordan_paper_ordinary_list,minimal,checked,5,5,2,1271125,True,,True,True,
week11_pilot_v1,week11_pilot_v1__run003,incremental_valid_n64_002,17,incremental_valid,64,20324725,5023dc32d4d563987824a26050882975a043e36a3b36f36fecb2e555d0e43b6f,28,nested_heavy_valid,32,31,63,2,3,30,28,58,0.9206349206349206,0.9206349206349206,13,10,13,249,165,414,0.4308012486992716,0,0,0,simplified_jordan_reference,minimal,checked,5,5,3,587375,True,,True,True,
week11_pilot_v1,week11_pilot_v1__run003,incremental_valid_n64_002,17,incremental_valid,64,20324725,5023dc32d4d563987824a26050882975a043e36a3b36f36fecb2e555d0e43b6f,28,nested_heavy_valid,32,31,63,2,3,30,28,58,0.9206349206349206,0.9206349206349206,13,10,13,249,165,414,0.4308012486992716,0,0,0,simplified_jordan_paper_ordinary_list,minimal,checked,6,6,1,1250917,True,,True,True,
week11_pilot_v1,week11_pilot_v1__run003,incremental_valid_n64_002,17,incremental_valid,64,20324725,5023dc32d4d563987824a26050882975a043e36a3b36f36fecb2e555d0e43b6f,28,nested_heavy_valid,32,31,63,2,3,30,28,58,0.9206349206349206,0.9206349206349206,13,10,13,249,165,414,0.4308012486992716,0,0,0,simplified_jordan_reference,minimal,checked,6,6,2,595208,True,,True,True,
week11_pilot_v1,week11_pilot_v1__run003,incremental_valid_n64_002,17,incremental_valid,64,20324725,5023dc32d4d563987824a26050882975a043e36a3b36f36fecb2e555d0e43b6f,28,nested_heavy_valid,32,31,63,2,3,30,28,58,0.9206349206349206,0.9206349206349206,13,10,13,249,165,414,0.4308012486992716,0,0,0,python_sort,minimal,checked,6,6,3,1458,True,,True,True,
week11_pilot_v1,week11_pilot_v1__run003,incremental_valid_n64_002,17,incremental_valid,64,20324725,5023dc32d4d563987824a26050882975a043e36a3b36f36fecb2e555d0e43b6f,28,nested_heavy_valid,32,31,63,2,3,30,28,58,0.9206349206349206,0.9206349206349206,13,10,13,249,165,414,0.4308012486992716,0,0,0,simplified_jordan_reference,minimal,checked,7,7,1,579167,True,,True,True,
week11_pilot_v1,week11_pilot_v1__run003,incremental_valid_n64_002,17,incremental_valid,64,20324725,5023dc32d4d563987824a26050882975a043e36a3b36f36fecb2e555d0e43b6f,28,nested_heavy_valid,32,31,63,2,3,30,28,58,0.9206349206349206,0.9206349206349206,13,10,13,249,165,414,0.4308012486992716,0,0,0,python_sort,minimal,checked,7,7,2,1458,True,,True,True,
week11_pilot_v1,week11_pilot_v1__run003,incremental_valid_n64_002,17,incremental_valid,64,20324725,5023dc32d4d563987824a26050882975a043e36a3b36f36fecb2e555d0e43b6f,28,nested_heavy_valid,32,31,63,2,3,30,28,58,0.9206349206349206,0.9206349206349206,13,10,13,249,165,414,0.4308012486992716,0,0,0,simplified_jordan_paper_ordinary_list,minimal,checked,7,7,3,1282917,True,,True,True,
week11_pilot_v1,week11_pilot_v1__run003,incremental_valid_n64_002,17,incremental_valid,64,20324725,5023dc32d4d563987824a26050882975a043e36a3b36f36fecb2e555d0e43b6f,28,nested_heavy_valid,32,31,63,2,3,30,28,58,0.9206349206349206,0.9206349206349206,13,10,13,249,165,414,0.4308012486992716,0,0,0,python_sort,minimal,checked,8,8,1,1417,True,,True,True,
week11_pilot_v1,week11_pilot_v1__run003,incremental_valid_n64_002,17,incremental_valid,64,20324725,5023dc32d4d563987824a26050882975a043e36a3b36f36fecb2e555d0e43b6f,28,nested_heavy_valid,32,31,63,2,3,30,28,58,0.9206349206349206,0.9206349206349206,13,10,13,249,165,414,0.4308012486992716,0,0,0,simplified_jordan_paper_ordinary_list,minimal,checked,8,8,2,1269459,True,,True,True,
week11_pilot_v1,week11_pilot_v1__run003,incremental_valid_n64_002,17,incremental_valid,64,20324725,5023dc32d4d563987824a26050882975a043e36a3b36f36fecb2e555d0e43b6f,28,nested_heavy_valid,32,31,63,2,3,30,28,58,0.9206349206349206,0.9206349206349206,13,10,13,249,165,414,0.4308012486992716,0,0,0,simplified_jordan_reference,minimal,checked,8,8,3,611458,True,,True,True,
week11_pilot_v1,week11_pilot_v1__run003,incremental_valid_n64_002,17,incremental_valid,64,20324725,5023dc32d4d563987824a26050882975a043e36a3b36f36fecb2e555d0e43b6f,28,nested_heavy_valid,32,31,63,2,3,30,28,58,0.9206349206349206,0.9206349206349206,13,10,13,249,165,414,0.4308012486992716,0,0,0,simplified_jordan_paper_ordinary_list,minimal,checked,9,9,1,1291333,True,,True,True,
week11_pilot_v1,week11_pilot_v1__run003,incremental_valid_n64_002,17,incremental_valid,64,20324725,5023dc32d4d563987824a26050882975a043e36a3b36f36fecb2e555d0e43b6f,28,nested_heavy_valid,32,31,63,2,3,30,28,58,0.9206349206349206,0.9206349206349206,13,10,13,249,165,414,0.4308012486992716,0,0,0,simplified_jordan_reference,minimal,checked,9,9,2,585750,True,,True,True,
week11_pilot_v1,week11_pilot_v1__run003,incremental_valid_n64_002,17,incremental_valid,64,20324725,5023dc32d4d563987824a26050882975a043e36a3b36f36fecb2e555d0e43b6f,28,nested_heavy_valid,32,31,63,2,3,30,28,58,0.9206349206349206,0.9206349206349206,13,10,13,249,165,414,0.4308012486992716,0,0,0,python_sort,minimal,checked,9,9,3,1500,True,,True,True,
week11_pilot_v1,week11_pilot_v1__run003,incremental_valid_n64_002,17,incremental_valid,64,20324725,5023dc32d4d563987824a26050882975a043e36a3b36f36fecb2e555d0e43b6f,28,nested_heavy_valid,32,31,63,2,3,30,28,58,0.9206349206349206,0.9206349206349206,13,10,13,249,165,414,0.4308012486992716,0,0,0,simplified_jordan_reference,minimal,checked,10,10,1,583458,True,,True,True,
week11_pilot_v1,week11_pilot_v1__run003,incremental_valid_n64_002,17,incremental_valid,64,20324725,5023dc32d4d563987824a26050882975a043e36a3b36f36fecb2e555d0e43b6f,28,nested_heavy_valid,32,31,63,2,3,30,28,58,0.9206349206349206,0.9206349206349206,13,10,13,249,165,414,0.4308012486992716,0,0,0,python_sort,minimal,checked,10,10,2,1375,True,,True,True,
week11_pilot_v1,week11_pilot_v1__run003,incremental_valid_n64_002,17,incremental_valid,64,20324725,5023dc32d4d563987824a26050882975a043e36a3b36f36fecb2e555d0e43b6f,28,nested_heavy_valid,32,31,63,2,3,30,28,58,0.9206349206349206,0.9206349206349206,13,10,13,249,165,414,0.4308012486992716,0,0,0,simplified_jordan_paper_ordinary_list,minimal,checked,10,10,3,1254458,True,,True,True,
week11_pilot_v1,week11_pilot_v1__run003,nested_valid_n256_001,9,nested_valid,256,,84b2d345819154bee03817aaa7addcfd1cdeb098f99c5604a315b7fa1582bdb4,29,nested_heavy_valid,128,127,255,1,1,127,126,253,0.9921568627450981,0.9921568627450981,127,126,127,8128,8001,16129,1.0,0,0,0,simplified_jordan_paper_ordinary_list,minimal,checked,1,1,1,6289958,True,,True,True,
week11_pilot_v1,week11_pilot_v1__run003,nested_valid_n256_001,9,nested_valid,256,,84b2d345819154bee03817aaa7addcfd1cdeb098f99c5604a315b7fa1582bdb4,29,nested_heavy_valid,128,127,255,1,1,127,126,253,0.9921568627450981,0.9921568627450981,127,126,127,8128,8001,16129,1.0,0,0,0,python_sort,minimal,checked,1,1,2,4000,True,,True,True,
week11_pilot_v1,week11_pilot_v1__run003,nested_valid_n256_001,9,nested_valid,256,,84b2d345819154bee03817aaa7addcfd1cdeb098f99c5604a315b7fa1582bdb4,29,nested_heavy_valid,128,127,255,1,1,127,126,253,0.9921568627450981,0.9921568627450981,127,126,127,8128,8001,16129,1.0,0,0,0,simplified_jordan_reference,minimal,checked,1,1,3,8491875,True,,True,True,
week11_pilot_v1,week11_pilot_v1__run003,nested_valid_n256_001,9,nested_valid,256,,84b2d345819154bee03817aaa7addcfd1cdeb098f99c5604a315b7fa1582bdb4,29,nested_heavy_valid,128,127,255,1,1,127,126,253,0.9921568627450981,0.9921568627450981,127,126,127,8128,8001,16129,1.0,0,0,0,python_sort,minimal,checked,2,2,1,4250,True,,True,True,
week11_pilot_v1,week11_pilot_v1__run003,nested_valid_n256_001,9,nested_valid,256,,84b2d345819154bee03817aaa7addcfd1cdeb098f99c5604a315b7fa1582bdb4,29,nested_heavy_valid,128,127,255,1,1,127,126,253,0.9921568627450981,0.9921568627450981,127,126,127,8128,8001,16129,1.0,0,0,0,simplified_jordan_reference,minimal,checked,2,2,2,8658208,True,,True,True,
week11_pilot_v1,week11_pilot_v1__run003,nested_valid_n256_001,9,nested_valid,256,,84b2d345819154bee03817aaa7addcfd1cdeb098f99c5604a315b7fa1582bdb4,29,nested_heavy_valid,128,127,255,1,1,127,126,253,0.9921568627450981,0.9921568627450981,127,126,127,8128,8001,16129,1.0,0,0,0,simplified_jordan_paper_ordinary_list,minimal,checked,2,2,3,6343458,True,,True,True,
week11_pilot_v1,week11_pilot_v1__run003,nested_valid_n256_001,9,nested_valid,256,,84b2d345819154bee03817aaa7addcfd1cdeb098f99c5604a315b7fa1582bdb4,29,nested_heavy_valid,128,127,255,1,1,127,126,253,0.9921568627450981,0.9921568627450981,127,126,127,8128,8001,16129,1.0,0,0,0,simplified_jordan_reference,minimal,checked,3,3,1,8610041,True,,True,True,
week11_pilot_v1,week11_pilot_v1__run003,nested_valid_n256_001,9,nested_valid,256,,84b2d345819154bee03817aaa7addcfd1cdeb098f99c5604a315b7fa1582bdb4,29,nested_heavy_valid,128,127,255,1,1,127,126,253,0.9921568627450981,0.9921568627450981,127,126,127,8128,8001,16129,1.0,0,0,0,simplified_jordan_paper_ordinary_list,minimal,checked,3,3,2,6236292,True,,True,True,
week11_pilot_v1,week11_pilot_v1__run003,nested_valid_n256_001,9,nested_valid,256,,84b2d345819154bee03817aaa7addcfd1cdeb098f99c5604a315b7fa1582bdb4,29,nested_heavy_valid,128,127,255,1,1,127,126,253,0.9921568627450981,0.9921568627450981,127,126,127,8128,8001,16129,1.0,0,0,0,python_sort,minimal,checked,3,3,3,5875,True,,True,True,
week11_pilot_v1,week11_pilot_v1__run003,nested_valid_n256_001,9,nested_valid,256,,84b2d345819154bee03817aaa7addcfd1cdeb098f99c5604a315b7fa1582bdb4,29,nested_heavy_valid,128,127,255,1,1,127,126,253,0.9921568627450981,0.9921568627450981,127,126,127,8128,8001,16129,1.0,0,0,0,simplified_jordan_paper_ordinary_list,minimal,checked,4,4,1,6321417,True,,True,True,
week11_pilot_v1,week11_pilot_v1__run003,nested_valid_n256_001,9,nested_valid,256,,84b2d345819154bee03817aaa7addcfd1cdeb098f99c5604a315b7fa1582bdb4,29,nested_heavy_valid,128,127,255,1,1,127,126,253,0.9921568627450981,0.9921568627450981,127,126,127,8128,8001,16129,1.0,0,0,0,python_sort,minimal,checked,4,4,2,5792,True,,True,True,
week11_pilot_v1,week11_pilot_v1__run003,nested_valid_n256_001,9,nested_valid,256,,84b2d345819154bee03817aaa7addcfd1cdeb098f99c5604a315b7fa1582bdb4,29,nested_heavy_valid,128,127,255,1,1,127,126,253,0.9921568627450981,0.9921568627450981,127,126,127,8128,8001,16129,1.0,0,0,0,simplified_jordan_reference,minimal,checked,4,4,3,8523417,True,,True,True,
week11_pilot_v1,week11_pilot_v1__run003,nested_valid_n256_001,9,nested_valid,256,,84b2d345819154bee03817aaa7addcfd1cdeb098f99c5604a315b7fa1582bdb4,29,nested_heavy_valid,128,127,255,1,1,127,126,253,0.9921568627450981,0.9921568627450981,127,126,127,8128,8001,16129,1.0,0,0,0,python_sort,minimal,checked,5,5,1,3875,True,,True,True,
week11_pilot_v1,week11_pilot_v1__run003,nested_valid_n256_001,9,nested_valid,256,,84b2d345819154bee03817aaa7addcfd1cdeb098f99c5604a315b7fa1582bdb4,29,nested_heavy_valid,128,127,255,1,1,127,126,253,0.9921568627450981,0.9921568627450981,127,126,127,8128,8001,16129,1.0,0,0,0,simplified_jordan_reference,minimal,checked,5,5,2,8527083,True,,True,True,
week11_pilot_v1,week11_pilot_v1__run003,nested_valid_n256_001,9,nested_valid,256,,84b2d345819154bee03817aaa7addcfd1cdeb098f99c5604a315b7fa1582bdb4,29,nested_heavy_valid,128,127,255,1,1,127,126,253,0.9921568627450981,0.9921568627450981,127,126,127,8128,8001,16129,1.0,0,0,0,simplified_jordan_paper_ordinary_list,minimal,checked,5,5,3,6223959,True,,True,True,
week11_pilot_v1,week11_pilot_v1__run003,nested_valid_n256_001,9,nested_valid,256,,84b2d345819154bee03817aaa7addcfd1cdeb098f99c5604a315b7fa1582bdb4,29,nested_heavy_valid,128,127,255,1,1,127,126,253,0.9921568627450981,0.9921568627450981,127,126,127,8128,8001,16129,1.0,0,0,0,simplified_jordan_reference,minimal,checked,6,6,1,8547333,True,,True,True,
week11_pilot_v1,week11_pilot_v1__run003,nested_valid_n256_001,9,nested_valid,256,,84b2d345819154bee03817aaa7addcfd1cdeb098f99c5604a315b7fa1582bdb4,29,nested_heavy_valid,128,127,255,1,1,127,126,253,0.9921568627450981,0.9921568627450981,127,126,127,8128,8001,16129,1.0,0,0,0,simplified_jordan_paper_ordinary_list,minimal,checked,6,6,2,6342500,True,,True,True,
week11_pilot_v1,week11_pilot_v1__run003,nested_valid_n256_001,9,nested_valid,256,,84b2d345819154bee03817aaa7addcfd1cdeb098f99c5604a315b7fa1582bdb4,29,nested_heavy_valid,128,127,255,1,1,127,126,253,0.9921568627450981,0.9921568627450981,127,126,127,8128,8001,16129,1.0,0,0,0,python_sort,minimal,checked,6,6,3,4792,True,,True,True,
week11_pilot_v1,week11_pilot_v1__run003,nested_valid_n256_001,9,nested_valid,256,,84b2d345819154bee03817aaa7addcfd1cdeb098f99c5604a315b7fa1582bdb4,29,nested_heavy_valid,128,127,255,1,1,127,126,253,0.9921568627450981,0.9921568627450981,127,126,127,8128,8001,16129,1.0,0,0,0,simplified_jordan_paper_ordinary_list,minimal,checked,7,7,1,6253583,True,,True,True,
week11_pilot_v1,week11_pilot_v1__run003,nested_valid_n256_001,9,nested_valid,256,,84b2d345819154bee03817aaa7addcfd1cdeb098f99c5604a315b7fa1582bdb4,29,nested_heavy_valid,128,127,255,1,1,127,126,253,0.9921568627450981,0.9921568627450981,127,126,127,8128,8001,16129,1.0,0,0,0,python_sort,minimal,checked,7,7,2,4750,True,,True,True,
week11_pilot_v1,week11_pilot_v1__run003,nested_valid_n256_001,9,nested_valid,256,,84b2d345819154bee03817aaa7addcfd1cdeb098f99c5604a315b7fa1582bdb4,29,nested_heavy_valid,128,127,255,1,1,127,126,253,0.9921568627450981,0.9921568627450981,127,126,127,8128,8001,16129,1.0,0,0,0,simplified_jordan_reference,minimal,checked,7,7,3,8551334,True,,True,True,
week11_pilot_v1,week11_pilot_v1__run003,nested_valid_n256_001,9,nested_valid,256,,84b2d345819154bee03817aaa7addcfd1cdeb098f99c5604a315b7fa1582bdb4,29,nested_heavy_valid,128,127,255,1,1,127,126,253,0.9921568627450981,0.9921568627450981,127,126,127,8128,8001,16129,1.0,0,0,0,python_sort,minimal,checked,8,8,1,4375,True,,True,True,
week11_pilot_v1,week11_pilot_v1__run003,nested_valid_n256_001,9,nested_valid,256,,84b2d345819154bee03817aaa7addcfd1cdeb098f99c5604a315b7fa1582bdb4,29,nested_heavy_valid,128,127,255,1,1,127,126,253,0.9921568627450981,0.9921568627450981,127,126,127,8128,8001,16129,1.0,0,0,0,simplified_jordan_reference,minimal,checked,8,8,2,8473625,True,,True,True,
week11_pilot_v1,week11_pilot_v1__run003,nested_valid_n256_001,9,nested_valid,256,,84b2d345819154bee03817aaa7addcfd1cdeb098f99c5604a315b7fa1582bdb4,29,nested_heavy_valid,128,127,255,1,1,127,126,253,0.9921568627450981,0.9921568627450981,127,126,127,8128,8001,16129,1.0,0,0,0,simplified_jordan_paper_ordinary_list,minimal,checked,8,8,3,6385583,True,,True,True,
week11_pilot_v1,week11_pilot_v1__run003,nested_valid_n256_001,9,nested_valid,256,,84b2d345819154bee03817aaa7addcfd1cdeb098f99c5604a315b7fa1582bdb4,29,nested_heavy_valid,128,127,255,1,1,127,126,253,0.9921568627450981,0.9921568627450981,127,126,127,8128,8001,16129,1.0,0,0,0,simplified_jordan_reference,minimal,checked,9,9,1,8464417,True,,True,True,
week11_pilot_v1,week11_pilot_v1__run003,nested_valid_n256_001,9,nested_valid,256,,84b2d345819154bee03817aaa7addcfd1cdeb098f99c5604a315b7fa1582bdb4,29,nested_heavy_valid,128,127,255,1,1,127,126,253,0.9921568627450981,0.9921568627450981,127,126,127,8128,8001,16129,1.0,0,0,0,simplified_jordan_paper_ordinary_list,minimal,checked,9,9,2,6275833,True,,True,True,
week11_pilot_v1,week11_pilot_v1__run003,nested_valid_n256_001,9,nested_valid,256,,84b2d345819154bee03817aaa7addcfd1cdeb098f99c5604a315b7fa1582bdb4,29,nested_heavy_valid,128,127,255,1,1,127,126,253,0.9921568627450981,0.9921568627450981,127,126,127,8128,8001,16129,1.0,0,0,0,python_sort,minimal,checked,9,9,3,6084,True,,True,True,
week11_pilot_v1,week11_pilot_v1__run003,nested_valid_n256_001,9,nested_valid,256,,84b2d345819154bee03817aaa7addcfd1cdeb098f99c5604a315b7fa1582bdb4,29,nested_heavy_valid,128,127,255,1,1,127,126,253,0.9921568627450981,0.9921568627450981,127,126,127,8128,8001,16129,1.0,0,0,0,simplified_jordan_paper_ordinary_list,minimal,checked,10,10,1,6288500,True,,True,True,
week11_pilot_v1,week11_pilot_v1__run003,nested_valid_n256_001,9,nested_valid,256,,84b2d345819154bee03817aaa7addcfd1cdeb098f99c5604a315b7fa1582bdb4,29,nested_heavy_valid,128,127,255,1,1,127,126,253,0.9921568627450981,0.9921568627450981,127,126,127,8128,8001,16129,1.0,0,0,0,python_sort,minimal,checked,10,10,2,4792,True,,True,True,
week11_pilot_v1,week11_pilot_v1__run003,nested_valid_n256_001,9,nested_valid,256,,84b2d345819154bee03817aaa7addcfd1cdeb098f99c5604a315b7fa1582bdb4,29,nested_heavy_valid,128,127,255,1,1,127,126,253,0.9921568627450981,0.9921568627450981,127,126,127,8128,8001,16129,1.0,0,0,0,simplified_jordan_reference,minimal,checked,10,10,3,8486417,True,,True,True,
week11_pilot_v1,week11_pilot_v1__run003,flat_valid_n256_001,4,flat_valid,256,,cd095f49e534e18d8cd5be896b1d644ec58567b1e334366b4baa24a10cade754,30,strict_flat,128,127,255,128,127,0,0,0,0.0,0.0,0,0,0,0,0,0,0.0,0,0,0,simplified_jordan_paper_ordinary_list,minimal,checked,1,1,1,3738500,True,,True,True,
week11_pilot_v1,week11_pilot_v1__run003,flat_valid_n256_001,4,flat_valid,256,,cd095f49e534e18d8cd5be896b1d644ec58567b1e334366b4baa24a10cade754,30,strict_flat,128,127,255,128,127,0,0,0,0.0,0.0,0,0,0,0,0,0,0.0,0,0,0,python_sort,minimal,checked,1,1,2,750,True,,True,True,
week11_pilot_v1,week11_pilot_v1__run003,flat_valid_n256_001,4,flat_valid,256,,cd095f49e534e18d8cd5be896b1d644ec58567b1e334366b4baa24a10cade754,30,strict_flat,128,127,255,128,127,0,0,0,0.0,0.0,0,0,0,0,0,0,0.0,0,0,0,simplified_jordan_reference,minimal,checked,1,1,3,7135500,True,,True,True,
week11_pilot_v1,week11_pilot_v1__run003,flat_valid_n256_001,4,flat_valid,256,,cd095f49e534e18d8cd5be896b1d644ec58567b1e334366b4baa24a10cade754,30,strict_flat,128,127,255,128,127,0,0,0,0.0,0.0,0,0,0,0,0,0,0.0,0,0,0,python_sort,minimal,checked,2,2,1,667,True,,True,True,
week11_pilot_v1,week11_pilot_v1__run003,flat_valid_n256_001,4,flat_valid,256,,cd095f49e534e18d8cd5be896b1d644ec58567b1e334366b4baa24a10cade754,30,strict_flat,128,127,255,128,127,0,0,0,0.0,0.0,0,0,0,0,0,0,0.0,0,0,0,simplified_jordan_reference,minimal,checked,2,2,2,7140583,True,,True,True,
week11_pilot_v1,week11_pilot_v1__run003,flat_valid_n256_001,4,flat_valid,256,,cd095f49e534e18d8cd5be896b1d644ec58567b1e334366b4baa24a10cade754,30,strict_flat,128,127,255,128,127,0,0,0,0.0,0.0,0,0,0,0,0,0,0.0,0,0,0,simplified_jordan_paper_ordinary_list,minimal,checked,2,2,3,3719166,True,,True,True,
week11_pilot_v1,week11_pilot_v1__run003,flat_valid_n256_001,4,flat_valid,256,,cd095f49e534e18d8cd5be896b1d644ec58567b1e334366b4baa24a10cade754,30,strict_flat,128,127,255,128,127,0,0,0,0.0,0.0,0,0,0,0,0,0,0.0,0,0,0,simplified_jordan_reference,minimal,checked,3,3,1,7110958,True,,True,True,
week11_pilot_v1,week11_pilot_v1__run003,flat_valid_n256_001,4,flat_valid,256,,cd095f49e534e18d8cd5be896b1d644ec58567b1e334366b4baa24a10cade754,30,strict_flat,128,127,255,128,127,0,0,0,0.0,0.0,0,0,0,0,0,0,0.0,0,0,0,simplified_jordan_paper_ordinary_list,minimal,checked,3,3,2,3659000,True,,True,True,
week11_pilot_v1,week11_pilot_v1__run003,flat_valid_n256_001,4,flat_valid,256,,cd095f49e534e18d8cd5be896b1d644ec58567b1e334366b4baa24a10cade754,30,strict_flat,128,127,255,128,127,0,0,0,0.0,0.0,0,0,0,0,0,0,0.0,0,0,0,python_sort,minimal,checked,3,3,3,750,True,,True,True,
week11_pilot_v1,week11_pilot_v1__run003,flat_valid_n256_001,4,flat_valid,256,,cd095f49e534e18d8cd5be896b1d644ec58567b1e334366b4baa24a10cade754,30,strict_flat,128,127,255,128,127,0,0,0,0.0,0.0,0,0,0,0,0,0,0.0,0,0,0,simplified_jordan_paper_ordinary_list,minimal,checked,4,4,1,3671708,True,,True,True,
week11_pilot_v1,week11_pilot_v1__run003,flat_valid_n256_001,4,flat_valid,256,,cd095f49e534e18d8cd5be896b1d644ec58567b1e334366b4baa24a10cade754,30,strict_flat,128,127,255,128,127,0,0,0,0.0,0.0,0,0,0,0,0,0,0.0,0,0,0,python_sort,minimal,checked,4,4,2,667,True,,True,True,
week11_pilot_v1,week11_pilot_v1__run003,flat_valid_n256_001,4,flat_valid,256,,cd095f49e534e18d8cd5be896b1d644ec58567b1e334366b4baa24a10cade754,30,strict_flat,128,127,255,128,127,0,0,0,0.0,0.0,0,0,0,0,0,0,0.0,0,0,0,simplified_jordan_reference,minimal,checked,4,4,3,7152375,True,,True,True,
week11_pilot_v1,week11_pilot_v1__run003,flat_valid_n256_001,4,flat_valid,256,,cd095f49e534e18d8cd5be896b1d644ec58567b1e334366b4baa24a10cade754,30,strict_flat,128,127,255,128,127,0,0,0,0.0,0.0,0,0,0,0,0,0,0.0,0,0,0,python_sort,minimal,checked,5,5,1,708,True,,True,True,
week11_pilot_v1,week11_pilot_v1__run003,flat_valid_n256_001,4,flat_valid,256,,cd095f49e534e18d8cd5be896b1d644ec58567b1e334366b4baa24a10cade754,30,strict_flat,128,127,255,128,127,0,0,0,0.0,0.0,0,0,0,0,0,0,0.0,0,0,0,simplified_jordan_reference,minimal,checked,5,5,2,7166500,True,,True,True,
week11_pilot_v1,week11_pilot_v1__run003,flat_valid_n256_001,4,flat_valid,256,,cd095f49e534e18d8cd5be896b1d644ec58567b1e334366b4baa24a10cade754,30,strict_flat,128,127,255,128,127,0,0,0,0.0,0.0,0,0,0,0,0,0,0.0,0,0,0,simplified_jordan_paper_ordinary_list,minimal,checked,5,5,3,3719542,True,,True,True,
week11_pilot_v1,week11_pilot_v1__run003,flat_valid_n256_001,4,flat_valid,256,,cd095f49e534e18d8cd5be896b1d644ec58567b1e334366b4baa24a10cade754,30,strict_flat,128,127,255,128,127,0,0,0,0.0,0.0,0,0,0,0,0,0,0.0,0,0,0,simplified_jordan_reference,minimal,checked,6,6,1,7149375,True,,True,True,
week11_pilot_v1,week11_pilot_v1__run003,flat_valid_n256_001,4,flat_valid,256,,cd095f49e534e18d8cd5be896b1d644ec58567b1e334366b4baa24a10cade754,30,strict_flat,128,127,255,128,127,0,0,0,0.0,0.0,0,0,0,0,0,0,0.0,0,0,0,simplified_jordan_paper_ordinary_list,minimal,checked,6,6,2,3621167,True,,True,True,
week11_pilot_v1,week11_pilot_v1__run003,flat_valid_n256_001,4,flat_valid,256,,cd095f49e534e18d8cd5be896b1d644ec58567b1e334366b4baa24a10cade754,30,strict_flat,128,127,255,128,127,0,0,0,0.0,0.0,0,0,0,0,0,0,0.0,0,0,0,python_sort,minimal,checked,6,6,3,750,True,,True,True,
week11_pilot_v1,week11_pilot_v1__run003,flat_valid_n256_001,4,flat_valid,256,,cd095f49e534e18d8cd5be896b1d644ec58567b1e334366b4baa24a10cade754,30,strict_flat,128,127,255,128,127,0,0,0,0.0,0.0,0,0,0,0,0,0,0.0,0,0,0,simplified_jordan_paper_ordinary_list,minimal,checked,7,7,1,3670084,True,,True,True,
week11_pilot_v1,week11_pilot_v1__run003,flat_valid_n256_001,4,flat_valid,256,,cd095f49e534e18d8cd5be896b1d644ec58567b1e334366b4baa24a10cade754,30,strict_flat,128,127,255,128,127,0,0,0,0.0,0.0,0,0,0,0,0,0,0.0,0,0,0,python_sort,minimal,checked,7,7,2,750,True,,True,True,
week11_pilot_v1,week11_pilot_v1__run003,flat_valid_n256_001,4,flat_valid,256,,cd095f49e534e18d8cd5be896b1d644ec58567b1e334366b4baa24a10cade754,30,strict_flat,128,127,255,128,127,0,0,0,0.0,0.0,0,0,0,0,0,0,0.0,0,0,0,simplified_jordan_reference,minimal,checked,7,7,3,7153584,True,,True,True,
week11_pilot_v1,week11_pilot_v1__run003,flat_valid_n256_001,4,flat_valid,256,,cd095f49e534e18d8cd5be896b1d644ec58567b1e334366b4baa24a10cade754,30,strict_flat,128,127,255,128,127,0,0,0,0.0,0.0,0,0,0,0,0,0,0.0,0,0,0,python_sort,minimal,checked,8,8,1,667,True,,True,True,
week11_pilot_v1,week11_pilot_v1__run003,flat_valid_n256_001,4,flat_valid,256,,cd095f49e534e18d8cd5be896b1d644ec58567b1e334366b4baa24a10cade754,30,strict_flat,128,127,255,128,127,0,0,0,0.0,0.0,0,0,0,0,0,0,0.0,0,0,0,simplified_jordan_reference,minimal,checked,8,8,2,7125833,True,,True,True,
week11_pilot_v1,week11_pilot_v1__run003,flat_valid_n256_001,4,flat_valid,256,,cd095f49e534e18d8cd5be896b1d644ec58567b1e334366b4baa24a10cade754,30,strict_flat,128,127,255,128,127,0,0,0,0.0,0.0,0,0,0,0,0,0,0.0,0,0,0,simplified_jordan_paper_ordinary_list,minimal,checked,8,8,3,3641792,True,,True,True,
week11_pilot_v1,week11_pilot_v1__run003,flat_valid_n256_001,4,flat_valid,256,,cd095f49e534e18d8cd5be896b1d644ec58567b1e334366b4baa24a10cade754,30,strict_flat,128,127,255,128,127,0,0,0,0.0,0.0,0,0,0,0,0,0,0.0,0,0,0,simplified_jordan_reference,minimal,checked,9,9,1,7137958,True,,True,True,
week11_pilot_v1,week11_pilot_v1__run003,flat_valid_n256_001,4,flat_valid,256,,cd095f49e534e18d8cd5be896b1d644ec58567b1e334366b4baa24a10cade754,30,strict_flat,128,127,255,128,127,0,0,0,0.0,0.0,0,0,0,0,0,0,0.0,0,0,0,simplified_jordan_paper_ordinary_list,minimal,checked,9,9,2,3609917,True,,True,True,
week11_pilot_v1,week11_pilot_v1__run003,flat_valid_n256_001,4,flat_valid,256,,cd095f49e534e18d8cd5be896b1d644ec58567b1e334366b4baa24a10cade754,30,strict_flat,128,127,255,128,127,0,0,0,0.0,0.0,0,0,0,0,0,0,0.0,0,0,0,python_sort,minimal,checked,9,9,3,709,True,,True,True,
week11_pilot_v1,week11_pilot_v1__run003,flat_valid_n256_001,4,flat_valid,256,,cd095f49e534e18d8cd5be896b1d644ec58567b1e334366b4baa24a10cade754,30,strict_flat,128,127,255,128,127,0,0,0,0.0,0.0,0,0,0,0,0,0,0.0,0,0,0,simplified_jordan_paper_ordinary_list,minimal,checked,10,10,1,3616958,True,,True,True,
week11_pilot_v1,week11_pilot_v1__run003,flat_valid_n256_001,4,flat_valid,256,,cd095f49e534e18d8cd5be896b1d644ec58567b1e334366b4baa24a10cade754,30,strict_flat,128,127,255,128,127,0,0,0,0.0,0.0,0,0,0,0,0,0,0.0,0,0,0,python_sort,minimal,checked,10,10,2,709,True,,True,True,
week11_pilot_v1,week11_pilot_v1__run003,flat_valid_n256_001,4,flat_valid,256,,cd095f49e534e18d8cd5be896b1d644ec58567b1e334366b4baa24a10cade754,30,strict_flat,128,127,255,128,127,0,0,0,0.0,0.0,0,0,0,0,0,0,0.0,0,0,0,simplified_jordan_reference,minimal,checked,10,10,3,7187916,True,,True,True,
week11_pilot_v1,week11_pilot_v1__run003,nested_valid_n32_001,6,nested_valid,32,,c4ce843cb915959f6acab25ba8a3acf43bee7a477a9a8b49500ec9d597b318f8,31,nested_heavy_valid,16,15,31,1,1,15,14,29,0.9354838709677419,0.9354838709677419,15,14,15,120,105,225,1.0,0,0,0,simplified_jordan_reference,minimal,checked,1,1,1,185833,True,,True,True,
week11_pilot_v1,week11_pilot_v1__run003,nested_valid_n32_001,6,nested_valid,32,,c4ce843cb915959f6acab25ba8a3acf43bee7a477a9a8b49500ec9d597b318f8,31,nested_heavy_valid,16,15,31,1,1,15,14,29,0.9354838709677419,0.9354838709677419,15,14,15,120,105,225,1.0,0,0,0,python_sort,minimal,checked,1,1,2,708,True,,True,True,
week11_pilot_v1,week11_pilot_v1__run003,nested_valid_n32_001,6,nested_valid,32,,c4ce843cb915959f6acab25ba8a3acf43bee7a477a9a8b49500ec9d597b318f8,31,nested_heavy_valid,16,15,31,1,1,15,14,29,0.9354838709677419,0.9354838709677419,15,14,15,120,105,225,1.0,0,0,0,simplified_jordan_paper_ordinary_list,minimal,checked,1,1,3,478708,True,,True,True,
week11_pilot_v1,week11_pilot_v1__run003,nested_valid_n32_001,6,nested_valid,32,,c4ce843cb915959f6acab25ba8a3acf43bee7a477a9a8b49500ec9d597b318f8,31,nested_heavy_valid,16,15,31,1,1,15,14,29,0.9354838709677419,0.9354838709677419,15,14,15,120,105,225,1.0,0,0,0,python_sort,minimal,checked,2,2,1,708,True,,True,True,
week11_pilot_v1,week11_pilot_v1__run003,nested_valid_n32_001,6,nested_valid,32,,c4ce843cb915959f6acab25ba8a3acf43bee7a477a9a8b49500ec9d597b318f8,31,nested_heavy_valid,16,15,31,1,1,15,14,29,0.9354838709677419,0.9354838709677419,15,14,15,120,105,225,1.0,0,0,0,simplified_jordan_paper_ordinary_list,minimal,checked,2,2,2,473584,True,,True,True,
week11_pilot_v1,week11_pilot_v1__run003,nested_valid_n32_001,6,nested_valid,32,,c4ce843cb915959f6acab25ba8a3acf43bee7a477a9a8b49500ec9d597b318f8,31,nested_heavy_valid,16,15,31,1,1,15,14,29,0.9354838709677419,0.9354838709677419,15,14,15,120,105,225,1.0,0,0,0,simplified_jordan_reference,minimal,checked,2,2,3,186708,True,,True,True,
week11_pilot_v1,week11_pilot_v1__run003,nested_valid_n32_001,6,nested_valid,32,,c4ce843cb915959f6acab25ba8a3acf43bee7a477a9a8b49500ec9d597b318f8,31,nested_heavy_valid,16,15,31,1,1,15,14,29,0.9354838709677419,0.9354838709677419,15,14,15,120,105,225,1.0,0,0,0,simplified_jordan_paper_ordinary_list,minimal,checked,3,3,1,480916,True,,True,True,
week11_pilot_v1,week11_pilot_v1__run003,nested_valid_n32_001,6,nested_valid,32,,c4ce843cb915959f6acab25ba8a3acf43bee7a477a9a8b49500ec9d597b318f8,31,nested_heavy_valid,16,15,31,1,1,15,14,29,0.9354838709677419,0.9354838709677419,15,14,15,120,105,225,1.0,0,0,0,simplified_jordan_reference,minimal,checked,3,3,2,184875,True,,True,True,
week11_pilot_v1,week11_pilot_v1__run003,nested_valid_n32_001,6,nested_valid,32,,c4ce843cb915959f6acab25ba8a3acf43bee7a477a9a8b49500ec9d597b318f8,31,nested_heavy_valid,16,15,31,1,1,15,14,29,0.9354838709677419,0.9354838709677419,15,14,15,120,105,225,1.0,0,0,0,python_sort,minimal,checked,3,3,3,666,True,,True,True,
week11_pilot_v1,week11_pilot_v1__run003,nested_valid_n32_001,6,nested_valid,32,,c4ce843cb915959f6acab25ba8a3acf43bee7a477a9a8b49500ec9d597b318f8,31,nested_heavy_valid,16,15,31,1,1,15,14,29,0.9354838709677419,0.9354838709677419,15,14,15,120,105,225,1.0,0,0,0,simplified_jordan_reference,minimal,checked,4,4,1,179458,True,,True,True,
week11_pilot_v1,week11_pilot_v1__run003,nested_valid_n32_001,6,nested_valid,32,,c4ce843cb915959f6acab25ba8a3acf43bee7a477a9a8b49500ec9d597b318f8,31,nested_heavy_valid,16,15,31,1,1,15,14,29,0.9354838709677419,0.9354838709677419,15,14,15,120,105,225,1.0,0,0,0,python_sort,minimal,checked,4,4,2,792,True,,True,True,
week11_pilot_v1,week11_pilot_v1__run003,nested_valid_n32_001,6,nested_valid,32,,c4ce843cb915959f6acab25ba8a3acf43bee7a477a9a8b49500ec9d597b318f8,31,nested_heavy_valid,16,15,31,1,1,15,14,29,0.9354838709677419,0.9354838709677419,15,14,15,120,105,225,1.0,0,0,0,simplified_jordan_paper_ordinary_list,minimal,checked,4,4,3,478084,True,,True,True,
week11_pilot_v1,week11_pilot_v1__run003,nested_valid_n32_001,6,nested_valid,32,,c4ce843cb915959f6acab25ba8a3acf43bee7a477a9a8b49500ec9d597b318f8,31,nested_heavy_valid,16,15,31,1,1,15,14,29,0.9354838709677419,0.9354838709677419,15,14,15,120,105,225,1.0,0,0,0,python_sort,minimal,checked,5,5,1,708,True,,True,True,
week11_pilot_v1,week11_pilot_v1__run003,nested_valid_n32_001,6,nested_valid,32,,c4ce843cb915959f6acab25ba8a3acf43bee7a477a9a8b49500ec9d597b318f8,31,nested_heavy_valid,16,15,31,1,1,15,14,29,0.9354838709677419,0.9354838709677419,15,14,15,120,105,225,1.0,0,0,0,simplified_jordan_paper_ordinary_list,minimal,checked,5,5,2,471667,True,,True,True,
week11_pilot_v1,week11_pilot_v1__run003,nested_valid_n32_001,6,nested_valid,32,,c4ce843cb915959f6acab25ba8a3acf43bee7a477a9a8b49500ec9d597b318f8,31,nested_heavy_valid,16,15,31,1,1,15,14,29,0.9354838709677419,0.9354838709677419,15,14,15,120,105,225,1.0,0,0,0,simplified_jordan_reference,minimal,checked,5,5,3,185000,True,,True,True,
week11_pilot_v1,week11_pilot_v1__run003,nested_valid_n32_001,6,nested_valid,32,,c4ce843cb915959f6acab25ba8a3acf43bee7a477a9a8b49500ec9d597b318f8,31,nested_heavy_valid,16,15,31,1,1,15,14,29,0.9354838709677419,0.9354838709677419,15,14,15,120,105,225,1.0,0,0,0,simplified_jordan_paper_ordinary_list,minimal,checked,6,6,1,478959,True,,True,True,
week11_pilot_v1,week11_pilot_v1__run003,nested_valid_n32_001,6,nested_valid,32,,c4ce843cb915959f6acab25ba8a3acf43bee7a477a9a8b49500ec9d597b318f8,31,nested_heavy_valid,16,15,31,1,1,15,14,29,0.9354838709677419,0.9354838709677419,15,14,15,120,105,225,1.0,0,0,0,simplified_jordan_reference,minimal,checked,6,6,2,185959,True,,True,True,
week11_pilot_v1,week11_pilot_v1__run003,nested_valid_n32_001,6,nested_valid,32,,c4ce843cb915959f6acab25ba8a3acf43bee7a477a9a8b49500ec9d597b318f8,31,nested_heavy_valid,16,15,31,1,1,15,14,29,0.9354838709677419,0.9354838709677419,15,14,15,120,105,225,1.0,0,0,0,python_sort,minimal,checked,6,6,3,750,True,,True,True,
week11_pilot_v1,week11_pilot_v1__run003,nested_valid_n32_001,6,nested_valid,32,,c4ce843cb915959f6acab25ba8a3acf43bee7a477a9a8b49500ec9d597b318f8,31,nested_heavy_valid,16,15,31,1,1,15,14,29,0.9354838709677419,0.9354838709677419,15,14,15,120,105,225,1.0,0,0,0,simplified_jordan_reference,minimal,checked,7,7,1,186542,True,,True,True,
week11_pilot_v1,week11_pilot_v1__run003,nested_valid_n32_001,6,nested_valid,32,,c4ce843cb915959f6acab25ba8a3acf43bee7a477a9a8b49500ec9d597b318f8,31,nested_heavy_valid,16,15,31,1,1,15,14,29,0.9354838709677419,0.9354838709677419,15,14,15,120,105,225,1.0,0,0,0,python_sort,minimal,checked,7,7,2,666,True,,True,True,
week11_pilot_v1,week11_pilot_v1__run003,nested_valid_n32_001,6,nested_valid,32,,c4ce843cb915959f6acab25ba8a3acf43bee7a477a9a8b49500ec9d597b318f8,31,nested_heavy_valid,16,15,31,1,1,15,14,29,0.9354838709677419,0.9354838709677419,15,14,15,120,105,225,1.0,0,0,0,simplified_jordan_paper_ordinary_list,minimal,checked,7,7,3,483750,True,,True,True,
week11_pilot_v1,week11_pilot_v1__run003,nested_valid_n32_001,6,nested_valid,32,,c4ce843cb915959f6acab25ba8a3acf43bee7a477a9a8b49500ec9d597b318f8,31,nested_heavy_valid,16,15,31,1,1,15,14,29,0.9354838709677419,0.9354838709677419,15,14,15,120,105,225,1.0,0,0,0,python_sort,minimal,checked,8,8,1,625,True,,True,True,
week11_pilot_v1,week11_pilot_v1__run003,nested_valid_n32_001,6,nested_valid,32,,c4ce843cb915959f6acab25ba8a3acf43bee7a477a9a8b49500ec9d597b318f8,31,nested_heavy_valid,16,15,31,1,1,15,14,29,0.9354838709677419,0.9354838709677419,15,14,15,120,105,225,1.0,0,0,0,simplified_jordan_paper_ordinary_list,minimal,checked,8,8,2,484792,True,,True,True,
week11_pilot_v1,week11_pilot_v1__run003,nested_valid_n32_001,6,nested_valid,32,,c4ce843cb915959f6acab25ba8a3acf43bee7a477a9a8b49500ec9d597b318f8,31,nested_heavy_valid,16,15,31,1,1,15,14,29,0.9354838709677419,0.9354838709677419,15,14,15,120,105,225,1.0,0,0,0,simplified_jordan_reference,minimal,checked,8,8,3,195625,True,,True,True,
week11_pilot_v1,week11_pilot_v1__run003,nested_valid_n32_001,6,nested_valid,32,,c4ce843cb915959f6acab25ba8a3acf43bee7a477a9a8b49500ec9d597b318f8,31,nested_heavy_valid,16,15,31,1,1,15,14,29,0.9354838709677419,0.9354838709677419,15,14,15,120,105,225,1.0,0,0,0,simplified_jordan_paper_ordinary_list,minimal,checked,9,9,1,489667,True,,True,True,
week11_pilot_v1,week11_pilot_v1__run003,nested_valid_n32_001,6,nested_valid,32,,c4ce843cb915959f6acab25ba8a3acf43bee7a477a9a8b49500ec9d597b318f8,31,nested_heavy_valid,16,15,31,1,1,15,14,29,0.9354838709677419,0.9354838709677419,15,14,15,120,105,225,1.0,0,0,0,simplified_jordan_reference,minimal,checked,9,9,2,185834,True,,True,True,
week11_pilot_v1,week11_pilot_v1__run003,nested_valid_n32_001,6,nested_valid,32,,c4ce843cb915959f6acab25ba8a3acf43bee7a477a9a8b49500ec9d597b318f8,31,nested_heavy_valid,16,15,31,1,1,15,14,29,0.9354838709677419,0.9354838709677419,15,14,15,120,105,225,1.0,0,0,0,python_sort,minimal,checked,9,9,3,833,True,,True,True,
week11_pilot_v1,week11_pilot_v1__run003,nested_valid_n32_001,6,nested_valid,32,,c4ce843cb915959f6acab25ba8a3acf43bee7a477a9a8b49500ec9d597b318f8,31,nested_heavy_valid,16,15,31,1,1,15,14,29,0.9354838709677419,0.9354838709677419,15,14,15,120,105,225,1.0,0,0,0,simplified_jordan_reference,minimal,checked,10,10,1,183083,True,,True,True,
week11_pilot_v1,week11_pilot_v1__run003,nested_valid_n32_001,6,nested_valid,32,,c4ce843cb915959f6acab25ba8a3acf43bee7a477a9a8b49500ec9d597b318f8,31,nested_heavy_valid,16,15,31,1,1,15,14,29,0.9354838709677419,0.9354838709677419,15,14,15,120,105,225,1.0,0,0,0,python_sort,minimal,checked,10,10,2,667,True,,True,True,
week11_pilot_v1,week11_pilot_v1__run003,nested_valid_n32_001,6,nested_valid,32,,c4ce843cb915959f6acab25ba8a3acf43bee7a477a9a8b49500ec9d597b318f8,31,nested_heavy_valid,16,15,31,1,1,15,14,29,0.9354838709677419,0.9354838709677419,15,14,15,120,105,225,1.0,0,0,0,simplified_jordan_paper_ordinary_list,minimal,checked,10,10,3,482458,True,,True,True,
week11_pilot_v1,week11_pilot_v1__run003,incremental_valid_n256_002,27,incremental_valid,256,20516725,94568807b8a663e2527ac0a90cef9359ccc8ba493256c1bd97458869060242c4,32,nested_heavy_valid,128,127,255,1,3,127,124,251,0.984313725490196,0.984313725490196,48,59,59,3292,3690,6982,0.43288486576973156,0,0,0,simplified_jordan_paper_ordinary_list,minimal,checked,1,1,1,6904916,True,,True,True,
week11_pilot_v1,week11_pilot_v1__run003,incremental_valid_n256_002,27,incremental_valid,256,20516725,94568807b8a663e2527ac0a90cef9359ccc8ba493256c1bd97458869060242c4,32,nested_heavy_valid,128,127,255,1,3,127,124,251,0.984313725490196,0.984313725490196,48,59,59,3292,3690,6982,0.43288486576973156,0,0,0,python_sort,minimal,checked,1,1,2,7958,True,,True,True,
week11_pilot_v1,week11_pilot_v1__run003,incremental_valid_n256_002,27,incremental_valid,256,20516725,94568807b8a663e2527ac0a90cef9359ccc8ba493256c1bd97458869060242c4,32,nested_heavy_valid,128,127,255,1,3,127,124,251,0.984313725490196,0.984313725490196,48,59,59,3292,3690,6982,0.43288486576973156,0,0,0,simplified_jordan_reference,minimal,checked,1,1,3,7931541,True,,True,True,
week11_pilot_v1,week11_pilot_v1__run003,incremental_valid_n256_002,27,incremental_valid,256,20516725,94568807b8a663e2527ac0a90cef9359ccc8ba493256c1bd97458869060242c4,32,nested_heavy_valid,128,127,255,1,3,127,124,251,0.984313725490196,0.984313725490196,48,59,59,3292,3690,6982,0.43288486576973156,0,0,0,python_sort,minimal,checked,2,2,1,5041,True,,True,True,
week11_pilot_v1,week11_pilot_v1__run003,incremental_valid_n256_002,27,incremental_valid,256,20516725,94568807b8a663e2527ac0a90cef9359ccc8ba493256c1bd97458869060242c4,32,nested_heavy_valid,128,127,255,1,3,127,124,251,0.984313725490196,0.984313725490196,48,59,59,3292,3690,6982,0.43288486576973156,0,0,0,simplified_jordan_reference,minimal,checked,2,2,2,7962833,True,,True,True,
week11_pilot_v1,week11_pilot_v1__run003,incremental_valid_n256_002,27,incremental_valid,256,20516725,94568807b8a663e2527ac0a90cef9359ccc8ba493256c1bd97458869060242c4,32,nested_heavy_valid,128,127,255,1,3,127,124,251,0.984313725490196,0.984313725490196,48,59,59,3292,3690,6982,0.43288486576973156,0,0,0,simplified_jordan_paper_ordinary_list,minimal,checked,2,2,3,6801375,True,,True,True,
week11_pilot_v1,week11_pilot_v1__run003,incremental_valid_n256_002,27,incremental_valid,256,20516725,94568807b8a663e2527ac0a90cef9359ccc8ba493256c1bd97458869060242c4,32,nested_heavy_valid,128,127,255,1,3,127,124,251,0.984313725490196,0.984313725490196,48,59,59,3292,3690,6982,0.43288486576973156,0,0,0,simplified_jordan_reference,minimal,checked,3,3,1,7951125,True,,True,True,
week11_pilot_v1,week11_pilot_v1__run003,incremental_valid_n256_002,27,incremental_valid,256,20516725,94568807b8a663e2527ac0a90cef9359ccc8ba493256c1bd97458869060242c4,32,nested_heavy_valid,128,127,255,1,3,127,124,251,0.984313725490196,0.984313725490196,48,59,59,3292,3690,6982,0.43288486576973156,0,0,0,simplified_jordan_paper_ordinary_list,minimal,checked,3,3,2,6864625,True,,True,True,
week11_pilot_v1,week11_pilot_v1__run003,incremental_valid_n256_002,27,incremental_valid,256,20516725,94568807b8a663e2527ac0a90cef9359ccc8ba493256c1bd97458869060242c4,32,nested_heavy_valid,128,127,255,1,3,127,124,251,0.984313725490196,0.984313725490196,48,59,59,3292,3690,6982,0.43288486576973156,0,0,0,python_sort,minimal,checked,3,3,3,5208,True,,True,True,
week11_pilot_v1,week11_pilot_v1__run003,incremental_valid_n256_002,27,incremental_valid,256,20516725,94568807b8a663e2527ac0a90cef9359ccc8ba493256c1bd97458869060242c4,32,nested_heavy_valid,128,127,255,1,3,127,124,251,0.984313725490196,0.984313725490196,48,59,59,3292,3690,6982,0.43288486576973156,0,0,0,simplified_jordan_paper_ordinary_list,minimal,checked,4,4,1,6820541,True,,True,True,
week11_pilot_v1,week11_pilot_v1__run003,incremental_valid_n256_002,27,incremental_valid,256,20516725,94568807b8a663e2527ac0a90cef9359ccc8ba493256c1bd97458869060242c4,32,nested_heavy_valid,128,127,255,1,3,127,124,251,0.984313725490196,0.984313725490196,48,59,59,3292,3690,6982,0.43288486576973156,0,0,0,python_sort,minimal,checked,4,4,2,4958,True,,True,True,
week11_pilot_v1,week11_pilot_v1__run003,incremental_valid_n256_002,27,incremental_valid,256,20516725,94568807b8a663e2527ac0a90cef9359ccc8ba493256c1bd97458869060242c4,32,nested_heavy_valid,128,127,255,1,3,127,124,251,0.984313725490196,0.984313725490196,48,59,59,3292,3690,6982,0.43288486576973156,0,0,0,simplified_jordan_reference,minimal,checked,4,4,3,7999083,True,,True,True,
week11_pilot_v1,week11_pilot_v1__run003,incremental_valid_n256_002,27,incremental_valid,256,20516725,94568807b8a663e2527ac0a90cef9359ccc8ba493256c1bd97458869060242c4,32,nested_heavy_valid,128,127,255,1,3,127,124,251,0.984313725490196,0.984313725490196,48,59,59,3292,3690,6982,0.43288486576973156,0,0,0,python_sort,minimal,checked,5,5,1,5083,True,,True,True,
week11_pilot_v1,week11_pilot_v1__run003,incremental_valid_n256_002,27,incremental_valid,256,20516725,94568807b8a663e2527ac0a90cef9359ccc8ba493256c1bd97458869060242c4,32,nested_heavy_valid,128,127,255,1,3,127,124,251,0.984313725490196,0.984313725490196,48,59,59,3292,3690,6982,0.43288486576973156,0,0,0,simplified_jordan_reference,minimal,checked,5,5,2,7912958,True,,True,True,
week11_pilot_v1,week11_pilot_v1__run003,incremental_valid_n256_002,27,incremental_valid,256,20516725,94568807b8a663e2527ac0a90cef9359ccc8ba493256c1bd97458869060242c4,32,nested_heavy_valid,128,127,255,1,3,127,124,251,0.984313725490196,0.984313725490196,48,59,59,3292,3690,6982,0.43288486576973156,0,0,0,simplified_jordan_paper_ordinary_list,minimal,checked,5,5,3,6923875,True,,True,True,
week11_pilot_v1,week11_pilot_v1__run003,incremental_valid_n256_002,27,incremental_valid,256,20516725,94568807b8a663e2527ac0a90cef9359ccc8ba493256c1bd97458869060242c4,32,nested_heavy_valid,128,127,255,1,3,127,124,251,0.984313725490196,0.984313725490196,48,59,59,3292,3690,6982,0.43288486576973156,0,0,0,simplified_jordan_reference,minimal,checked,6,6,1,7946584,True,,True,True,
week11_pilot_v1,week11_pilot_v1__run003,incremental_valid_n256_002,27,incremental_valid,256,20516725,94568807b8a663e2527ac0a90cef9359ccc8ba493256c1bd97458869060242c4,32,nested_heavy_valid,128,127,255,1,3,127,124,251,0.984313725490196,0.984313725490196,48,59,59,3292,3690,6982,0.43288486576973156,0,0,0,simplified_jordan_paper_ordinary_list,minimal,checked,6,6,2,6877500,True,,True,True,
week11_pilot_v1,week11_pilot_v1__run003,incremental_valid_n256_002,27,incremental_valid,256,20516725,94568807b8a663e2527ac0a90cef9359ccc8ba493256c1bd97458869060242c4,32,nested_heavy_valid,128,127,255,1,3,127,124,251,0.984313725490196,0.984313725490196,48,59,59,3292,3690,6982,0.43288486576973156,0,0,0,python_sort,minimal,checked,6,6,3,5166,True,,True,True,
week11_pilot_v1,week11_pilot_v1__run003,incremental_valid_n256_002,27,incremental_valid,256,20516725,94568807b8a663e2527ac0a90cef9359ccc8ba493256c1bd97458869060242c4,32,nested_heavy_valid,128,127,255,1,3,127,124,251,0.984313725490196,0.984313725490196,48,59,59,3292,3690,6982,0.43288486576973156,0,0,0,simplified_jordan_paper_ordinary_list,minimal,checked,7,7,1,6778750,True,,True,True,
week11_pilot_v1,week11_pilot_v1__run003,incremental_valid_n256_002,27,incremental_valid,256,20516725,94568807b8a663e2527ac0a90cef9359ccc8ba493256c1bd97458869060242c4,32,nested_heavy_valid,128,127,255,1,3,127,124,251,0.984313725490196,0.984313725490196,48,59,59,3292,3690,6982,0.43288486576973156,0,0,0,python_sort,minimal,checked,7,7,2,5000,True,,True,True,
week11_pilot_v1,week11_pilot_v1__run003,incremental_valid_n256_002,27,incremental_valid,256,20516725,94568807b8a663e2527ac0a90cef9359ccc8ba493256c1bd97458869060242c4,32,nested_heavy_valid,128,127,255,1,3,127,124,251,0.984313725490196,0.984313725490196,48,59,59,3292,3690,6982,0.43288486576973156,0,0,0,simplified_jordan_reference,minimal,checked,7,7,3,7907958,True,,True,True,
week11_pilot_v1,week11_pilot_v1__run003,incremental_valid_n256_002,27,incremental_valid,256,20516725,94568807b8a663e2527ac0a90cef9359ccc8ba493256c1bd97458869060242c4,32,nested_heavy_valid,128,127,255,1,3,127,124,251,0.984313725490196,0.984313725490196,48,59,59,3292,3690,6982,0.43288486576973156,0,0,0,python_sort,minimal,checked,8,8,1,5000,True,,True,True,
week11_pilot_v1,week11_pilot_v1__run003,incremental_valid_n256_002,27,incremental_valid,256,20516725,94568807b8a663e2527ac0a90cef9359ccc8ba493256c1bd97458869060242c4,32,nested_heavy_valid,128,127,255,1,3,127,124,251,0.984313725490196,0.984313725490196,48,59,59,3292,3690,6982,0.43288486576973156,0,0,0,simplified_jordan_reference,minimal,checked,8,8,2,8037125,True,,True,True,
week11_pilot_v1,week11_pilot_v1__run003,incremental_valid_n256_002,27,incremental_valid,256,20516725,94568807b8a663e2527ac0a90cef9359ccc8ba493256c1bd97458869060242c4,32,nested_heavy_valid,128,127,255,1,3,127,124,251,0.984313725490196,0.984313725490196,48,59,59,3292,3690,6982,0.43288486576973156,0,0,0,simplified_jordan_paper_ordinary_list,minimal,checked,8,8,3,6781125,True,,True,True,
week11_pilot_v1,week11_pilot_v1__run003,incremental_valid_n256_002,27,incremental_valid,256,20516725,94568807b8a663e2527ac0a90cef9359ccc8ba493256c1bd97458869060242c4,32,nested_heavy_valid,128,127,255,1,3,127,124,251,0.984313725490196,0.984313725490196,48,59,59,3292,3690,6982,0.43288486576973156,0,0,0,simplified_jordan_reference,minimal,checked,9,9,1,8010125,True,,True,True,
week11_pilot_v1,week11_pilot_v1__run003,incremental_valid_n256_002,27,incremental_valid,256,20516725,94568807b8a663e2527ac0a90cef9359ccc8ba493256c1bd97458869060242c4,32,nested_heavy_valid,128,127,255,1,3,127,124,251,0.984313725490196,0.984313725490196,48,59,59,3292,3690,6982,0.43288486576973156,0,0,0,simplified_jordan_paper_ordinary_list,minimal,checked,9,9,2,6790000,True,,True,True,
week11_pilot_v1,week11_pilot_v1__run003,incremental_valid_n256_002,27,incremental_valid,256,20516725,94568807b8a663e2527ac0a90cef9359ccc8ba493256c1bd97458869060242c4,32,nested_heavy_valid,128,127,255,1,3,127,124,251,0.984313725490196,0.984313725490196,48,59,59,3292,3690,6982,0.43288486576973156,0,0,0,python_sort,minimal,checked,9,9,3,5125,True,,True,True,
week11_pilot_v1,week11_pilot_v1__run003,incremental_valid_n256_002,27,incremental_valid,256,20516725,94568807b8a663e2527ac0a90cef9359ccc8ba493256c1bd97458869060242c4,32,nested_heavy_valid,128,127,255,1,3,127,124,251,0.984313725490196,0.984313725490196,48,59,59,3292,3690,6982,0.43288486576973156,0,0,0,simplified_jordan_paper_ordinary_list,minimal,checked,10,10,1,6844042,True,,True,True,
week11_pilot_v1,week11_pilot_v1__run003,incremental_valid_n256_002,27,incremental_valid,256,20516725,94568807b8a663e2527ac0a90cef9359ccc8ba493256c1bd97458869060242c4,32,nested_heavy_valid,128,127,255,1,3,127,124,251,0.984313725490196,0.984313725490196,48,59,59,3292,3690,6982,0.43288486576973156,0,0,0,python_sort,minimal,checked,10,10,2,5209,True,,True,True,
week11_pilot_v1,week11_pilot_v1__run003,incremental_valid_n256_002,27,incremental_valid,256,20516725,94568807b8a663e2527ac0a90cef9359ccc8ba493256c1bd97458869060242c4,32,nested_heavy_valid,128,127,255,1,3,127,124,251,0.984313725490196,0.984313725490196,48,59,59,3292,3690,6982,0.43288486576973156,0,0,0,simplified_jordan_reference,minimal,checked,10,10,3,7918542,True,,True,True,
week11_pilot_v1,week11_pilot_v1__run003,incremental_valid_n128_004,24,incremental_valid,128,20388727,efe546e362c9410a66e3fc03538aacd3ba0412dfb548ae051ebd5920ca9ac4a4,33,nested_heavy_valid,64,63,127,1,1,63,62,125,0.984251968503937,0.984251968503937,29,33,33,1028,1124,2152,0.5422020660115898,0,0,0,python_sort,minimal,checked,1,1,1,2708,True,,True,True,
week11_pilot_v1,week11_pilot_v1__run003,incremental_valid_n128_004,24,incremental_valid,128,20388727,efe546e362c9410a66e3fc03538aacd3ba0412dfb548ae051ebd5920ca9ac4a4,33,nested_heavy_valid,64,63,127,1,1,63,62,125,0.984251968503937,0.984251968503937,29,33,33,1028,1124,2152,0.5422020660115898,0,0,0,simplified_jordan_paper_ordinary_list,minimal,checked,1,1,2,2883459,True,,True,True,
week11_pilot_v1,week11_pilot_v1__run003,incremental_valid_n128_004,24,incremental_valid,128,20388727,efe546e362c9410a66e3fc03538aacd3ba0412dfb548ae051ebd5920ca9ac4a4,33,nested_heavy_valid,64,63,127,1,1,63,62,125,0.984251968503937,0.984251968503937,29,33,33,1028,1124,2152,0.5422020660115898,0,0,0,simplified_jordan_reference,minimal,checked,1,1,3,2127000,True,,True,True,
week11_pilot_v1,week11_pilot_v1__run003,incremental_valid_n128_004,24,incremental_valid,128,20388727,efe546e362c9410a66e3fc03538aacd3ba0412dfb548ae051ebd5920ca9ac4a4,33,nested_heavy_valid,64,63,127,1,1,63,62,125,0.984251968503937,0.984251968503937,29,33,33,1028,1124,2152,0.5422020660115898,0,0,0,simplified_jordan_paper_ordinary_list,minimal,checked,2,2,1,2933792,True,,True,True,
week11_pilot_v1,week11_pilot_v1__run003,incremental_valid_n128_004,24,incremental_valid,128,20388727,efe546e362c9410a66e3fc03538aacd3ba0412dfb548ae051ebd5920ca9ac4a4,33,nested_heavy_valid,64,63,127,1,1,63,62,125,0.984251968503937,0.984251968503937,29,33,33,1028,1124,2152,0.5422020660115898,0,0,0,simplified_jordan_reference,minimal,checked,2,2,2,2173166,True,,True,True,
week11_pilot_v1,week11_pilot_v1__run003,incremental_valid_n128_004,24,incremental_valid,128,20388727,efe546e362c9410a66e3fc03538aacd3ba0412dfb548ae051ebd5920ca9ac4a4,33,nested_heavy_valid,64,63,127,1,1,63,62,125,0.984251968503937,0.984251968503937,29,33,33,1028,1124,2152,0.5422020660115898,0,0,0,python_sort,minimal,checked,2,2,3,2667,True,,True,True,
week11_pilot_v1,week11_pilot_v1__run003,incremental_valid_n128_004,24,incremental_valid,128,20388727,efe546e362c9410a66e3fc03538aacd3ba0412dfb548ae051ebd5920ca9ac4a4,33,nested_heavy_valid,64,63,127,1,1,63,62,125,0.984251968503937,0.984251968503937,29,33,33,1028,1124,2152,0.5422020660115898,0,0,0,simplified_jordan_reference,minimal,checked,3,3,1,2124667,True,,True,True,
week11_pilot_v1,week11_pilot_v1__run003,incremental_valid_n128_004,24,incremental_valid,128,20388727,efe546e362c9410a66e3fc03538aacd3ba0412dfb548ae051ebd5920ca9ac4a4,33,nested_heavy_valid,64,63,127,1,1,63,62,125,0.984251968503937,0.984251968503937,29,33,33,1028,1124,2152,0.5422020660115898,0,0,0,python_sort,minimal,checked,3,3,2,2750,True,,True,True,
week11_pilot_v1,week11_pilot_v1__run003,incremental_valid_n128_004,24,incremental_valid,128,20388727,efe546e362c9410a66e3fc03538aacd3ba0412dfb548ae051ebd5920ca9ac4a4,33,nested_heavy_valid,64,63,127,1,1,63,62,125,0.984251968503937,0.984251968503937,29,33,33,1028,1124,2152,0.5422020660115898,0,0,0,simplified_jordan_paper_ordinary_list,minimal,checked,3,3,3,2915667,True,,True,True,
week11_pilot_v1,week11_pilot_v1__run003,incremental_valid_n128_004,24,incremental_valid,128,20388727,efe546e362c9410a66e3fc03538aacd3ba0412dfb548ae051ebd5920ca9ac4a4,33,nested_heavy_valid,64,63,127,1,1,63,62,125,0.984251968503937,0.984251968503937,29,33,33,1028,1124,2152,0.5422020660115898,0,0,0,python_sort,minimal,checked,4,4,1,2792,True,,True,True,
week11_pilot_v1,week11_pilot_v1__run003,incremental_valid_n128_004,24,incremental_valid,128,20388727,efe546e362c9410a66e3fc03538aacd3ba0412dfb548ae051ebd5920ca9ac4a4,33,nested_heavy_valid,64,63,127,1,1,63,62,125,0.984251968503937,0.984251968503937,29,33,33,1028,1124,2152,0.5422020660115898,0,0,0,simplified_jordan_paper_ordinary_list,minimal,checked,4,4,2,2875958,True,,True,True,
week11_pilot_v1,week11_pilot_v1__run003,incremental_valid_n128_004,24,incremental_valid,128,20388727,efe546e362c9410a66e3fc03538aacd3ba0412dfb548ae051ebd5920ca9ac4a4,33,nested_heavy_valid,64,63,127,1,1,63,62,125,0.984251968503937,0.984251968503937,29,33,33,1028,1124,2152,0.5422020660115898,0,0,0,simplified_jordan_reference,minimal,checked,4,4,3,2118000,True,,True,True,
week11_pilot_v1,week11_pilot_v1__run003,incremental_valid_n128_004,24,incremental_valid,128,20388727,efe546e362c9410a66e3fc03538aacd3ba0412dfb548ae051ebd5920ca9ac4a4,33,nested_heavy_valid,64,63,127,1,1,63,62,125,0.984251968503937,0.984251968503937,29,33,33,1028,1124,2152,0.5422020660115898,0,0,0,simplified_jordan_paper_ordinary_list,minimal,checked,5,5,1,2911417,True,,True,True,
week11_pilot_v1,week11_pilot_v1__run003,incremental_valid_n128_004,24,incremental_valid,128,20388727,efe546e362c9410a66e3fc03538aacd3ba0412dfb548ae051ebd5920ca9ac4a4,33,nested_heavy_valid,64,63,127,1,1,63,62,125,0.984251968503937,0.984251968503937,29,33,33,1028,1124,2152,0.5422020660115898,0,0,0,simplified_jordan_reference,minimal,checked,5,5,2,2170125,True,,True,True,
week11_pilot_v1,week11_pilot_v1__run003,incremental_valid_n128_004,24,incremental_valid,128,20388727,efe546e362c9410a66e3fc03538aacd3ba0412dfb548ae051ebd5920ca9ac4a4,33,nested_heavy_valid,64,63,127,1,1,63,62,125,0.984251968503937,0.984251968503937,29,33,33,1028,1124,2152,0.5422020660115898,0,0,0,python_sort,minimal,checked,5,5,3,2875,True,,True,True,
week11_pilot_v1,week11_pilot_v1__run003,incremental_valid_n128_004,24,incremental_valid,128,20388727,efe546e362c9410a66e3fc03538aacd3ba0412dfb548ae051ebd5920ca9ac4a4,33,nested_heavy_valid,64,63,127,1,1,63,62,125,0.984251968503937,0.984251968503937,29,33,33,1028,1124,2152,0.5422020660115898,0,0,0,simplified_jordan_reference,minimal,checked,6,6,1,2127292,True,,True,True,
week11_pilot_v1,week11_pilot_v1__run003,incremental_valid_n128_004,24,incremental_valid,128,20388727,efe546e362c9410a66e3fc03538aacd3ba0412dfb548ae051ebd5920ca9ac4a4,33,nested_heavy_valid,64,63,127,1,1,63,62,125,0.984251968503937,0.984251968503937,29,33,33,1028,1124,2152,0.5422020660115898,0,0,0,python_sort,minimal,checked,6,6,2,2625,True,,True,True,
week11_pilot_v1,week11_pilot_v1__run003,incremental_valid_n128_004,24,incremental_valid,128,20388727,efe546e362c9410a66e3fc03538aacd3ba0412dfb548ae051ebd5920ca9ac4a4,33,nested_heavy_valid,64,63,127,1,1,63,62,125,0.984251968503937,0.984251968503937,29,33,33,1028,1124,2152,0.5422020660115898,0,0,0,simplified_jordan_paper_ordinary_list,minimal,checked,6,6,3,2894500,True,,True,True,
week11_pilot_v1,week11_pilot_v1__run003,incremental_valid_n128_004,24,incremental_valid,128,20388727,efe546e362c9410a66e3fc03538aacd3ba0412dfb548ae051ebd5920ca9ac4a4,33,nested_heavy_valid,64,63,127,1,1,63,62,125,0.984251968503937,0.984251968503937,29,33,33,1028,1124,2152,0.5422020660115898,0,0,0,python_sort,minimal,checked,7,7,1,2625,True,,True,True,
week11_pilot_v1,week11_pilot_v1__run003,incremental_valid_n128_004,24,incremental_valid,128,20388727,efe546e362c9410a66e3fc03538aacd3ba0412dfb548ae051ebd5920ca9ac4a4,33,nested_heavy_valid,64,63,127,1,1,63,62,125,0.984251968503937,0.984251968503937,29,33,33,1028,1124,2152,0.5422020660115898,0,0,0,simplified_jordan_paper_ordinary_list,minimal,checked,7,7,2,2902167,True,,True,True,
week11_pilot_v1,week11_pilot_v1__run003,incremental_valid_n128_004,24,incremental_valid,128,20388727,efe546e362c9410a66e3fc03538aacd3ba0412dfb548ae051ebd5920ca9ac4a4,33,nested_heavy_valid,64,63,127,1,1,63,62,125,0.984251968503937,0.984251968503937,29,33,33,1028,1124,2152,0.5422020660115898,0,0,0,simplified_jordan_reference,minimal,checked,7,7,3,2125292,True,,True,True,
week11_pilot_v1,week11_pilot_v1__run003,incremental_valid_n128_004,24,incremental_valid,128,20388727,efe546e362c9410a66e3fc03538aacd3ba0412dfb548ae051ebd5920ca9ac4a4,33,nested_heavy_valid,64,63,127,1,1,63,62,125,0.984251968503937,0.984251968503937,29,33,33,1028,1124,2152,0.5422020660115898,0,0,0,simplified_jordan_paper_ordinary_list,minimal,checked,8,8,1,2897333,True,,True,True,
week11_pilot_v1,week11_pilot_v1__run003,incremental_valid_n128_004,24,incremental_valid,128,20388727,efe546e362c9410a66e3fc03538aacd3ba0412dfb548ae051ebd5920ca9ac4a4,33,nested_heavy_valid,64,63,127,1,1,63,62,125,0.984251968503937,0.984251968503937,29,33,33,1028,1124,2152,0.5422020660115898,0,0,0,simplified_jordan_reference,minimal,checked,8,8,2,2130166,True,,True,True,
week11_pilot_v1,week11_pilot_v1__run003,incremental_valid_n128_004,24,incremental_valid,128,20388727,efe546e362c9410a66e3fc03538aacd3ba0412dfb548ae051ebd5920ca9ac4a4,33,nested_heavy_valid,64,63,127,1,1,63,62,125,0.984251968503937,0.984251968503937,29,33,33,1028,1124,2152,0.5422020660115898,0,0,0,python_sort,minimal,checked,8,8,3,2709,True,,True,True,
week11_pilot_v1,week11_pilot_v1__run003,incremental_valid_n128_004,24,incremental_valid,128,20388727,efe546e362c9410a66e3fc03538aacd3ba0412dfb548ae051ebd5920ca9ac4a4,33,nested_heavy_valid,64,63,127,1,1,63,62,125,0.984251968503937,0.984251968503937,29,33,33,1028,1124,2152,0.5422020660115898,0,0,0,simplified_jordan_reference,minimal,checked,9,9,1,2175958,True,,True,True,
week11_pilot_v1,week11_pilot_v1__run003,incremental_valid_n128_004,24,incremental_valid,128,20388727,efe546e362c9410a66e3fc03538aacd3ba0412dfb548ae051ebd5920ca9ac4a4,33,nested_heavy_valid,64,63,127,1,1,63,62,125,0.984251968503937,0.984251968503937,29,33,33,1028,1124,2152,0.5422020660115898,0,0,0,python_sort,minimal,checked,9,9,2,2750,True,,True,True,
week11_pilot_v1,week11_pilot_v1__run003,incremental_valid_n128_004,24,incremental_valid,128,20388727,efe546e362c9410a66e3fc03538aacd3ba0412dfb548ae051ebd5920ca9ac4a4,33,nested_heavy_valid,64,63,127,1,1,63,62,125,0.984251968503937,0.984251968503937,29,33,33,1028,1124,2152,0.5422020660115898,0,0,0,simplified_jordan_paper_ordinary_list,minimal,checked,9,9,3,2909542,True,,True,True,
week11_pilot_v1,week11_pilot_v1__run003,incremental_valid_n128_004,24,incremental_valid,128,20388727,efe546e362c9410a66e3fc03538aacd3ba0412dfb548ae051ebd5920ca9ac4a4,33,nested_heavy_valid,64,63,127,1,1,63,62,125,0.984251968503937,0.984251968503937,29,33,33,1028,1124,2152,0.5422020660115898,0,0,0,python_sort,minimal,checked,10,10,1,2792,True,,True,True,
week11_pilot_v1,week11_pilot_v1__run003,incremental_valid_n128_004,24,incremental_valid,128,20388727,efe546e362c9410a66e3fc03538aacd3ba0412dfb548ae051ebd5920ca9ac4a4,33,nested_heavy_valid,64,63,127,1,1,63,62,125,0.984251968503937,0.984251968503937,29,33,33,1028,1124,2152,0.5422020660115898,0,0,0,simplified_jordan_paper_ordinary_list,minimal,checked,10,10,2,2906167,True,,True,True,
week11_pilot_v1,week11_pilot_v1__run003,incremental_valid_n128_004,24,incremental_valid,128,20388727,efe546e362c9410a66e3fc03538aacd3ba0412dfb548ae051ebd5920ca9ac4a4,33,nested_heavy_valid,64,63,127,1,1,63,62,125,0.984251968503937,0.984251968503937,29,33,33,1028,1124,2152,0.5422020660115898,0,0,0,simplified_jordan_reference,minimal,checked,10,10,3,2110333,True,,True,True,
week11_pilot_v1,week11_pilot_v1__run003,incremental_valid_n256_005,30,incremental_valid,256,20516728,2c1e105e51e5b92308f709933ca53a7a99d718fd519c1d215b9e71777518bb74,34,nested_heavy_valid,128,127,255,2,2,126,125,251,0.984313725490196,0.984313725490196,53,43,53,2863,2618,5481,0.3398226796453593,0,0,0,simplified_jordan_reference,minimal,checked,1,1,1,7792459,True,,True,True,
week11_pilot_v1,week11_pilot_v1__run003,incremental_valid_n256_005,30,incremental_valid,256,20516728,2c1e105e51e5b92308f709933ca53a7a99d718fd519c1d215b9e71777518bb74,34,nested_heavy_valid,128,127,255,2,2,126,125,251,0.984313725490196,0.984313725490196,53,43,53,2863,2618,5481,0.3398226796453593,0,0,0,simplified_jordan_paper_ordinary_list,minimal,checked,1,1,2,6555000,True,,True,True,
week11_pilot_v1,week11_pilot_v1__run003,incremental_valid_n256_005,30,incremental_valid,256,20516728,2c1e105e51e5b92308f709933ca53a7a99d718fd519c1d215b9e71777518bb74,34,nested_heavy_valid,128,127,255,2,2,126,125,251,0.984313725490196,0.984313725490196,53,43,53,2863,2618,5481,0.3398226796453593,0,0,0,python_sort,minimal,checked,1,1,3,8209,True,,True,True,
week11_pilot_v1,week11_pilot_v1__run003,incremental_valid_n256_005,30,incremental_valid,256,20516728,2c1e105e51e5b92308f709933ca53a7a99d718fd519c1d215b9e71777518bb74,34,nested_heavy_valid,128,127,255,2,2,126,125,251,0.984313725490196,0.984313725490196,53,43,53,2863,2618,5481,0.3398226796453593,0,0,0,simplified_jordan_paper_ordinary_list,minimal,checked,2,2,1,6516750,True,,True,True,
week11_pilot_v1,week11_pilot_v1__run003,incremental_valid_n256_005,30,incremental_valid,256,20516728,2c1e105e51e5b92308f709933ca53a7a99d718fd519c1d215b9e71777518bb74,34,nested_heavy_valid,128,127,255,2,2,126,125,251,0.984313725490196,0.984313725490196,53,43,53,2863,2618,5481,0.3398226796453593,0,0,0,python_sort,minimal,checked,2,2,2,6458,True,,True,True,
week11_pilot_v1,week11_pilot_v1__run003,incremental_valid_n256_005,30,incremental_valid,256,20516728,2c1e105e51e5b92308f709933ca53a7a99d718fd519c1d215b9e71777518bb74,34,nested_heavy_valid,128,127,255,2,2,126,125,251,0.984313725490196,0.984313725490196,53,43,53,2863,2618,5481,0.3398226796453593,0,0,0,simplified_jordan_reference,minimal,checked,2,2,3,7804125,True,,True,True,
week11_pilot_v1,week11_pilot_v1__run003,incremental_valid_n256_005,30,incremental_valid,256,20516728,2c1e105e51e5b92308f709933ca53a7a99d718fd519c1d215b9e71777518bb74,34,nested_heavy_valid,128,127,255,2,2,126,125,251,0.984313725490196,0.984313725490196,53,43,53,2863,2618,5481,0.3398226796453593,0,0,0,python_sort,minimal,checked,3,3,1,4792,True,,True,True,
week11_pilot_v1,week11_pilot_v1__run003,incremental_valid_n256_005,30,incremental_valid,256,20516728,2c1e105e51e5b92308f709933ca53a7a99d718fd519c1d215b9e71777518bb74,34,nested_heavy_valid,128,127,255,2,2,126,125,251,0.984313725490196,0.984313725490196,53,43,53,2863,2618,5481,0.3398226796453593,0,0,0,simplified_jordan_reference,minimal,checked,3,3,2,7878666,True,,True,True,
week11_pilot_v1,week11_pilot_v1__run003,incremental_valid_n256_005,30,incremental_valid,256,20516728,2c1e105e51e5b92308f709933ca53a7a99d718fd519c1d215b9e71777518bb74,34,nested_heavy_valid,128,127,255,2,2,126,125,251,0.984313725490196,0.984313725490196,53,43,53,2863,2618,5481,0.3398226796453593,0,0,0,simplified_jordan_paper_ordinary_list,minimal,checked,3,3,3,6353458,True,,True,True,
week11_pilot_v1,week11_pilot_v1__run003,incremental_valid_n256_005,30,incremental_valid,256,20516728,2c1e105e51e5b92308f709933ca53a7a99d718fd519c1d215b9e71777518bb74,34,nested_heavy_valid,128,127,255,2,2,126,125,251,0.984313725490196,0.984313725490196,53,43,53,2863,2618,5481,0.3398226796453593,0,0,0,simplified_jordan_reference,minimal,checked,4,4,1,7910625,True,,True,True,
week11_pilot_v1,week11_pilot_v1__run003,incremental_valid_n256_005,30,incremental_valid,256,20516728,2c1e105e51e5b92308f709933ca53a7a99d718fd519c1d215b9e71777518bb74,34,nested_heavy_valid,128,127,255,2,2,126,125,251,0.984313725490196,0.984313725490196,53,43,53,2863,2618,5481,0.3398226796453593,0,0,0,simplified_jordan_paper_ordinary_list,minimal,checked,4,4,2,6393125,True,,True,True,
week11_pilot_v1,week11_pilot_v1__run003,incremental_valid_n256_005,30,incremental_valid,256,20516728,2c1e105e51e5b92308f709933ca53a7a99d718fd519c1d215b9e71777518bb74,34,nested_heavy_valid,128,127,255,2,2,126,125,251,0.984313725490196,0.984313725490196,53,43,53,2863,2618,5481,0.3398226796453593,0,0,0,python_sort,minimal,checked,4,4,3,4958,True,,True,True,
week11_pilot_v1,week11_pilot_v1__run003,incremental_valid_n256_005,30,incremental_valid,256,20516728,2c1e105e51e5b92308f709933ca53a7a99d718fd519c1d215b9e71777518bb74,34,nested_heavy_valid,128,127,255,2,2,126,125,251,0.984313725490196,0.984313725490196,53,43,53,2863,2618,5481,0.3398226796453593,0,0,0,simplified_jordan_paper_ordinary_list,minimal,checked,5,5,1,6419500,True,,True,True,
week11_pilot_v1,week11_pilot_v1__run003,incremental_valid_n256_005,30,incremental_valid,256,20516728,2c1e105e51e5b92308f709933ca53a7a99d718fd519c1d215b9e71777518bb74,34,nested_heavy_valid,128,127,255,2,2,126,125,251,0.984313725490196,0.984313725490196,53,43,53,2863,2618,5481,0.3398226796453593,0,0,0,python_sort,minimal,checked,5,5,2,5000,True,,True,True,
week11_pilot_v1,week11_pilot_v1__run003,incremental_valid_n256_005,30,incremental_valid,256,20516728,2c1e105e51e5b92308f709933ca53a7a99d718fd519c1d215b9e71777518bb74,34,nested_heavy_valid,128,127,255,2,2,126,125,251,0.984313725490196,0.984313725490196,53,43,53,2863,2618,5481,0.3398226796453593,0,0,0,simplified_jordan_reference,minimal,checked,5,5,3,7816042,True,,True,True,
week11_pilot_v1,week11_pilot_v1__run003,incremental_valid_n256_005,30,incremental_valid,256,20516728,2c1e105e51e5b92308f709933ca53a7a99d718fd519c1d215b9e71777518bb74,34,nested_heavy_valid,128,127,255,2,2,126,125,251,0.984313725490196,0.984313725490196,53,43,53,2863,2618,5481,0.3398226796453593,0,0,0,python_sort,minimal,checked,6,6,1,4958,True,,True,True,
week11_pilot_v1,week11_pilot_v1__run003,incremental_valid_n256_005,30,incremental_valid,256,20516728,2c1e105e51e5b92308f709933ca53a7a99d718fd519c1d215b9e71777518bb74,34,nested_heavy_valid,128,127,255,2,2,126,125,251,0.984313725490196,0.984313725490196,53,43,53,2863,2618,5481,0.3398226796453593,0,0,0,simplified_jordan_reference,minimal,checked,6,6,2,7803625,True,,True,True,
week11_pilot_v1,week11_pilot_v1__run003,incremental_valid_n256_005,30,incremental_valid,256,20516728,2c1e105e51e5b92308f709933ca53a7a99d718fd519c1d215b9e71777518bb74,34,nested_heavy_valid,128,127,255,2,2,126,125,251,0.984313725490196,0.984313725490196,53,43,53,2863,2618,5481,0.3398226796453593,0,0,0,simplified_jordan_paper_ordinary_list,minimal,checked,6,6,3,6449875,True,,True,True,
week11_pilot_v1,week11_pilot_v1__run003,incremental_valid_n256_005,30,incremental_valid,256,20516728,2c1e105e51e5b92308f709933ca53a7a99d718fd519c1d215b9e71777518bb74,34,nested_heavy_valid,128,127,255,2,2,126,125,251,0.984313725490196,0.984313725490196,53,43,53,2863,2618,5481,0.3398226796453593,0,0,0,simplified_jordan_reference,minimal,checked,7,7,1,7788792,True,,True,True,
week11_pilot_v1,week11_pilot_v1__run003,incremental_valid_n256_005,30,incremental_valid,256,20516728,2c1e105e51e5b92308f709933ca53a7a99d718fd519c1d215b9e71777518bb74,34,nested_heavy_valid,128,127,255,2,2,126,125,251,0.984313725490196,0.984313725490196,53,43,53,2863,2618,5481,0.3398226796453593,0,0,0,simplified_jordan_paper_ordinary_list,minimal,checked,7,7,2,6378375,True,,True,True,
week11_pilot_v1,week11_pilot_v1__run003,incremental_valid_n256_005,30,incremental_valid,256,20516728,2c1e105e51e5b92308f709933ca53a7a99d718fd519c1d215b9e71777518bb74,34,nested_heavy_valid,128,127,255,2,2,126,125,251,0.984313725490196,0.984313725490196,53,43,53,2863,2618,5481,0.3398226796453593,0,0,0,python_sort,minimal,checked,7,7,3,4917,True,,True,True,
week11_pilot_v1,week11_pilot_v1__run003,incremental_valid_n256_005,30,incremental_valid,256,20516728,2c1e105e51e5b92308f709933ca53a7a99d718fd519c1d215b9e71777518bb74,34,nested_heavy_valid,128,127,255,2,2,126,125,251,0.984313725490196,0.984313725490196,53,43,53,2863,2618,5481,0.3398226796453593,0,0,0,simplified_jordan_paper_ordinary_list,minimal,checked,8,8,1,6333583,True,,True,True,
week11_pilot_v1,week11_pilot_v1__run003,incremental_valid_n256_005,30,incremental_valid,256,20516728,2c1e105e51e5b92308f709933ca53a7a99d718fd519c1d215b9e71777518bb74,34,nested_heavy_valid,128,127,255,2,2,126,125,251,0.984313725490196,0.984313725490196,53,43,53,2863,2618,5481,0.3398226796453593,0,0,0,python_sort,minimal,checked,8,8,2,4750,True,,True,True,
week11_pilot_v1,week11_pilot_v1__run003,incremental_valid_n256_005,30,incremental_valid,256,20516728,2c1e105e51e5b92308f709933ca53a7a99d718fd519c1d215b9e71777518bb74,34,nested_heavy_valid,128,127,255,2,2,126,125,251,0.984313725490196,0.984313725490196,53,43,53,2863,2618,5481,0.3398226796453593,0,0,0,simplified_jordan_reference,minimal,checked,8,8,3,7835833,True,,True,True,
week11_pilot_v1,week11_pilot_v1__run003,incremental_valid_n256_005,30,incremental_valid,256,20516728,2c1e105e51e5b92308f709933ca53a7a99d718fd519c1d215b9e71777518bb74,34,nested_heavy_valid,128,127,255,2,2,126,125,251,0.984313725490196,0.984313725490196,53,43,53,2863,2618,5481,0.3398226796453593,0,0,0,python_sort,minimal,checked,9,9,1,4833,True,,True,True,
week11_pilot_v1,week11_pilot_v1__run003,incremental_valid_n256_005,30,incremental_valid,256,20516728,2c1e105e51e5b92308f709933ca53a7a99d718fd519c1d215b9e71777518bb74,34,nested_heavy_valid,128,127,255,2,2,126,125,251,0.984313725490196,0.984313725490196,53,43,53,2863,2618,5481,0.3398226796453593,0,0,0,simplified_jordan_reference,minimal,checked,9,9,2,7755208,True,,True,True,
week11_pilot_v1,week11_pilot_v1__run003,incremental_valid_n256_005,30,incremental_valid,256,20516728,2c1e105e51e5b92308f709933ca53a7a99d718fd519c1d215b9e71777518bb74,34,nested_heavy_valid,128,127,255,2,2,126,125,251,0.984313725490196,0.984313725490196,53,43,53,2863,2618,5481,0.3398226796453593,0,0,0,simplified_jordan_paper_ordinary_list,minimal,checked,9,9,3,6377667,True,,True,True,
week11_pilot_v1,week11_pilot_v1__run003,incremental_valid_n256_005,30,incremental_valid,256,20516728,2c1e105e51e5b92308f709933ca53a7a99d718fd519c1d215b9e71777518bb74,34,nested_heavy_valid,128,127,255,2,2,126,125,251,0.984313725490196,0.984313725490196,53,43,53,2863,2618,5481,0.3398226796453593,0,0,0,simplified_jordan_reference,minimal,checked,10,10,1,7837041,True,,True,True,
week11_pilot_v1,week11_pilot_v1__run003,incremental_valid_n256_005,30,incremental_valid,256,20516728,2c1e105e51e5b92308f709933ca53a7a99d718fd519c1d215b9e71777518bb74,34,nested_heavy_valid,128,127,255,2,2,126,125,251,0.984313725490196,0.984313725490196,53,43,53,2863,2618,5481,0.3398226796453593,0,0,0,simplified_jordan_paper_ordinary_list,minimal,checked,10,10,2,6377000,True,,True,True,
week11_pilot_v1,week11_pilot_v1__run003,incremental_valid_n256_005,30,incremental_valid,256,20516728,2c1e105e51e5b92308f709933ca53a7a99d718fd519c1d215b9e71777518bb74,34,nested_heavy_valid,128,127,255,2,2,126,125,251,0.984313725490196,0.984313725490196,53,43,53,2863,2618,5481,0.3398226796453593,0,0,0,python_sort,minimal,checked,10,10,3,4875,True,,True,True,
week11_pilot_v1,week11_pilot_v1__run003,flat_valid_n32_001,1,flat_valid,32,,4d459b563c403474d2f85cbb867d86fd52e6f44fff3cd9448aaa3ff4efb3f2b7,35,strict_flat,16,15,31,16,15,0,0,0,0.0,0.0,0,0,0,0,0,0,0.0,0,0,0,simplified_jordan_reference,minimal,checked,1,1,1,163083,True,,True,True,
week11_pilot_v1,week11_pilot_v1__run003,flat_valid_n32_001,1,flat_valid,32,,4d459b563c403474d2f85cbb867d86fd52e6f44fff3cd9448aaa3ff4efb3f2b7,35,strict_flat,16,15,31,16,15,0,0,0,0.0,0.0,0,0,0,0,0,0,0.0,0,0,0,simplified_jordan_paper_ordinary_list,minimal,checked,1,1,2,410209,True,,True,True,
week11_pilot_v1,week11_pilot_v1__run003,flat_valid_n32_001,1,flat_valid,32,,4d459b563c403474d2f85cbb867d86fd52e6f44fff3cd9448aaa3ff4efb3f2b7,35,strict_flat,16,15,31,16,15,0,0,0,0.0,0.0,0,0,0,0,0,0,0.0,0,0,0,python_sort,minimal,checked,1,1,3,292,True,,True,True,
week11_pilot_v1,week11_pilot_v1__run003,flat_valid_n32_001,1,flat_valid,32,,4d459b563c403474d2f85cbb867d86fd52e6f44fff3cd9448aaa3ff4efb3f2b7,35,strict_flat,16,15,31,16,15,0,0,0,0.0,0.0,0,0,0,0,0,0,0.0,0,0,0,simplified_jordan_paper_ordinary_list,minimal,checked,2,2,1,403208,True,,True,True,
week11_pilot_v1,week11_pilot_v1__run003,flat_valid_n32_001,1,flat_valid,32,,4d459b563c403474d2f85cbb867d86fd52e6f44fff3cd9448aaa3ff4efb3f2b7,35,strict_flat,16,15,31,16,15,0,0,0,0.0,0.0,0,0,0,0,0,0,0.0,0,0,0,python_sort,minimal,checked,2,2,2,292,True,,True,True,
week11_pilot_v1,week11_pilot_v1__run003,flat_valid_n32_001,1,flat_valid,32,,4d459b563c403474d2f85cbb867d86fd52e6f44fff3cd9448aaa3ff4efb3f2b7,35,strict_flat,16,15,31,16,15,0,0,0,0.0,0.0,0,0,0,0,0,0,0.0,0,0,0,simplified_jordan_reference,minimal,checked,2,2,3,161416,True,,True,True,
week11_pilot_v1,week11_pilot_v1__run003,flat_valid_n32_001,1,flat_valid,32,,4d459b563c403474d2f85cbb867d86fd52e6f44fff3cd9448aaa3ff4efb3f2b7,35,strict_flat,16,15,31,16,15,0,0,0,0.0,0.0,0,0,0,0,0,0,0.0,0,0,0,python_sort,minimal,checked,3,3,1,292,True,,True,True,
week11_pilot_v1,week11_pilot_v1__run003,flat_valid_n32_001,1,flat_valid,32,,4d459b563c403474d2f85cbb867d86fd52e6f44fff3cd9448aaa3ff4efb3f2b7,35,strict_flat,16,15,31,16,15,0,0,0,0.0,0.0,0,0,0,0,0,0,0.0,0,0,0,simplified_jordan_reference,minimal,checked,3,3,2,156417,True,,True,True,
week11_pilot_v1,week11_pilot_v1__run003,flat_valid_n32_001,1,flat_valid,32,,4d459b563c403474d2f85cbb867d86fd52e6f44fff3cd9448aaa3ff4efb3f2b7,35,strict_flat,16,15,31,16,15,0,0,0,0.0,0.0,0,0,0,0,0,0,0.0,0,0,0,simplified_jordan_paper_ordinary_list,minimal,checked,3,3,3,420125,True,,True,True,
week11_pilot_v1,week11_pilot_v1__run003,flat_valid_n32_001,1,flat_valid,32,,4d459b563c403474d2f85cbb867d86fd52e6f44fff3cd9448aaa3ff4efb3f2b7,35,strict_flat,16,15,31,16,15,0,0,0,0.0,0.0,0,0,0,0,0,0,0.0,0,0,0,simplified_jordan_reference,minimal,checked,4,4,1,179625,True,,True,True,
week11_pilot_v1,week11_pilot_v1__run003,flat_valid_n32_001,1,flat_valid,32,,4d459b563c403474d2f85cbb867d86fd52e6f44fff3cd9448aaa3ff4efb3f2b7,35,strict_flat,16,15,31,16,15,0,0,0,0.0,0.0,0,0,0,0,0,0,0.0,0,0,0,simplified_jordan_paper_ordinary_list,minimal,checked,4,4,2,418292,True,,True,True,
week11_pilot_v1,week11_pilot_v1__run003,flat_valid_n32_001,1,flat_valid,32,,4d459b563c403474d2f85cbb867d86fd52e6f44fff3cd9448aaa3ff4efb3f2b7,35,strict_flat,16,15,31,16,15,0,0,0,0.0,0.0,0,0,0,0,0,0,0.0,0,0,0,python_sort,minimal,checked,4,4,3,333,True,,True,True,
week11_pilot_v1,week11_pilot_v1__run003,flat_valid_n32_001,1,flat_valid,32,,4d459b563c403474d2f85cbb867d86fd52e6f44fff3cd9448aaa3ff4efb3f2b7,35,strict_flat,16,15,31,16,15,0,0,0,0.0,0.0,0,0,0,0,0,0,0.0,0,0,0,simplified_jordan_paper_ordinary_list,minimal,checked,5,5,1,404209,True,,True,True,
week11_pilot_v1,week11_pilot_v1__run003,flat_valid_n32_001,1,flat_valid,32,,4d459b563c403474d2f85cbb867d86fd52e6f44fff3cd9448aaa3ff4efb3f2b7,35,strict_flat,16,15,31,16,15,0,0,0,0.0,0.0,0,0,0,0,0,0,0.0,0,0,0,python_sort,minimal,checked,5,5,2,291,True,,True,True,
week11_pilot_v1,week11_pilot_v1__run003,flat_valid_n32_001,1,flat_valid,32,,4d459b563c403474d2f85cbb867d86fd52e6f44fff3cd9448aaa3ff4efb3f2b7,35,strict_flat,16,15,31,16,15,0,0,0,0.0,0.0,0,0,0,0,0,0,0.0,0,0,0,simplified_jordan_reference,minimal,checked,5,5,3,160083,True,,True,True,
week11_pilot_v1,week11_pilot_v1__run003,flat_valid_n32_001,1,flat_valid,32,,4d459b563c403474d2f85cbb867d86fd52e6f44fff3cd9448aaa3ff4efb3f2b7,35,strict_flat,16,15,31,16,15,0,0,0,0.0,0.0,0,0,0,0,0,0,0.0,0,0,0,python_sort,minimal,checked,6,6,1,250,True,,True,True,
week11_pilot_v1,week11_pilot_v1__run003,flat_valid_n32_001,1,flat_valid,32,,4d459b563c403474d2f85cbb867d86fd52e6f44fff3cd9448aaa3ff4efb3f2b7,35,strict_flat,16,15,31,16,15,0,0,0,0.0,0.0,0,0,0,0,0,0,0.0,0,0,0,simplified_jordan_reference,minimal,checked,6,6,2,155625,True,,True,True,
week11_pilot_v1,week11_pilot_v1__run003,flat_valid_n32_001,1,flat_valid,32,,4d459b563c403474d2f85cbb867d86fd52e6f44fff3cd9448aaa3ff4efb3f2b7,35,strict_flat,16,15,31,16,15,0,0,0,0.0,0.0,0,0,0,0,0,0,0.0,0,0,0,simplified_jordan_paper_ordinary_list,minimal,checked,6,6,3,410166,True,,True,True,
week11_pilot_v1,week11_pilot_v1__run003,flat_valid_n32_001,1,flat_valid,32,,4d459b563c403474d2f85cbb867d86fd52e6f44fff3cd9448aaa3ff4efb3f2b7,35,strict_flat,16,15,31,16,15,0,0,0,0.0,0.0,0,0,0,0,0,0,0.0,0,0,0,simplified_jordan_reference,minimal,checked,7,7,1,160500,True,,True,True,
week11_pilot_v1,week11_pilot_v1__run003,flat_valid_n32_001,1,flat_valid,32,,4d459b563c403474d2f85cbb867d86fd52e6f44fff3cd9448aaa3ff4efb3f2b7,35,strict_flat,16,15,31,16,15,0,0,0,0.0,0.0,0,0,0,0,0,0,0.0,0,0,0,simplified_jordan_paper_ordinary_list,minimal,checked,7,7,2,405875,True,,True,True,
week11_pilot_v1,week11_pilot_v1__run003,flat_valid_n32_001,1,flat_valid,32,,4d459b563c403474d2f85cbb867d86fd52e6f44fff3cd9448aaa3ff4efb3f2b7,35,strict_flat,16,15,31,16,15,0,0,0,0.0,0.0,0,0,0,0,0,0,0.0,0,0,0,python_sort,minimal,checked,7,7,3,291,True,,True,True,
week11_pilot_v1,week11_pilot_v1__run003,flat_valid_n32_001,1,flat_valid,32,,4d459b563c403474d2f85cbb867d86fd52e6f44fff3cd9448aaa3ff4efb3f2b7,35,strict_flat,16,15,31,16,15,0,0,0,0.0,0.0,0,0,0,0,0,0,0.0,0,0,0,simplified_jordan_paper_ordinary_list,minimal,checked,8,8,1,401583,True,,True,True,
week11_pilot_v1,week11_pilot_v1__run003,flat_valid_n32_001,1,flat_valid,32,,4d459b563c403474d2f85cbb867d86fd52e6f44fff3cd9448aaa3ff4efb3f2b7,35,strict_flat,16,15,31,16,15,0,0,0,0.0,0.0,0,0,0,0,0,0,0.0,0,0,0,python_sort,minimal,checked,8,8,2,250,True,,True,True,
week11_pilot_v1,week11_pilot_v1__run003,flat_valid_n32_001,1,flat_valid,32,,4d459b563c403474d2f85cbb867d86fd52e6f44fff3cd9448aaa3ff4efb3f2b7,35,strict_flat,16,15,31,16,15,0,0,0,0.0,0.0,0,0,0,0,0,0,0.0,0,0,0,simplified_jordan_reference,minimal,checked,8,8,3,161042,True,,True,True,
week11_pilot_v1,week11_pilot_v1__run003,flat_valid_n32_001,1,flat_valid,32,,4d459b563c403474d2f85cbb867d86fd52e6f44fff3cd9448aaa3ff4efb3f2b7,35,strict_flat,16,15,31,16,15,0,0,0,0.0,0.0,0,0,0,0,0,0,0.0,0,0,0,python_sort,minimal,checked,9,9,1,292,True,,True,True,
week11_pilot_v1,week11_pilot_v1__run003,flat_valid_n32_001,1,flat_valid,32,,4d459b563c403474d2f85cbb867d86fd52e6f44fff3cd9448aaa3ff4efb3f2b7,35,strict_flat,16,15,31,16,15,0,0,0,0.0,0.0,0,0,0,0,0,0,0.0,0,0,0,simplified_jordan_reference,minimal,checked,9,9,2,156042,True,,True,True,
week11_pilot_v1,week11_pilot_v1__run003,flat_valid_n32_001,1,flat_valid,32,,4d459b563c403474d2f85cbb867d86fd52e6f44fff3cd9448aaa3ff4efb3f2b7,35,strict_flat,16,15,31,16,15,0,0,0,0.0,0.0,0,0,0,0,0,0,0.0,0,0,0,simplified_jordan_paper_ordinary_list,minimal,checked,9,9,3,414083,True,,True,True,
week11_pilot_v1,week11_pilot_v1__run003,flat_valid_n32_001,1,flat_valid,32,,4d459b563c403474d2f85cbb867d86fd52e6f44fff3cd9448aaa3ff4efb3f2b7,35,strict_flat,16,15,31,16,15,0,0,0,0.0,0.0,0,0,0,0,0,0,0.0,0,0,0,simplified_jordan_reference,minimal,checked,10,10,1,160417,True,,True,True,
week11_pilot_v1,week11_pilot_v1__run003,flat_valid_n32_001,1,flat_valid,32,,4d459b563c403474d2f85cbb867d86fd52e6f44fff3cd9448aaa3ff4efb3f2b7,35,strict_flat,16,15,31,16,15,0,0,0,0.0,0.0,0,0,0,0,0,0,0.0,0,0,0,simplified_jordan_paper_ordinary_list,minimal,checked,10,10,2,410167,True,,True,True,
week11_pilot_v1,week11_pilot_v1__run003,flat_valid_n32_001,1,flat_valid,32,,4d459b563c403474d2f85cbb867d86fd52e6f44fff3cd9448aaa3ff4efb3f2b7,35,strict_flat,16,15,31,16,15,0,0,0,0.0,0.0,0,0,0,0,0,0,0.0,0,0,0,python_sort,minimal,checked,10,10,3,291,True,,True,True,
